匹配组数: 70 vs 70
按信号名集合完全匹配的组: 70/70
未匹配组（自产 0 个）: []
未匹配组（参考 0 个）: []

=== 采样数/时间范围对比（每组取第一个信号，前 15 组）===
  VCU_9_CRC: 自产 n=115804 t=[0.836,1155.996] 参考 n=115804 t=[0.836,1155.996]
  ADC_4_CRC: 自产 n=115510 t=[0.874,1155.999] 参考 n=115510 t=[0.874,1155.999]
  ADC_TotalRefTorque_A: 自产 n=57755 t=[0.877,1155.979] 参考 n=57755 t=[0.877,1155.979]
  ADC_PAAFuncSt: 自产 n=57754 t=[0.884,1155.990] 参考 n=57754 t=[0.884,1155.990]
  ADAS_RemoterParkingOnlineOrNot: 自产 n=11551 t=[0.906,1155.933] 参考 n=11551 t=[0.906,1155.933]
  ADC_ChargGunHoldReq: 自产 n=11551 t=[0.946,1155.971] 参考 n=11551 t=[0.946,1155.971]
  ADC_SOCWakeupHVReq: 自产 n=11551 t=[0.966,1155.990] 参考 n=11551 t=[0.966,1155.990]
  VCU_DCU_TorqMaxAdas: 自产 n=115804 t=[0.835,1155.995] 参考 n=115804 t=[0.835,1155.995]
  EMS_GasPedalActPstforMRRVD_E: 自产 n=115803 t=[0.841,1155.991] 参考 n=115803 t=[0.841,1155.991]
  BMC_1_CRC: 自产 n=115510 t=[0.869,1155.995] 参考 n=115510 t=[0.869,1155.995]
  DCU_1_CRC: 自产 n=115502 t=[0.877,1155.992] 参考 n=115502 t=[0.877,1155.992]
  IPS_1_CRC: 自产 n=57754 t=[0.883,1155.982] 参考 n=57754 t=[0.883,1155.982]
  HVAC_WindExitSpd: 自产 n=11580 t=[0.903,1155.936] 参考 n=11580 t=[0.903,1155.936]
  IPS_2_CRC: 自产 n=11551 t=[0.908,1155.927] 参考 n=11551 t=[0.908,1155.927]
  VCU_2_CRC: 自产 n=11580 t=[0.921,1155.951] 参考 n=11580 t=[0.921,1155.951]
  (共对比 15 组)

=== 枚举文本逐值详查（≤10 文本信号 × 前 200 点）===
  VCU_BcsDecelEnable (|S10): 一致
  VCU_BcsDecelVD (|S5): 一致
  VCU_CrntGearNoTrans (|S14): 一致
  VCU_ErrorFb (|S17): 一致
  VCU_GearShiftAvl (|S9): 一致
  VCU_MaxRecpTorqFAVD_Hyb (|S5): 一致
  VCU_MaxRecpTorqRAVD_Hyb (|S5): 一致
  VCU_MotorRegenTrqLmtlnDVaild (|S5): 一致
  VCU_PtTqActvSts (|S12): 一致
  VCU_PtTqAvl (|S9): 一致

=== 抽样数值对比（前 8 个共同信号，各取前 200 点）===
  VCU_9_CRC (offset=0.000s): 一致
  ADC_4_CRC (offset=0.000s): 一致
  ADC_TotalRefTorque_A (offset=0.000s): 一致
  VCU_DCU_TorqMaxAdas (offset=0.000s): 一致
  BMC_1_CRC (offset=0.000s): 一致
  DCU_1_CRC (offset=0.000s): 一致
  IPS_1_CRC (offset=0.000s): 一致
  IPS_2_CRC (offset=0.000s): 一致

[报告已写入] outputs\mdf_compare\compare_cmp_20260819_AHT_vs_AHT_20260819_192439.md

=== 判定（header, stats, structure, values）: 3434 处差异 ===
  - header.comment: '<HDcomment>\n<TX/>\n<common_properties/>\n</HDcomment>' vs '<HDcomment>\n<TX/>\n<common_properties>\n<e name="Measurement.UUID">b87b22fe-85c8-4eef-a307-1589f5ee96c8</e>\n<e name="Recorder.UUID">7331eded-21a9-4a26-b557-a510db5a5347</e>\n<e name="Recorder.Name">Logging</e>\n<e name="Recorder.FileIndex">0</e>\n</common_properties>\n</HDcomment>'
  - 组 'VCU_9': 组内信号序不同 ['VCU_9_CRC', 'VCU_9_Counter', 'VCU_DriverTorqueDesired', 'VCU_VehWhlReqTq', 'VCU_TargetRecpTorqNm', 'VCU_MotorRegenTrqLmtlnDVaild', 'VCU_VehWhlReqTqVld', 'VCU_TargetRecpTorqFA_Hyb']... vs ['VCU_9_CRC', 'VCU_9_Counter', 'VCU_DriverTorqueDesired', 'VCU_VehWhlReqTq', 'VCU_VehWhlReqTqVld', 'VCU_MotorRegenTrqLmtlnDVaild', 'VCU_TargetRecpTorqNm', 'VCU_GearShiftAvl']...
  - 组 'VCU_9'.t data_type: 4 vs 0
  - 组 'VCU_9'.t conversion: 'None' vs '<ChannelConversion (name: , unit: s, comment: , formula: , referenced blocks: {}, address: 1344, fields: [\'_cache:None\', \'a:1e-09\', \'address:1344\', \'b:0.0\', \'block_len:96\', \'comment:\', \'comment_addr:0\', \'conversion_type:1\', \'flags:0\', \'formula:\', "id:b\'##CC\'", \'inv_conv_addr:0\', \'is_user_defined:False\', \'links_nr:4\', \'max_phy_value:0.0\', \'min_phy_value:0.0\', \'name:\', \'name_addr:0\', \'precision:0\', \'ref_param_nr:0\', \'referenced_blocks:{}\', \'reserved0:0\', \'unit:s\', \'unit_addr:1312\', \'val_param_nr:2\'])>'
  - 组 'VCU_9'.VCU_9_CRC flags: 0 vs 16
  - 组 'VCU_9'.VCU_9_Counter flags: 0 vs 16
  - 组 'VCU_9'.VCU_DriverTorqueDesired data_type: 4 vs 0
  - 组 'VCU_9'.VCU_DriverTorqueDesired bit_count: 64 vs 16
  - 组 'VCU_9'.VCU_DriverTorqueDesired flags: 0 vs 16
  - 组 'VCU_9'.VCU_DriverTorqueDesired conversion: 'None' vs '<ChannelConversion (name: , unit: Nm, comment: , formula: , referenced blocks: {}, address: 395616, fields: [\'_cache:None\', \'a:1.0\', \'address:395616\', \'b:-32768.0\', \'block_len:96\', \'comment:\', \'comment_addr:0\', \'conversion_type:1\', \'flags:0\', \'formula:\', "id:b\'##CC\'", \'inv_conv_addr:0\', \'is_user_defined:False\', \'links_nr:4\', \'max_phy_value:0.0\', \'min_phy_value:0.0\', \'name:\', \'name_addr:0\', \'precision:0\', \'ref_param_nr:0\', \'referenced_blocks:{}\', \'reserved0:0\', \'unit:Nm\', \'unit_addr:395584\', \'val_param_nr:2\'])>'
  - 组 'VCU_9'.VCU_VehWhlReqTq data_type: 4 vs 0
  - 组 'VCU_9'.VCU_VehWhlReqTq bit_count: 64 vs 16
  - 组 'VCU_9'.VCU_VehWhlReqTq flags: 0 vs 16
  - 组 'VCU_9'.VCU_VehWhlReqTq conversion: 'None' vs '<ChannelConversion (name: , unit: Nm, comment: , formula: , referenced blocks: {}, address: 396152, fields: [\'_cache:None\', \'a:1.0\', \'address:396152\', \'b:-32768.0\', \'block_len:96\', \'comment:\', \'comment_addr:0\', \'conversion_type:1\', \'flags:0\', \'formula:\', "id:b\'##CC\'", \'inv_conv_addr:0\', \'is_user_defined:False\', \'links_nr:4\', \'max_phy_value:0.0\', \'min_phy_value:0.0\', \'name:\', \'name_addr:0\', \'precision:0\', \'ref_param_nr:0\', \'referenced_blocks:{}\', \'reserved0:0\', \'unit:Nm\', \'unit_addr:396120\', \'val_param_nr:2\'])>'
  - 组 'VCU_9'.VCU_TargetRecpTorqNm data_type: 4 vs 0
  - 组 'VCU_9'.VCU_TargetRecpTorqNm bit_count: 64 vs 14
  - 组 'VCU_9'.VCU_TargetRecpTorqNm flags: 0 vs 16
  - 组 'VCU_9'.VCU_TargetRecpTorqNm conversion: 'None' vs '<ChannelConversion (name: , unit: Nm, comment: , formula: , referenced blocks: {}, address: 397944, fields: [\'_cache:None\', \'a:2.0\', \'address:397944\', \'b:0.0\', \'block_len:96\', \'comment:\', \'comment_addr:0\', \'conversion_type:1\', \'flags:0\', \'formula:\', "id:b\'##CC\'", \'inv_conv_addr:0\', \'is_user_defined:False\', \'links_nr:4\', \'max_phy_value:0.0\', \'min_phy_value:0.0\', \'name:\', \'name_addr:0\', \'precision:0\', \'ref_param_nr:0\', \'referenced_blocks:{}\', \'reserved0:0\', \'unit:Nm\', \'unit_addr:397912\', \'val_param_nr:2\'])>'
  - 组 'VCU_9'.VCU_MotorRegenTrqLmtlnDVaild data_type: 7 vs 0
  - 组 'VCU_9'.VCU_MotorRegenTrqLmtlnDVaild bit_count: 64 vs 1
  - 组 'VCU_9'.VCU_MotorRegenTrqLmtlnDVaild flags: 0 vs 16
  - 组 'VCU_9'.VCU_MotorRegenTrqLmtlnDVaild conversion: 'None' vs '<ChannelConversion (name: , unit: , comment: , formula: , referenced blocks: {\'text_0\': b\'Invalid\', \'text_1\': b\'Valid\', \'default_addr\': b\'\'}, address: 397344, fields: [\'_cache:None\', \'address:397344\', \'block_len:120\', \'comment:\', \'comment_addr:0\', \'conversion_type:7\', \'default_addr:0\', \'flags:0\', \'formula:\', "id:b\'##CC\'", \'inv_conv_addr:0\', \'is_user_defined:False\', \'links_nr:7\', \'max_phy_value:0.0\', \'min_phy_value:0.0\', \'name:\', \'name_addr:0\', \'precision:0\', \'ref_param_nr:3\', "referenced_blocks:{\'text_0\': b\'Invalid\', \'text_1\': b\'Valid\', \'default_addr\': b\'\'}", \'reserved0:0\', \'text_0:397280\', \'text_1:397312\', \'unit:\', \'unit_addr:0\', \'val_0:0.0\', \'val_1:1.0\', \'val_param_nr:2\'])>'
  - 组 'VCU_9'.VCU_VehWhlReqTqVld data_type: 7 vs 0
  - 组 'VCU_9'.VCU_VehWhlReqTqVld bit_count: 64 vs 1
  - 组 'VCU_9'.VCU_VehWhlReqTqVld flags: 0 vs 16
  - 组 'VCU_9'.VCU_VehWhlReqTqVld conversion: 'None' vs '<ChannelConversion (name: , unit: , comment: , formula: , referenced blocks: {\'text_0\': b\'Invalid\', \'text_1\': b\'Valid\', \'default_addr\': b\'\'}, address: 396720, fields: [\'_cache:None\', \'address:396720\', \'block_len:120\', \'comment:\', \'comment_addr:0\', \'conversion_type:7\', \'default_addr:0\', \'flags:0\', \'formula:\', "id:b\'##CC\'", \'inv_conv_addr:0\', \'is_user_defined:False\', \'links_nr:7\', \'max_phy_value:0.0\', \'min_phy_value:0.0\', \'name:\', \'name_addr:0\', \'precision:0\', \'ref_param_nr:3\', "referenced_blocks:{\'text_0\': b\'Invalid\', \'text_1\': b\'Valid\', \'default_addr\': b\'\'}", \'reserved0:0\', \'text_0:396656\', \'text_1:396688\', \'unit:\', \'unit_addr:0\', \'val_0:0.0\', \'val_1:1.0\', \'val_param_nr:2\'])>'
  - 组 'VCU_9'.VCU_TargetRecpTorqFA_Hyb bit_count: 16 vs 14
  - 组 'VCU_9'.VCU_TargetRecpTorqFA_Hyb flags: 0 vs 16
  - 组 'VCU_9'.VCU_TargetRecpTorqFA_Hyb conversion: 'None' vs '<ChannelConversion (name: , unit: Nm, comment: , formula: , referenced blocks: {}, address: 399696, fields: [\'_cache:None\', \'address:399696\', \'block_len:80\', \'comment:\', \'comment_addr:0\', \'conversion_type:0\', \'flags:0\', \'formula:\', "id:b\'##CC\'", \'inv_conv_addr:0\', \'is_user_defined:False\', \'links_nr:4\', \'max_phy_value:0.0\', \'min_phy_value:0.0\', \'name:\', \'name_addr:0\', \'precision:0\', \'ref_param_nr:0\', \'referenced_blocks:{}\', \'reserved0:0\', \'unit:Nm\', \'unit_addr:399664\', \'val_param_nr:0\'])>'
  - 组 'VCU_9'.VCU_PtTqActvSts data_type: 7 vs 0
  - 组 'VCU_9'.VCU_PtTqActvSts bit_count: 64 vs 1
  - 组 'VCU_9'.VCU_PtTqActvSts flags: 0 vs 16
  - 组 'VCU_9'.VCU_PtTqActvSts conversion: 'None' vs '<ChannelConversion (name: , unit: , comment: , formula: , referenced blocks: {\'text_0\': b\'Not response\', \'text_1\': b\'Response\', \'default_addr\': b\'\'}, address: 399152, fields: [\'_cache:None\', \'address:399152\', \'block_len:120\', \'comment:\', \'comment_addr:0\', \'conversion_type:7\', \'default_addr:0\', \'flags:0\', \'formula:\', "id:b\'##CC\'", \'inv_conv_addr:0\', \'is_user_defined:False\', \'links_nr:7\', \'max_phy_value:0.0\', \'min_phy_value:0.0\', \'name:\', \'name_addr:0\', \'precision:0\', \'ref_param_nr:3\', "referenced_blocks:{\'text_0\': b\'Not response\', \'text_1\': b\'Response\', \'default_addr\': b\'\'}", \'reserved0:0\', \'text_0:399072\', \'text_1:399112\', \'unit:\', \'unit_addr:0\', \'val_0:0.0\', \'val_1:1.0\', \'val_param_nr:2\'])>'
  - 组 'VCU_9'.VCU_GearShiftAvl data_type: 7 vs 0
  - 组 'VCU_9'.VCU_GearShiftAvl bit_count: 64 vs 1
  - 组 'VCU_9'.VCU_GearShiftAvl flags: 0 vs 16
  - 组 'VCU_9'.VCU_GearShiftAvl conversion: 'None' vs '<ChannelConversion (name: , unit: , comment: , formula: , referenced blocks: {\'text_0\': b\'not available\', \'text_1\': b\'available\', \'default_addr\': b\'\'}, address: 398544, fields: [\'_cache:None\', \'address:398544\', \'block_len:120\', \'comment:\', \'comment_addr:0\', \'conversion_type:7\', \'default_addr:0\', \'flags:0\', \'formula:\', "id:b\'##CC\'", \'inv_conv_addr:0\', \'is_user_defined:False\', \'links_nr:7\', \'max_phy_value:0.0\', \'min_phy_value:0.0\', \'name:\', \'name_addr:0\', \'precision:0\', \'ref_param_nr:3\', "referenced_blocks:{\'text_0\': b\'not available\', \'text_1\': b\'available\', \'default_addr\': b\'\'}", \'reserved0:0\', \'text_0:398464\', \'text_1:398504\', \'unit:\', \'unit_addr:0\', \'val_0:0.0\', \'val_1:1.0\', \'val_param_nr:2\'])>'
  - 组 'VCU_9'.VCU_TargetRecpTorqRA_Hyb bit_count: 16 vs 14
  - 组 'VCU_9'.VCU_TargetRecpTorqRA_Hyb flags: 0 vs 16
  - 组 'VCU_9'.VCU_TargetRecpTorqRA_Hyb conversion: 'None' vs '<ChannelConversion (name: , unit: Nm, comment: , formula: , referenced blocks: {}, address: 400936, fields: [\'_cache:None\', \'address:400936\', \'block_len:80\', \'comment:\', \'comment_addr:0\', \'conversion_type:0\', \'flags:0\', \'formula:\', "id:b\'##CC\'", \'inv_conv_addr:0\', \'is_user_defined:False\', \'links_nr:4\', \'max_phy_value:0.0\', \'min_phy_value:0.0\', \'name:\', \'name_addr:0\', \'precision:0\', \'ref_param_nr:0\', \'referenced_blocks:{}\', \'reserved0:0\', \'unit:Nm\', \'unit_addr:400904\', \'val_param_nr:0\'])>'
  - 组 'VCU_9'.VCU_PtTqAvl data_type: 7 vs 0
  - 组 'VCU_9'.VCU_PtTqAvl bit_count: 64 vs 2
  - 组 'VCU_9'.VCU_PtTqAvl flags: 0 vs 16
  - 组 'VCU_9'.VCU_PtTqAvl conversion: 'None' vs '<ChannelConversion (name: , unit: , comment: , formula: , referenced blocks: {\'text_0\': b\'not available\', \'text_1\': b\'available\', \'text_2\': b\'available degraded\', \'default_addr\': b\'\'}, address: 400344, fields: [\'_cache:None\', \'address:400344\', \'block_len:136\', \'comment:\', \'comment_addr:0\', \'conversion_type:7\', \'default_addr:0\', \'flags:0\', \'formula:\', "id:b\'##CC\'", \'inv_conv_addr:0\', \'is_user_defined:False\', \'links_nr:8\', \'max_phy_value:0.0\', \'min_phy_value:0.0\', \'name:\', \'name_addr:0\', \'precision:0\', \'ref_param_nr:4\', "referenced_blocks:{\'text_0\': b\'not available\', \'text_1\': b\'available\', \'text_2\': b\'available degraded\', \'default_addr\': b\'\'}", \'reserved0:0\', \'text_0:400216\', \'text_1:400256\', \'text_2:400296\', \'unit:\', \'unit_addr:0\', \'val_0:0.0\', \'val_1:1.0\', \'val_2:2.0\', \'val_param_nr:3\'])>'
  - 组 'VCU_9'.VCU_TorqDriverReqFA_Hyb bit_count: 16 vs 14
  - 组 'VCU_9'.VCU_TorqDriverReqFA_Hyb flags: 0 vs 16
  - 组 'VCU_9'.VCU_TorqDriverReqFA_Hyb conversion: 'None' vs '<ChannelConversion (name: , unit: Nm, comment: , formula: , referenced blocks: {}, address: 402152, fields: [\'_cache:None\', \'address:402152\', \'block_len:80\', \'comment:\', \'comment_addr:0\', \'conversion_type:0\', \'flags:0\', \'formula:\', "id:b\'##CC\'", \'inv_conv_addr:0\', \'is_user_defined:False\', \'links_nr:4\', \'max_phy_value:0.0\', \'min_phy_value:0.0\', \'name:\', \'name_addr:0\', \'precision:0\', \'ref_param_nr:0\', \'referenced_blocks:{}\', \'reserved0:0\', \'unit:Nm\', \'unit_addr:402120\', \'val_param_nr:0\'])>'
  - 组 'VCU_9'.VCU_TargetRecpTorqSt data_type: 7 vs 0
  - 组 'VCU_9'.VCU_TargetRecpTorqSt bit_count: 64 vs 2
  - 组 'VCU_9'.VCU_TargetRecpTorqSt flags: 0 vs 16
  - 组 'VCU_9'.VCU_TargetRecpTorqSt conversion: 'None' vs '<ChannelConversion (name: , unit: , comment: , formula: , referenced blocks: {\'text_0\': b\'NotIntialized\', \'text_1\': b\'Normal\', \'text_2\': b\'Faulty\', \'default_addr\': b\'\'}, address: 401560, fields: [\'_cache:None\', \'address:401560\', \'block_len:136\', \'comment:\', \'comment_addr:0\', \'conversion_type:7\', \'default_addr:0\', \'flags:0\', \'formula:\', "id:b\'##CC\'", \'inv_conv_addr:0\', \'is_user_defined:False\', \'links_nr:8\', \'max_phy_value:0.0\', \'min_phy_value:0.0\', \'name:\', \'name_addr:0\', \'precision:0\', \'ref_param_nr:4\', "referenced_blocks:{\'text_0\': b\'NotIntialized\', \'text_1\': b\'Normal\', \'text_2\': b\'Faulty\', \'default_addr\': b\'\'}", \'reserved0:0\', \'text_0:401456\', \'text_1:401496\', \'text_2:401528\', \'unit:\', \'unit_addr:0\', \'val_0:0.0\', \'val_1:1.0\', \'val_2:2.0\', \'val_param_nr:3\'])>'
  - 组 'VCU_9'.VCU_TorqDriverReqRA_Hyb bit_count: 16 vs 14
  - 组 'VCU_9'.VCU_TorqDriverReqRA_Hyb flags: 0 vs 16
  - 组 'VCU_9'.VCU_TorqDriverReqRA_Hyb conversion: 'None' vs '<ChannelConversion (name: , unit: Nm, comment: , formula: , referenced blocks: {}, address: 403952, fields: [\'_cache:None\', \'address:403952\', \'block_len:80\', \'comment:\', \'comment_addr:0\', \'conversion_type:0\', \'flags:0\', \'formula:\', "id:b\'##CC\'", \'inv_conv_addr:0\', \'is_user_defined:False\', \'links_nr:4\', \'max_phy_value:0.0\', \'min_phy_value:0.0\', \'name:\', \'name_addr:0\', \'precision:0\', \'ref_param_nr:0\', \'referenced_blocks:{}\', \'reserved0:0\', \'unit:Nm\', \'unit_addr:403920\', \'val_param_nr:0\'])>'
  - 组 'VCU_9'.VCU_TargetRecpTorqRAVD_Hyb data_type: 7 vs 0
  - 组 'VCU_9'.VCU_TargetRecpTorqRAVD_Hyb bit_count: 64 vs 1
  - 组 'VCU_9'.VCU_TargetRecpTorqRAVD_Hyb flags: 0 vs 16
  - 组 'VCU_9'.VCU_TargetRecpTorqRAVD_Hyb conversion: 'None' vs '<ChannelConversion (name: , unit: , comment: , formula: , referenced blocks: {\'text_0\': b\'Invalid\', \'text_1\': b\'Valid\', \'default_addr\': b\'\'}, address: 403352, fields: [\'_cache:None\', \'address:403352\', \'block_len:120\', \'comment:\', \'comment_addr:0\', \'conversion_type:7\', \'default_addr:0\', \'flags:0\', \'formula:\', "id:b\'##CC\'", \'inv_conv_addr:0\', \'is_user_defined:False\', \'links_nr:7\', \'max_phy_value:0.0\', \'min_phy_value:0.0\', \'name:\', \'name_addr:0\', \'precision:0\', \'ref_param_nr:3\', "referenced_blocks:{\'text_0\': b\'Invalid\', \'text_1\': b\'Valid\', \'default_addr\': b\'\'}", \'reserved0:0\', \'text_0:403288\', \'text_1:403320\', \'unit:\', \'unit_addr:0\', \'val_0:0.0\', \'val_1:1.0\', \'val_param_nr:2\'])>'
  - 组 'VCU_9'.VCU_TargetRecpTorqFAVD_Hyb data_type: 7 vs 0
  - 组 'VCU_9'.VCU_TargetRecpTorqFAVD_Hyb bit_count: 64 vs 1
  - 组 'VCU_9'.VCU_TargetRecpTorqFAVD_Hyb flags: 0 vs 16
  - 组 'VCU_9'.VCU_TargetRecpTorqFAVD_Hyb conversion: 'None' vs '<ChannelConversion (name: , unit: , comment: , formula: , referenced blocks: {\'text_0\': b\'Invalid\', \'text_1\': b\'Valid\', \'default_addr\': b\'\'}, address: 402720, fields: [\'_cache:None\', \'address:402720\', \'block_len:120\', \'comment:\', \'comment_addr:0\', \'conversion_type:7\', \'default_addr:0\', \'flags:0\', \'formula:\', "id:b\'##CC\'", \'inv_conv_addr:0\', \'is_user_defined:False\', \'links_nr:7\', \'max_phy_value:0.0\', \'min_phy_value:0.0\', \'name:\', \'name_addr:0\', \'precision:0\', \'ref_param_nr:3\', "referenced_blocks:{\'text_0\': b\'Invalid\', \'text_1\': b\'Valid\', \'default_addr\': b\'\'}", \'reserved0:0\', \'text_0:402656\', \'text_1:402688\', \'unit:\', \'unit_addr:0\', \'val_0:0.0\', \'val_1:1.0\', \'val_param_nr:2\'])>'
  - 组 'VCU_9'.VCU_VehActDrvTorqFA_Hyb bit_count: 16 vs 14
  - 组 'VCU_9'.VCU_VehActDrvTorqFA_Hyb flags: 0 vs 16
  - 组 'VCU_9'.VCU_VehActDrvTorqFA_Hyb conversion: 'None' vs '<ChannelConversion (name: , unit: Nm, comment: , formula: , referenced blocks: {}, address: 405712, fields: [\'_cache:None\', \'address:405712\', \'block_len:80\', \'comment:\', \'comment_addr:0\', \'conversion_type:0\', \'flags:0\', \'formula:\', "id:b\'##CC\'", \'inv_conv_addr:0\', \'is_user_defined:False\', \'links_nr:4\', \'max_phy_value:0.0\', \'min_phy_value:0.0\', \'name:\', \'name_addr:0\', \'precision:0\', \'ref_param_nr:0\', \'referenced_blocks:{}\', \'reserved0:0\', \'unit:Nm\', \'unit_addr:405680\', \'val_param_nr:0\'])>'
  - 组 'VCU_9'.VCU_TorqDriverReqRAVD data_type: 7 vs 0
  - 组 'VCU_9'.VCU_TorqDriverReqRAVD bit_count: 64 vs 1
  - 组 'VCU_9'.VCU_TorqDriverReqRAVD flags: 0 vs 16
  - 组 'VCU_9'.VCU_TorqDriverReqRAVD conversion: 'None' vs '<ChannelConversion (name: , unit: , comment: , formula: , referenced blocks: {\'text_0\': b\'Invalid\', \'text_1\': b\'Valid\', \'default_addr\': b\'\'}, address: 405128, fields: [\'_cache:None\', \'address:405128\', \'block_len:120\', \'comment:\', \'comment_addr:0\', \'conversion_type:7\', \'default_addr:0\', \'flags:0\', \'formula:\', "id:b\'##CC\'", \'inv_conv_addr:0\', \'is_user_defined:False\', \'links_nr:7\', \'max_phy_value:0.0\', \'min_phy_value:0.0\', \'name:\', \'name_addr:0\', \'precision:0\', \'ref_param_nr:3\', "referenced_blocks:{\'text_0\': b\'Invalid\', \'text_1\': b\'Valid\', \'default_addr\': b\'\'}", \'reserved0:0\', \'text_0:405064\', \'text_1:405096\', \'unit:\', \'unit_addr:0\', \'val_0:0.0\', \'val_1:1.0\', \'val_param_nr:2\'])>'
  - 组 'VCU_9'.VCU_TorqDriverReqFAVD data_type: 7 vs 0
  - 组 'VCU_9'.VCU_TorqDriverReqFAVD bit_count: 64 vs 1
  - 组 'VCU_9'.VCU_TorqDriverReqFAVD flags: 0 vs 16
  - 组 'VCU_9'.VCU_TorqDriverReqFAVD conversion: 'None' vs '<ChannelConversion (name: , unit: , comment: , formula: , referenced blocks: {\'text_0\': b\'Invalid\', \'text_1\': b\'Valid\', \'default_addr\': b\'\'}, address: 404512, fields: [\'_cache:None\', \'address:404512\', \'block_len:120\', \'comment:\', \'comment_addr:0\', \'conversion_type:7\', \'default_addr:0\', \'flags:0\', \'formula:\', "id:b\'##CC\'", \'inv_conv_addr:0\', \'is_user_defined:False\', \'links_nr:7\', \'max_phy_value:0.0\', \'min_phy_value:0.0\', \'name:\', \'name_addr:0\', \'precision:0\', \'ref_param_nr:3\', "referenced_blocks:{\'text_0\': b\'Invalid\', \'text_1\': b\'Valid\', \'default_addr\': b\'\'}", \'reserved0:0\', \'text_0:404448\', \'text_1:404480\', \'unit:\', \'unit_addr:0\', \'val_0:0.0\', \'val_1:1.0\', \'val_param_nr:2\'])>'
  - 组 'VCU_9'.VCU_VehActDrvTorqRA_Hyb bit_count: 16 vs 14
  - 组 'VCU_9'.VCU_VehActDrvTorqRA_Hyb flags: 0 vs 16
  - 组 'VCU_9'.VCU_VehActDrvTorqRA_Hyb conversion: 'None' vs '<ChannelConversion (name: , unit: Nm, comment: , formula: , referenced blocks: {}, address: 407496, fields: [\'_cache:None\', \'address:407496\', \'block_len:80\', \'comment:\', \'comment_addr:0\', \'conversion_type:0\', \'flags:0\', \'formula:\', "id:b\'##CC\'", \'inv_conv_addr:0\', \'is_user_defined:False\', \'links_nr:4\', \'max_phy_value:0.0\', \'min_phy_value:0.0\', \'name:\', \'name_addr:0\', \'precision:0\', \'ref_param_nr:0\', \'referenced_blocks:{}\', \'reserved0:0\', \'unit:Nm\', \'unit_addr:407464\', \'val_param_nr:0\'])>'
  - 组 'VCU_9'.VCU_VehActDrvTorqRAVD_Hyb data_type: 7 vs 0
  - 组 'VCU_9'.VCU_VehActDrvTorqRAVD_Hyb bit_count: 64 vs 1
  - 组 'VCU_9'.VCU_VehActDrvTorqRAVD_Hyb flags: 0 vs 16
  - 组 'VCU_9'.VCU_VehActDrvTorqRAVD_Hyb conversion: 'None' vs '<ChannelConversion (name: , unit: , comment: , formula: , referenced blocks: {\'text_0\': b\'Invalid\', \'text_1\': b\'Valid\', \'default_addr\': b\'\'}, address: 406904, fields: [\'_cache:None\', \'address:406904\', \'block_len:120\', \'comment:\', \'comment_addr:0\', \'conversion_type:7\', \'default_addr:0\', \'flags:0\', \'formula:\', "id:b\'##CC\'", \'inv_conv_addr:0\', \'is_user_defined:False\', \'links_nr:7\', \'max_phy_value:0.0\', \'min_phy_value:0.0\', \'name:\', \'name_addr:0\', \'precision:0\', \'ref_param_nr:3\', "referenced_blocks:{\'text_0\': b\'Invalid\', \'text_1\': b\'Valid\', \'default_addr\': b\'\'}", \'reserved0:0\', \'text_0:406840\', \'text_1:406872\', \'unit:\', \'unit_addr:0\', \'val_0:0.0\', \'val_1:1.0\', \'val_param_nr:2\'])>'
  - 组 'VCU_9'.VCU_VehActDrvTorqFAVD_Hyb data_type: 7 vs 0
  - 组 'VCU_9'.VCU_VehActDrvTorqFAVD_Hyb bit_count: 64 vs 1
  - 组 'VCU_9'.VCU_VehActDrvTorqFAVD_Hyb flags: 0 vs 16
  - 组 'VCU_9'.VCU_VehActDrvTorqFAVD_Hyb conversion: 'None' vs '<ChannelConversion (name: , unit: , comment: , formula: , referenced blocks: {\'text_0\': b\'Invalid\', \'text_1\': b\'Valid\', \'default_addr\': b\'\'}, address: 406280, fields: [\'_cache:None\', \'address:406280\', \'block_len:120\', \'comment:\', \'comment_addr:0\', \'conversion_type:7\', \'default_addr:0\', \'flags:0\', \'formula:\', "id:b\'##CC\'", \'inv_conv_addr:0\', \'is_user_defined:False\', \'links_nr:7\', \'max_phy_value:0.0\', \'min_phy_value:0.0\', \'name:\', \'name_addr:0\', \'precision:0\', \'ref_param_nr:3\', "referenced_blocks:{\'text_0\': b\'Invalid\', \'text_1\': b\'Valid\', \'default_addr\': b\'\'}", \'reserved0:0\', \'text_0:406216\', \'text_1:406248\', \'unit:\', \'unit_addr:0\', \'val_0:0.0\', \'val_1:1.0\', \'val_param_nr:2\'])>'
  - 组 'VCU_9'.VCU_RecpTorqNm bit_count: 16 vs 14
  - 组 'VCU_9'.VCU_RecpTorqNm flags: 0 vs 16
  - 组 'VCU_9'.VCU_RecpTorqNm conversion: 'None' vs '<ChannelConversion (name: , unit: Nm, comment: , formula: , referenced blocks: {}, address: 409232, fields: [\'_cache:None\', \'address:409232\', \'block_len:80\', \'comment:\', \'comment_addr:0\', \'conversion_type:0\', \'flags:0\', \'formula:\', "id:b\'##CC\'", \'inv_conv_addr:0\', \'is_user_defined:False\', \'links_nr:4\', \'max_phy_value:0.0\', \'min_phy_value:0.0\', \'name:\', \'name_addr:0\', \'precision:0\', \'ref_param_nr:0\', \'referenced_blocks:{}\', \'reserved0:0\', \'unit:Nm\', \'unit_addr:409200\', \'val_param_nr:0\'])>'
  - 组 'VCU_9'.VCU_BcsDecelEnable data_type: 7 vs 0
  - 组 'VCU_9'.VCU_BcsDecelEnable bit_count: 64 vs 1
  - 组 'VCU_9'.VCU_BcsDecelEnable flags: 0 vs 16
  - 组 'VCU_9'.VCU_BcsDecelEnable conversion: 'None' vs '<ChannelConversion (name: , unit: , comment: , formula: , referenced blocks: {\'text_0\': b\'Not active\', \'text_1\': b\'Active\', \'default_addr\': b\'\'}, address: 408672, fields: [\'_cache:None\', \'address:408672\', \'block_len:120\', \'comment:\', \'comment_addr:0\', \'conversion_type:7\', \'default_addr:0\', \'flags:0\', \'formula:\', "id:b\'##CC\'", \'inv_conv_addr:0\', \'is_user_defined:False\', \'links_nr:7\', \'max_phy_value:0.0\', \'min_phy_value:0.0\', \'name:\', \'name_addr:0\', \'precision:0\', \'ref_param_nr:3\', "referenced_blocks:{\'text_0\': b\'Not active\', \'text_1\': b\'Active\', \'default_addr\': b\'\'}", \'reserved0:0\', \'text_0:408600\', \'text_1:408640\', \'unit:\', \'unit_addr:0\', \'val_0:0.0\', \'val_1:1.0\', \'val_param_nr:2\'])>'
  - 组 'VCU_9'.VCU_BcsDecelVD data_type: 7 vs 0
  - 组 'VCU_9'.VCU_BcsDecelVD bit_count: 64 vs 1
  - 组 'VCU_9'.VCU_BcsDecelVD flags: 0 vs 16
  - 组 'VCU_9'.VCU_BcsDecelVD conversion: 'None' vs '<ChannelConversion (name: , unit: , comment: , formula: , referenced blocks: {\'text_0\': b\'Invalid\', \'text_1\': b\'Valid\', \'default_addr\': b\'\'}, address: 408064, fields: [\'_cache:None\', \'address:408064\', \'block_len:120\', \'comment:\', \'comment_addr:0\', \'conversion_type:7\', \'default_addr:0\', \'flags:0\', \'formula:\', "id:b\'##CC\'", \'inv_conv_addr:0\', \'is_user_defined:False\', \'links_nr:7\', \'max_phy_value:0.0\', \'min_phy_value:0.0\', \'name:\', \'name_addr:0\', \'precision:0\', \'ref_param_nr:3\', "referenced_blocks:{\'text_0\': b\'Invalid\', \'text_1\': b\'Valid\', \'default_addr\': b\'\'}", \'reserved0:0\', \'text_0:408000\', \'text_1:408032\', \'unit:\', \'unit_addr:0\', \'val_0:0.0\', \'val_1:1.0\', \'val_param_nr:2\'])>'
  - 组 'VCU_9'.VCU_RecpTorqFA_Hyb bit_count: 16 vs 14
  - 组 'VCU_9'.VCU_RecpTorqFA_Hyb flags: 0 vs 16
  - 组 'VCU_9'.VCU_RecpTorqFA_Hyb conversion: 'None' vs '<ChannelConversion (name: , unit: Nm, comment: , formula: , referenced blocks: {}, address: 410416, fields: [\'_cache:None\', \'address:410416\', \'block_len:80\', \'comment:\', \'comment_addr:0\', \'conversion_type:0\', \'flags:0\', \'formula:\', "id:b\'##CC\'", \'inv_conv_addr:0\', \'is_user_defined:False\', \'links_nr:4\', \'max_phy_value:0.0\', \'min_phy_value:0.0\', \'name:\', \'name_addr:0\', \'precision:0\', \'ref_param_nr:0\', \'referenced_blocks:{}\', \'reserved0:0\', \'unit:Nm\', \'unit_addr:410384\', \'val_param_nr:0\'])>'
  - 组 'VCU_9'.VCU_RecpTorqSt data_type: 7 vs 0
  - 组 'VCU_9'.VCU_RecpTorqSt bit_count: 64 vs 2
  - 组 'VCU_9'.VCU_RecpTorqSt flags: 0 vs 16
  - 组 'VCU_9'.VCU_RecpTorqSt conversion: 'None' vs '<ChannelConversion (name: , unit: , comment: , formula: , referenced blocks: {\'text_0\': b\'NotIntialized\', \'text_1\': b\'Normal\', \'text_2\': b\'Faulty\', \'default_addr\': b\'\'}, address: 409832, fields: [\'_cache:None\', \'address:409832\', \'block_len:136\', \'comment:\', \'comment_addr:0\', \'conversion_type:7\', \'default_addr:0\', \'flags:0\', \'formula:\', "id:b\'##CC\'", \'inv_conv_addr:0\', \'is_user_defined:False\', \'links_nr:8\', \'max_phy_value:0.0\', \'min_phy_value:0.0\', \'name:\', \'name_addr:0\', \'precision:0\', \'ref_param_nr:4\', "referenced_blocks:{\'text_0\': b\'NotIntialized\', \'text_1\': b\'Normal\', \'text_2\': b\'Faulty\', \'default_addr\': b\'\'}", \'reserved0:0\', \'text_0:409728\', \'text_1:409768\', \'text_2:409800\', \'unit:\', \'unit_addr:0\', \'val_0:0.0\', \'val_1:1.0\', \'val_2:2.0\', \'val_param_nr:3\'])>'
  - 组 'VCU_9'.VCU_RecpTorqRA_Hyb bit_count: 16 vs 14
  - 组 'VCU_9'.VCU_RecpTorqRA_Hyb flags: 0 vs 16
  - 组 'VCU_9'.VCU_RecpTorqRA_Hyb conversion: 'None' vs '<ChannelConversion (name: , unit: Nm, comment: , formula: , referenced blocks: {}, address: 412200, fields: [\'_cache:None\', \'address:412200\', \'block_len:80\', \'comment:\', \'comment_addr:0\', \'conversion_type:0\', \'flags:0\', \'formula:\', "id:b\'##CC\'", \'inv_conv_addr:0\', \'is_user_defined:False\', \'links_nr:4\', \'max_phy_value:0.0\', \'min_phy_value:0.0\', \'name:\', \'name_addr:0\', \'precision:0\', \'ref_param_nr:0\', \'referenced_blocks:{}\', \'reserved0:0\', \'unit:Nm\', \'unit_addr:412168\', \'val_param_nr:0\'])>'
  - 组 'VCU_9'.VCU_RecpTorqRAVD_Hyb data_type: 7 vs 0
  - 组 'VCU_9'.VCU_RecpTorqRAVD_Hyb bit_count: 64 vs 1
  - 组 'VCU_9'.VCU_RecpTorqRAVD_Hyb flags: 0 vs 16
  - 组 'VCU_9'.VCU_RecpTorqRAVD_Hyb conversion: 'None' vs '<ChannelConversion (name: , unit: , comment: , formula: , referenced blocks: {\'text_0\': b\'Invalid\', \'text_1\': b\'Valid\', \'default_addr\': b\'\'}, address: 411608, fields: [\'_cache:None\', \'address:411608\', \'block_len:120\', \'comment:\', \'comment_addr:0\', \'conversion_type:7\', \'default_addr:0\', \'flags:0\', \'formula:\', "id:b\'##CC\'", \'inv_conv_addr:0\', \'is_user_defined:False\', \'links_nr:7\', \'max_phy_value:0.0\', \'min_phy_value:0.0\', \'name:\', \'name_addr:0\', \'precision:0\', \'ref_param_nr:3\', "referenced_blocks:{\'text_0\': b\'Invalid\', \'text_1\': b\'Valid\', \'default_addr\': b\'\'}", \'reserved0:0\', \'text_0:411544\', \'text_1:411576\', \'unit:\', \'unit_addr:0\', \'val_0:0.0\', \'val_1:1.0\', \'val_param_nr:2\'])>'
  - 组 'VCU_9'.VCU_RecpTorqFAVD_Hyb data_type: 7 vs 0
  - 组 'VCU_9'.VCU_RecpTorqFAVD_Hyb bit_count: 64 vs 1
  - 组 'VCU_9'.VCU_RecpTorqFAVD_Hyb flags: 0 vs 16
  - 组 'VCU_9'.VCU_RecpTorqFAVD_Hyb conversion: 'None' vs '<ChannelConversion (name: , unit: , comment: , formula: , referenced blocks: {\'text_0\': b\'Invalid\', \'text_1\': b\'Valid\', \'default_addr\': b\'\'}, address: 410984, fields: [\'_cache:None\', \'address:410984\', \'block_len:120\', \'comment:\', \'comment_addr:0\', \'conversion_type:7\', \'default_addr:0\', \'flags:0\', \'formula:\', "id:b\'##CC\'", \'inv_conv_addr:0\', \'is_user_defined:False\', \'links_nr:7\', \'max_phy_value:0.0\', \'min_phy_value:0.0\', \'name:\', \'name_addr:0\', \'precision:0\', \'ref_param_nr:3\', "referenced_blocks:{\'text_0\': b\'Invalid\', \'text_1\': b\'Valid\', \'default_addr\': b\'\'}", \'reserved0:0\', \'text_0:410920\', \'text_1:410952\', \'unit:\', \'unit_addr:0\', \'val_0:0.0\', \'val_1:1.0\', \'val_param_nr:2\'])>'
  - 组 'VCU_9'.VCU_MaxRecpTorqFA_Hyb bit_count: 16 vs 14
  - 组 'VCU_9'.VCU_MaxRecpTorqFA_Hyb flags: 0 vs 16
  - 组 'VCU_9'.VCU_MaxRecpTorqFA_Hyb conversion: 'None' vs '<ChannelConversion (name: , unit: Nm, comment: , formula: , referenced blocks: {}, address: 414000, fields: [\'_cache:None\', \'address:414000\', \'block_len:80\', \'comment:\', \'comment_addr:0\', \'conversion_type:0\', \'flags:0\', \'formula:\', "id:b\'##CC\'", \'inv_conv_addr:0\', \'is_user_defined:False\', \'links_nr:4\', \'max_phy_value:0.0\', \'min_phy_value:0.0\', \'name:\', \'name_addr:0\', \'precision:0\', \'ref_param_nr:0\', \'referenced_blocks:{}\', \'reserved0:0\', \'unit:Nm\', \'unit_addr:413968\', \'val_param_nr:0\'])>'
  - 组 'VCU_9'.VCU_MaxRecpTorqRAVD_Hyb data_type: 7 vs 0
  - 组 'VCU_9'.VCU_MaxRecpTorqRAVD_Hyb bit_count: 64 vs 1
  - 组 'VCU_9'.VCU_MaxRecpTorqRAVD_Hyb flags: 0 vs 16
  - 组 'VCU_9'.VCU_MaxRecpTorqRAVD_Hyb conversion: 'None' vs '<ChannelConversion (name: , unit: , comment: , formula: , referenced blocks: {\'text_0\': b\'Not valid\', \'text_1\': b\'Valid\', \'default_addr\': b\'\'}, address: 413408, fields: [\'_cache:None\', \'address:413408\', \'block_len:120\', \'comment:\', \'comment_addr:0\', \'conversion_type:7\', \'default_addr:0\', \'flags:0\', \'formula:\', "id:b\'##CC\'", \'inv_conv_addr:0\', \'is_user_defined:False\', \'links_nr:7\', \'max_phy_value:0.0\', \'min_phy_value:0.0\', \'name:\', \'name_addr:0\', \'precision:0\', \'ref_param_nr:3\', "referenced_blocks:{\'text_0\': b\'Not valid\', \'text_1\': b\'Valid\', \'default_addr\': b\'\'}", \'reserved0:0\', \'text_0:413336\', \'text_1:413376\', \'unit:\', \'unit_addr:0\', \'val_0:0.0\', \'val_1:1.0\', \'val_param_nr:2\'])>'
  - 组 'VCU_9'.VCU_MaxRecpTorqFAVD_Hyb data_type: 7 vs 0
  - 组 'VCU_9'.VCU_MaxRecpTorqFAVD_Hyb bit_count: 64 vs 1
  - 组 'VCU_9'.VCU_MaxRecpTorqFAVD_Hyb flags: 0 vs 16
  - 组 'VCU_9'.VCU_MaxRecpTorqFAVD_Hyb conversion: 'None' vs '<ChannelConversion (name: , unit: , comment: , formula: , referenced blocks: {\'text_0\': b\'Not valid\', \'text_1\': b\'Valid\', \'default_addr\': b\'\'}, address: 412776, fields: [\'_cache:None\', \'address:412776\', \'block_len:120\', \'comment:\', \'comment_addr:0\', \'conversion_type:7\', \'default_addr:0\', \'flags:0\', \'formula:\', "id:b\'##CC\'", \'inv_conv_addr:0\', \'is_user_defined:False\', \'links_nr:7\', \'max_phy_value:0.0\', \'min_phy_value:0.0\', \'name:\', \'name_addr:0\', \'precision:0\', \'ref_param_nr:3\', "referenced_blocks:{\'text_0\': b\'Not valid\', \'text_1\': b\'Valid\', \'default_addr\': b\'\'}", \'reserved0:0\', \'text_0:412704\', \'text_1:412744\', \'unit:\', \'unit_addr:0\', \'val_0:0.0\', \'val_1:1.0\', \'val_param_nr:2\'])>'
  - 组 'VCU_9'.VCU_MaxRecpTorqRA_Hyb bit_count: 16 vs 14
  - 组 'VCU_9'.VCU_MaxRecpTorqRA_Hyb flags: 0 vs 16
  - 组 'VCU_9'.VCU_MaxRecpTorqRA_Hyb conversion: 'None' vs '<ChannelConversion (name: , unit: Nm, comment: , formula: , referenced blocks: {}, address: 414552, fields: [\'_cache:None\', \'address:414552\', \'block_len:80\', \'comment:\', \'comment_addr:0\', \'conversion_type:0\', \'flags:0\', \'formula:\', "id:b\'##CC\'", \'inv_conv_addr:0\', \'is_user_defined:False\', \'links_nr:4\', \'max_phy_value:0.0\', \'min_phy_value:0.0\', \'name:\', \'name_addr:0\', \'precision:0\', \'ref_param_nr:0\', \'referenced_blocks:{}\', \'reserved0:0\', \'unit:Nm\', \'unit_addr:414520\', \'val_param_nr:0\'])>'
  - 组 'VCU_9'.VCU_VehWheelTorqMinNm data_type: 4 vs 0
  - 组 'VCU_9'.VCU_VehWheelTorqMinNm bit_count: 64 vs 15
  - 组 'VCU_9'.VCU_VehWheelTorqMinNm flags: 0 vs 16
  - 组 'VCU_9'.VCU_VehWheelTorqMinNm conversion: 'None' vs '<ChannelConversion (name: , unit: Nm, comment: , formula: , referenced blocks: {}, address: 415104, fields: [\'_cache:None\', \'a:1.0\', \'address:415104\', \'b:-16000.0\', \'block_len:96\', \'comment:\', \'comment_addr:0\', \'conversion_type:1\', \'flags:0\', \'formula:\', "id:b\'##CC\'", \'inv_conv_addr:0\', \'is_user_defined:False\', \'links_nr:4\', \'max_phy_value:0.0\', \'min_phy_value:0.0\', \'name:\', \'name_addr:0\', \'precision:0\', \'ref_param_nr:0\', \'referenced_blocks:{}\', \'reserved0:0\', \'unit:Nm\', \'unit_addr:415072\', \'val_param_nr:2\'])>'
  - 组 'VCU_9'.VCU_VehWheelTorqMaxNm data_type: 4 vs 0
  - 组 'VCU_9'.VCU_VehWheelTorqMaxNm bit_count: 64 vs 15
  - 组 'VCU_9'.VCU_VehWheelTorqMaxNm flags: 0 vs 16
  - 组 'VCU_9'.VCU_VehWheelTorqMaxNm conversion: 'None' vs '<ChannelConversion (name: , unit: Nm, comment: , formula: , referenced blocks: {}, address: 416312, fields: [\'_cache:None\', \'a:1.0\', \'address:416312\', \'b:-16000.0\', \'block_len:96\', \'comment:\', \'comment_addr:0\', \'conversion_type:1\', \'flags:0\', \'formula:\', "id:b\'##CC\'", \'inv_conv_addr:0\', \'is_user_defined:False\', \'links_nr:4\', \'max_phy_value:0.0\', \'min_phy_value:0.0\', \'name:\', \'name_addr:0\', \'precision:0\', \'ref_param_nr:0\', \'referenced_blocks:{}\', \'reserved0:0\', \'unit:Nm\', \'unit_addr:416280\', \'val_param_nr:2\'])>'
  - 组 'VCU_9'.VCU_VehWheelTorqMaxNmVD data_type: 7 vs 0
  - 组 'VCU_9'.VCU_VehWheelTorqMaxNmVD bit_count: 64 vs 1
  - 组 'VCU_9'.VCU_VehWheelTorqMaxNmVD flags: 0 vs 16
  - 组 'VCU_9'.VCU_VehWheelTorqMaxNmVD conversion: 'None' vs '<ChannelConversion (name: , unit: , comment: , formula: , referenced blocks: {\'text_0\': b\'Not valid\', \'text_1\': b\'Valid\', \'default_addr\': b\'\'}, address: 415712, fields: [\'_cache:None\', \'address:415712\', \'block_len:120\', \'comment:\', \'comment_addr:0\', \'conversion_type:7\', \'default_addr:0\', \'flags:0\', \'formula:\', "id:b\'##CC\'", \'inv_conv_addr:0\', \'is_user_defined:False\', \'links_nr:7\', \'max_phy_value:0.0\', \'min_phy_value:0.0\', \'name:\', \'name_addr:0\', \'precision:0\', \'ref_param_nr:3\', "referenced_blocks:{\'text_0\': b\'Not valid\', \'text_1\': b\'Valid\', \'default_addr\': b\'\'}", \'reserved0:0\', \'text_0:415640\', \'text_1:415680\', \'unit:\', \'unit_addr:0\', \'val_0:0.0\', \'val_1:1.0\', \'val_param_nr:2\'])>'
  - 组 'VCU_9'.VCU_ActVehWheelTorqNm data_type: 4 vs 0
  - 组 'VCU_9'.VCU_ActVehWheelTorqNm bit_count: 64 vs 15
  - 组 'VCU_9'.VCU_ActVehWheelTorqNm flags: 0 vs 16
  - 组 'VCU_9'.VCU_ActVehWheelTorqNm conversion: 'None' vs '<ChannelConversion (name: , unit: Nm, comment: , formula: , referenced blocks: {}, address: 416880, fields: [\'_cache:None\', \'a:1.0\', \'address:416880\', \'b:-16000.0\', \'block_len:96\', \'comment:\', \'comment_addr:0\', \'conversion_type:1\', \'flags:0\', \'formula:\', "id:b\'##CC\'", \'inv_conv_addr:0\', \'is_user_defined:False\', \'links_nr:4\', \'max_phy_value:0.0\', \'min_phy_value:0.0\', \'name:\', \'name_addr:0\', \'precision:0\', \'ref_param_nr:0\', \'referenced_blocks:{}\', \'reserved0:0\', \'unit:Nm\', \'unit_addr:416848\', \'val_param_nr:2\'])>'
  - 组 'VCU_9'.VCU_APAWheelTorqDriverReqNm data_type: 4 vs 0
  - 组 'VCU_9'.VCU_APAWheelTorqDriverReqNm bit_count: 64 vs 15
  - 组 'VCU_9'.VCU_APAWheelTorqDriverReqNm flags: 0 vs 16
  - 组 'VCU_9'.VCU_APAWheelTorqDriverReqNm conversion: 'None' vs '<ChannelConversion (name: , unit: Nm, comment: , formula: , referenced blocks: {}, address: 417432, fields: [\'_cache:None\', \'a:1.0\', \'address:417432\', \'b:-16000.0\', \'block_len:96\', \'comment:\', \'comment_addr:0\', \'conversion_type:1\', \'flags:0\', \'formula:\', "id:b\'##CC\'", \'inv_conv_addr:0\', \'is_user_defined:False\', \'links_nr:4\', \'max_phy_value:0.0\', \'min_phy_value:0.0\', \'name:\', \'name_addr:0\', \'precision:0\', \'ref_param_nr:0\', \'referenced_blocks:{}\', \'reserved0:0\', \'unit:Nm\', \'unit_addr:417400\', \'val_param_nr:2\'])>'
  - 组 'VCU_9'.VCU_MotorRegenTorqueLmtlnD data_type: 4 vs 0
  - 组 'VCU_9'.VCU_MotorRegenTorqueLmtlnD bit_count: 64 vs 13
  - 组 'VCU_9'.VCU_MotorRegenTorqueLmtlnD conversion: 'None' vs '<ChannelConversion (name: , unit: Nm, comment: , formula: , referenced blocks: {}, address: 418792, fields: [\'_cache:None\', \'a:1.0\', \'address:418792\', \'b:-8191.0\', \'block_len:96\', \'comment:\', \'comment_addr:0\', \'conversion_type:1\', \'flags:0\', \'formula:\', "id:b\'##CC\'", \'inv_conv_addr:0\', \'is_user_defined:False\', \'links_nr:4\', \'max_phy_value:0.0\', \'min_phy_value:0.0\', \'name:\', \'name_addr:0\', \'precision:0\', \'ref_param_nr:0\', \'referenced_blocks:{}\', \'reserved0:0\', \'unit:Nm\', \'unit_addr:418760\', \'val_param_nr:2\'])>'
  - 组 'VCU_9'.VCU_CrntGearNoTrans data_type: 7 vs 0
  - 组 'VCU_9'.VCU_CrntGearNoTrans bit_count: 64 vs 3
  - 组 'VCU_9'.VCU_CrntGearNoTrans flags: 0 vs 16
  - 组 'VCU_9'.VCU_CrntGearNoTrans conversion: 'None' vs '<ChannelConversion (name: , unit: , comment: , formula: , referenced blocks: {\'text_0\': b\'Invalid\', \'text_1\': b"\'D\' Drive gear", \'text_2\': b"\'N\' Neutral gear", \'text_3\': b"\'R\' Reverse gear", \'text_4\': b"\'P\' Park gear", \'default_addr\': b\'\'}, address: 418168, fields: [\'_cache:None\', \'address:418168\', \'block_len:168\', \'comment:\', \'comment_addr:0\', \'conversion_type:7\', \'default_addr:0\', \'flags:0\', \'formula:\', "id:b\'##CC\'", \'inv_conv_addr:0\', \'is_user_defined:False\', \'links_nr:10\', \'max_phy_value:0.0\', \'min_phy_value:0.0\', \'name:\', \'name_addr:0\', \'precision:0\', \'ref_param_nr:6\', \'referenced_blocks:{\\\'text_0\\\': b\\\'Invalid\\\', \\\'text_1\\\': b"\\\'D\\\' Drive gear", \\\'text_2\\\': b"\\\'N\\\' Neutral gear", \\\'text_3\\\': b"\\\'R\\\' Reverse gear", \\\'text_4\\\': b"\\\'P\\\' Park gear", \\\'default_addr\\\': b\\\'\\\'}\', \'reserved0:0\', \'text_0:417960\', \'text_1:417992\', \'text_2:418032\', \'text_3:418080\', \'text_4:418128\', \'unit:\', \'unit_addr:0\', \'val_0:0.0\', \'val_1:1.0\', \'val_2:2.0\', \'val_3:3.0\', \'val_4:4.0\', \'val_param_nr:5\'])>'
  - 组 'VCU_9'.VCU_BcsDecelReq data_type: 4 vs 0
  - 组 'VCU_9'.VCU_BcsDecelReq bit_count: 64 vs 4
  - 组 'VCU_9'.VCU_BcsDecelReq conversion: 'None' vs '<ChannelConversion (name: , unit: m/s2, comment: , formula: , referenced blocks: {}, address: 420232, fields: [\'_cache:None\', \'a:0.066\', \'address:420232\', \'b:-0.99\', \'block_len:96\', \'comment:\', \'comment_addr:0\', \'conversion_type:1\', \'flags:0\', \'formula:\', "id:b\'##CC\'", \'inv_conv_addr:0\', \'is_user_defined:False\', \'links_nr:4\', \'max_phy_value:0.0\', \'min_phy_value:0.0\', \'name:\', \'name_addr:0\', \'precision:0\', \'ref_param_nr:0\', \'referenced_blocks:{}\', \'reserved0:0\', \'unit:m/s2\', \'unit_addr:420200\', \'val_param_nr:2\'])>'
  - 组 'VCU_9'.VCU_ErrorFb data_type: 7 vs 0
  - 组 'VCU_9'.VCU_ErrorFb bit_count: 64 vs 4
  - 组 'VCU_9'.VCU_ErrorFb flags: 0 vs 16
  - 组 'VCU_9'.VCU_ErrorFb conversion: 'None' vs '<ChannelConversion (name: , unit: , comment: , formula: , referenced blocks: {\'text_0\': b\'No error\', \'text_1\': b\'ADS request error\', \'text_2\': b\'High Voltage Fault\', \'text_3\': b\'MCU error\', \'text_4\': b\'BMS error\', \'text_5\': b\'ADS E2E error or time out\', \'default_addr\': b\'\'}, address: 419608, fields: [\'_cache:None\', \'address:419608\', \'block_len:184\', \'comment:\', \'comment_addr:0\', \'conversion_type:7\', \'default_addr:0\', \'flags:0\', \'formula:\', "id:b\'##CC\'", \'inv_conv_addr:0\', \'is_user_defined:False\', \'links_nr:11\', \'max_phy_value:0.0\', \'min_phy_value:0.0\', \'name:\', \'name_addr:0\', \'precision:0\', \'ref_param_nr:7\', "referenced_blocks:{\'text_0\': b\'No error\', \'text_1\': b\'ADS request error\', \'text_2\': b\'High Voltage Fault\', \'text_3\': b\'MCU error\', \'text_4\': b\'BMS error\', \'text_5\': b\'ADS E2E error or time out\', \'default_addr\': b\'\'}", \'reserved0:0\', \'text_0:419336\', \'text_1:419376\', \'text_2:419424\', \'text_3:419472\', \'text_4:419512\', \'text_5:419552\', \'unit:\', \'unit_addr:0\', \'val_0:0.0\', \'val_1:1.0\', \'val_2:2.0\', \'val_3:3.0\', \'val_4:4.0\', \'val_5:7.0\', \'val_param_nr:6\'])>'
  - 组 'ADC_4': 组内信号序不同 ['ADC_4_CRC', 'ADC_4_Counter', 'ADC_ActTrqReqEnable', 'ADC_VLCSt', 'ADC_ActTrqReq', 'ADC_ADASLongCtrlFuncMode', 'ADC_LongCtrlAvailability', 'ADC_LongCtrlModeForBrkSys']... vs ['ADC_4_CRC', 'ADC_4_Counter', 'ADC_VLCSt', 'ADC_ActTrqReqEnable', 'ADC_ActTrqReq', 'ADC_LongCtrlModeForBrkSys', 'ADC_LongCtrlAvailability', 'ADC_ADASLongCtrlFuncMode']...
  - 组 'ADC_4'.t data_type: 4 vs 0
  - 组 'ADC_4'.t conversion: 'None' vs '<ChannelConversion (name: , unit: s, comment: , formula: , referenced blocks: {}, address: 1344, fields: [\'_cache:None\', \'a:1e-09\', \'address:1344\', \'b:0.0\', \'block_len:96\', \'comment:\', \'comment_addr:0\', \'conversion_type:1\', \'flags:0\', \'formula:\', "id:b\'##CC\'", \'inv_conv_addr:0\', \'is_user_defined:False\', \'links_nr:4\', \'max_phy_value:0.0\', \'min_phy_value:0.0\', \'name:\', \'name_addr:0\', \'precision:0\', \'ref_param_nr:0\', \'referenced_blocks:{}\', \'reserved0:0\', \'unit:s\', \'unit_addr:1312\', \'val_param_nr:2\'])>'
  - 组 'ADC_4'.ADC_4_CRC flags: 0 vs 16
  - 组 'ADC_4'.ADC_4_Counter flags: 0 vs 16
  - 组 'ADC_4'.ADC_ActTrqReqEnable data_type: 7 vs 0
  - 组 'ADC_4'.ADC_ActTrqReqEnable bit_count: 64 vs 1
  - 组 'ADC_4'.ADC_ActTrqReqEnable flags: 0 vs 16
  - 组 'ADC_4'.ADC_ActTrqReqEnable conversion: 'None' vs '<ChannelConversion (name: , unit: , comment: , formula: , referenced blocks: {\'text_0\': b\'Disable\', \'text_1\': b\'Enable\', \'default_addr\': b\'\'}, address: 511464, fields: [\'_cache:None\', \'address:511464\', \'block_len:120\', \'comment:\', \'comment_addr:0\', \'conversion_type:7\', \'default_addr:0\', \'flags:0\', \'formula:\', "id:b\'##CC\'", \'inv_conv_addr:0\', \'is_user_defined:False\', \'links_nr:7\', \'max_phy_value:0.0\', \'min_phy_value:0.0\', \'name:\', \'name_addr:0\', \'precision:0\', \'ref_param_nr:3\', "referenced_blocks:{\'text_0\': b\'Disable\', \'text_1\': b\'Enable\', \'default_addr\': b\'\'}", \'reserved0:0\', \'text_0:511400\', \'text_1:511432\', \'unit:\', \'unit_addr:0\', \'val_0:0.0\', \'val_1:1.0\', \'val_param_nr:2\'])>'
  - 组 'ADC_4'.ADC_VLCSt data_type: 7 vs 0
  - 组 'ADC_4'.ADC_VLCSt bit_count: 64 vs 2
  - 组 'ADC_4'.ADC_VLCSt flags: 0 vs 16
  - 组 'ADC_4'.ADC_VLCSt conversion: 'None' vs '<ChannelConversion (name: , unit: , comment: , formula: , referenced blocks: {\'text_0\': b\'VLC not working\', \'text_1\': b\'VLC Override possible\', \'text_2\': b\'VLC Override impossible\', \'default_addr\': b\'\'}, address: 510848, fields: [\'_cache:None\', \'address:510848\', \'block_len:136\', \'comment:\', \'comment_addr:0\', \'conversion_type:7\', \'default_addr:0\', \'flags:0\', \'formula:\', "id:b\'##CC\'", \'inv_conv_addr:0\', \'is_user_defined:False\', \'links_nr:8\', \'max_phy_value:0.0\', \'min_phy_value:0.0\', \'name:\', \'name_addr:0\', \'precision:0\', \'ref_param_nr:4\', "referenced_blocks:{\'text_0\': b\'VLC not working\', \'text_1\': b\'VLC Override possible\', \'text_2\': b\'VLC Override impossible\', \'default_addr\': b\'\'}", \'reserved0:0\', \'text_0:510712\', \'text_1:510752\', \'text_2:510800\', \'unit:\', \'unit_addr:0\', \'val_0:0.0\', \'val_1:1.0\', \'val_2:2.0\', \'val_param_nr:3\'])>'
  - 组 'ADC_4'.ADC_ActTrqReq data_type: 4 vs 0
  - 组 'ADC_4'.ADC_ActTrqReq bit_count: 64 vs 14
  - 组 'ADC_4'.ADC_ActTrqReq flags: 0 vs 16
  - 组 'ADC_4'.ADC_ActTrqReq conversion: 'None' vs '<ChannelConversion (name: , unit: Nm, comment: , formula: , referenced blocks: {}, address: 512040, fields: [\'_cache:None\', \'a:1.0\', \'address:512040\', \'b:-5000.0\', \'block_len:96\', \'comment:\', \'comment_addr:0\', \'conversion_type:1\', \'flags:0\', \'formula:\', "id:b\'##CC\'", \'inv_conv_addr:0\', \'is_user_defined:False\', \'links_nr:4\', \'max_phy_value:0.0\', \'min_phy_value:0.0\', \'name:\', \'name_addr:0\', \'precision:0\', \'ref_param_nr:0\', \'referenced_blocks:{}\', \'reserved0:0\', \'unit:Nm\', \'unit_addr:512008\', \'val_param_nr:2\'])>'
  - 组 'ADC_4'.ADC_ADASLongCtrlFuncMode data_type: 7 vs 0
  - 组 'ADC_4'.ADC_ADASLongCtrlFuncMode bit_count: 64 vs 3
  - 组 'ADC_4'.ADC_ADASLongCtrlFuncMode flags: 0 vs 16
  - 组 'ADC_4'.ADC_ADASLongCtrlFuncMode conversion: 'None' vs '<ChannelConversion (name: , unit: , comment: , formula: , referenced blocks: {\'text_0\': b\'Cruise\', \'text_1\': b\'APA\', \'default_addr\': b\'\'}, address: 514184, fields: [\'_cache:None\', \'address:514184\', \'block_len:120\', \'comment:\', \'comment_addr:0\', \'conversion_type:7\', \'default_addr:0\', \'flags:0\', \'formula:\', "id:b\'##CC\'", \'inv_conv_addr:0\', \'is_user_defined:False\', \'links_nr:7\', \'max_phy_value:0.0\', \'min_phy_value:0.0\', \'name:\', \'name_addr:0\', \'precision:0\', \'ref_param_nr:3\', "referenced_blocks:{\'text_0\': b\'Cruise\', \'text_1\': b\'APA\', \'default_addr\': b\'\'}", \'reserved0:0\', \'text_0:514120\', \'text_1:514152\', \'unit:\', \'unit_addr:0\', \'val_0:0.0\', \'val_1:1.0\', \'val_param_nr:2\'])>'
  - 组 'ADC_4'.ADC_LongCtrlAvailability data_type: 7 vs 0
  - 组 'ADC_4'.ADC_LongCtrlAvailability bit_count: 64 vs 1
  - 组 'ADC_4'.ADC_LongCtrlAvailability flags: 0 vs 16
  - 组 'ADC_4'.ADC_LongCtrlAvailability conversion: 'None' vs '<ChannelConversion (name: , unit: , comment: , formula: , referenced blocks: {\'text_0\': b\'Not available\', \'text_1\': b\'Available\', \'default_addr\': b\'\'}, address: 513464, fields: [\'_cache:None\', \'address:513464\', \'block_len:120\', \'comment:\', \'comment_addr:0\', \'conversion_type:7\', \'default_addr:0\', \'flags:0\', \'formula:\', "id:b\'##CC\'", \'inv_conv_addr:0\', \'is_user_defined:False\', \'links_nr:7\', \'max_phy_value:0.0\', \'min_phy_value:0.0\', \'name:\', \'name_addr:0\', \'precision:0\', \'ref_param_nr:3\', "referenced_blocks:{\'text_0\': b\'Not available\', \'text_1\': b\'Available\', \'default_addr\': b\'\'}", \'reserved0:0\', \'text_0:513384\', \'text_1:513424\', \'unit:\', \'unit_addr:0\', \'val_0:0.0\', \'val_1:1.0\', \'val_param_nr:2\'])>'
  - 组 'ADC_4'.ADC_LongCtrlModeForBrkSys data_type: 7 vs 0
  - 组 'ADC_4'.ADC_LongCtrlModeForBrkSys bit_count: 64 vs 3
  - 组 'ADC_4'.ADC_LongCtrlModeForBrkSys flags: 0 vs 16
  - 组 'ADC_4'.ADC_LongCtrlModeForBrkSys conversion: 'None' vs '<ChannelConversion (name: , unit: , comment: , formula: , referenced blocks: {\'text_0\': b\'Off mode\', \'text_1\': b\'L2 Active\', \'text_2\': b\'L2++ Active\', \'default_addr\': b\'\'}, address: 512672, fields: [\'_cache:None\', \'address:512672\', \'block_len:136\', \'comment:\', \'comment_addr:0\', \'conversion_type:7\', \'default_addr:0\', \'flags:0\', \'formula:\', "id:b\'##CC\'", \'inv_conv_addr:0\', \'is_user_defined:False\', \'links_nr:8\', \'max_phy_value:0.0\', \'min_phy_value:0.0\', \'name:\', \'name_addr:0\', \'precision:0\', \'ref_param_nr:4\', "referenced_blocks:{\'text_0\': b\'Off mode\', \'text_1\': b\'L2 Active\', \'text_2\': b\'L2++ Active\', \'default_addr\': b\'\'}", \'reserved0:0\', \'text_0:512552\', \'text_1:512592\', \'text_2:512632\', \'unit:\', \'unit_addr:0\', \'val_0:0.0\', \'val_1:1.0\', \'val_2:2.0\', \'val_param_nr:3\'])>'
  - 组 'ADC_4'.ADC_TrkTargt0St data_type: 7 vs 0
  - 组 'ADC_4'.ADC_TrkTargt0St bit_count: 64 vs 1
  - 组 'ADC_4'.ADC_TrkTargt0St flags: 0 vs 16
  - 组 'ADC_4'.ADC_TrkTargt0St conversion: 'None' vs '<ChannelConversion (name: , unit: , comment: , formula: , referenced blocks: {\'text_0\': b\'not dectected\', \'text_1\': b\'dectected\', \'default_addr\': b\'\'}, address: 514856, fields: [\'_cache:None\', \'address:514856\', \'block_len:120\', \'comment:\', \'comment_addr:0\', \'conversion_type:7\', \'default_addr:0\', \'flags:0\', \'formula:\', "id:b\'##CC\'", \'inv_conv_addr:0\', \'is_user_defined:False\', \'links_nr:7\', \'max_phy_value:0.0\', \'min_phy_value:0.0\', \'name:\', \'name_addr:0\', \'precision:0\', \'ref_param_nr:3\', "referenced_blocks:{\'text_0\': b\'not dectected\', \'text_1\': b\'dectected\', \'default_addr\': b\'\'}", \'reserved0:0\', \'text_0:514776\', \'text_1:514816\', \'unit:\', \'unit_addr:0\', \'val_0:0.0\', \'val_1:1.0\', \'val_param_nr:2\'])>'
  - 组 'ADC_4'.ADC_TrkTargt0longPos data_type: 4 vs 0
  - 组 'ADC_4'.ADC_TrkTargt0longPos bit_count: 64 vs 10
  - 组 'ADC_4'.ADC_TrkTargt0longPos flags: 0 vs 16
  - 组 'ADC_4'.ADC_TrkTargt0longPos conversion: 'None' vs '<ChannelConversion (name: , unit: m, comment: , formula: , referenced blocks: {}, address: 515416, fields: [\'_cache:None\', \'a:0.2\', \'address:515416\', \'b:0.0\', \'block_len:96\', \'comment:\', \'comment_addr:0\', \'conversion_type:1\', \'flags:0\', \'formula:\', "id:b\'##CC\'", \'inv_conv_addr:0\', \'is_user_defined:False\', \'links_nr:4\', \'max_phy_value:0.0\', \'min_phy_value:0.0\', \'name:\', \'name_addr:0\', \'precision:0\', \'ref_param_nr:0\', \'referenced_blocks:{}\', \'reserved0:0\', \'unit:m\', \'unit_addr:515384\', \'val_param_nr:2\'])>'
  - 组 'ADC_4'.ADC_TrkTargt0latPos data_type: 4 vs 0
  - 组 'ADC_4'.ADC_TrkTargt0latPos bit_count: 64 vs 10
  - 组 'ADC_4'.ADC_TrkTargt0latPos flags: 0 vs 16
  - 组 'ADC_4'.ADC_TrkTargt0latPos conversion: 'None' vs '<ChannelConversion (name: , unit: m, comment: , formula: , referenced blocks: {}, address: 515960, fields: [\'_cache:None\', \'a:0.1\', \'address:515960\', \'b:-51.2\', \'block_len:96\', \'comment:\', \'comment_addr:0\', \'conversion_type:1\', \'flags:0\', \'formula:\', "id:b\'##CC\'", \'inv_conv_addr:0\', \'is_user_defined:False\', \'links_nr:4\', \'max_phy_value:0.0\', \'min_phy_value:0.0\', \'name:\', \'name_addr:0\', \'precision:0\', \'ref_param_nr:0\', \'referenced_blocks:{}\', \'reserved0:0\', \'unit:m\', \'unit_addr:515928\', \'val_param_nr:2\'])>'
  - 组 'ADC_4'.ADC_TrkTargt0LatRelSpd data_type: 4 vs 0
  - 组 'ADC_4'.ADC_TrkTargt0LatRelSpd bit_count: 64 vs 9
  - 组 'ADC_4'.ADC_TrkTargt0LatRelSpd flags: 0 vs 16
  - 组 'ADC_4'.ADC_TrkTargt0LatRelSpd conversion: 'None' vs '<ChannelConversion (name: , unit: m/s, comment: , formula: , referenced blocks: {}, address: 516504, fields: [\'_cache:None\', \'a:0.1\', \'address:516504\', \'b:-25.5\', \'block_len:96\', \'comment:\', \'comment_addr:0\', \'conversion_type:1\', \'flags:0\', \'formula:\', "id:b\'##CC\'", \'inv_conv_addr:0\', \'is_user_defined:False\', \'links_nr:4\', \'max_phy_value:0.0\', \'min_phy_value:0.0\', \'name:\', \'name_addr:0\', \'precision:0\', \'ref_param_nr:0\', \'referenced_blocks:{}\', \'reserved0:0\', \'unit:m/s\', \'unit_addr:516472\', \'val_param_nr:2\'])>'
  - 组 'ADC_4'.ADC_TrkTargt0LongRelSpd data_type: 4 vs 0
  - 组 'ADC_4'.ADC_TrkTargt0LongRelSpd bit_count: 64 vs 10
  - 组 'ADC_4'.ADC_TrkTargt0LongRelSpd flags: 0 vs 16
  - 组 'ADC_4'.ADC_TrkTargt0LongRelSpd conversion: 'None' vs '<ChannelConversion (name: , unit: m/s, comment: , formula: , referenced blocks: {}, address: 517056, fields: [\'_cache:None\', \'a:0.1\', \'address:517056\', \'b:-51.2\', \'block_len:96\', \'comment:\', \'comment_addr:0\', \'conversion_type:1\', \'flags:0\', \'formula:\', "id:b\'##CC\'", \'inv_conv_addr:0\', \'is_user_defined:False\', \'links_nr:4\', \'max_phy_value:0.0\', \'min_phy_value:0.0\', \'name:\', \'name_addr:0\', \'precision:0\', \'ref_param_nr:0\', \'referenced_blocks:{}\', \'reserved0:0\', \'unit:m/s\', \'unit_addr:517024\', \'val_param_nr:2\'])>'
  - 组 'ADC_4'.ADC_ASActiveSt data_type: 7 vs 0
  - 组 'ADC_4'.ADC_ASActiveSt bit_count: 64 vs 1
  - 组 'ADC_4'.ADC_ASActiveSt flags: 0 vs 16
  - 组 'ADC_4'.ADC_ASActiveSt conversion: 'None' vs '<ChannelConversion (name: , unit: , comment: , formula: , referenced blocks: {\'text_0\': b\'Not Active\', \'text_1\': b\'Active\', \'default_addr\': b\'\'}, address: 518256, fields: [\'_cache:None\', \'address:518256\', \'block_len:120\', \'comment:\', \'comment_addr:0\', \'conversion_type:7\', \'default_addr:0\', \'flags:0\', \'formula:\', "id:b\'##CC\'", \'inv_conv_addr:0\', \'is_user_defined:False\', \'links_nr:7\', \'max_phy_value:0.0\', \'min_phy_value:0.0\', \'name:\', \'name_addr:0\', \'precision:0\', \'ref_param_nr:3\', "referenced_blocks:{\'text_0\': b\'Not Active\', \'text_1\': b\'Active\', \'default_addr\': b\'\'}", \'reserved0:0\', \'text_0:518184\', \'text_1:518224\', \'unit:\', \'unit_addr:0\', \'val_0:0.0\', \'val_1:1.0\', \'val_param_nr:2\'])>'
  - 组 'ADC_4'.ADC_FcsActiveStatus data_type: 7 vs 0
  - 组 'ADC_4'.ADC_FcsActiveStatus bit_count: 64 vs 1
  - 组 'ADC_4'.ADC_FcsActiveStatus flags: 0 vs 16
  - 组 'ADC_4'.ADC_FcsActiveStatus conversion: 'None' vs '<ChannelConversion (name: , unit: , comment: , formula: , referenced blocks: {\'text_0\': b\'No Active\', \'text_1\': b\'Active\', \'default_addr\': b\'\'}, address: 517648, fields: [\'_cache:None\', \'address:517648\', \'block_len:120\', \'comment:\', \'comment_addr:0\', \'conversion_type:7\', \'default_addr:0\', \'flags:0\', \'formula:\', "id:b\'##CC\'", \'inv_conv_addr:0\', \'is_user_defined:False\', \'links_nr:7\', \'max_phy_value:0.0\', \'min_phy_value:0.0\', \'name:\', \'name_addr:0\', \'precision:0\', \'ref_param_nr:3\', "referenced_blocks:{\'text_0\': b\'No Active\', \'text_1\': b\'Active\', \'default_addr\': b\'\'}", \'reserved0:0\', \'text_0:517576\', \'text_1:517616\', \'unit:\', \'unit_addr:0\', \'val_0:0.0\', \'val_1:1.0\', \'val_param_nr:2\'])>'
  - 组 'ADC_4'.ADC_AEBDecelCtrlReq data_type: 7 vs 0
  - 组 'ADC_4'.ADC_AEBDecelCtrlReq bit_count: 64 vs 1
  - 组 'ADC_4'.ADC_AEBDecelCtrlReq flags: 0 vs 16
  - 组 'ADC_4'.ADC_AEBDecelCtrlReq conversion: 'None' vs '<ChannelConversion (name: , unit: , comment: , formula: , referenced blocks: {\'text_0\': b\'No request\', \'text_1\': b\'Request\', \'default_addr\': b\'\'}, address: 518880, fields: [\'_cache:None\', \'address:518880\', \'block_len:120\', \'comment:\', \'comment_addr:0\', \'conversion_type:7\', \'default_addr:0\', \'flags:0\', \'formula:\', "id:b\'##CC\'", \'inv_conv_addr:0\', \'is_user_defined:False\', \'links_nr:7\', \'max_phy_value:0.0\', \'min_phy_value:0.0\', \'name:\', \'name_addr:0\', \'precision:0\', \'ref_param_nr:3\', "referenced_blocks:{\'text_0\': b\'No request\', \'text_1\': b\'Request\', \'default_addr\': b\'\'}", \'reserved0:0\', \'text_0:518808\', \'text_1:518848\', \'unit:\', \'unit_addr:0\', \'val_0:0.0\', \'val_1:1.0\', \'val_param_nr:2\'])>'
  - 组 'ADC_4'.ADC_PAA2ESPBrakeFunctionMode data_type: 7 vs 0
  - 组 'ADC_4'.ADC_PAA2ESPBrakeFunctionMode bit_count: 64 vs 3
  - 组 'ADC_4'.ADC_PAA2ESPBrakeFunctionMode flags: 0 vs 16
  - 组 'ADC_4'.ADC_PAA2ESPBrakeFunctionMode conversion: 'None' vs '<ChannelConversion (name: , unit: , comment: , formula: , referenced blocks: {\'text_0\': b\'None\', \'text_1\': b\'APA\', \'text_2\': b\'RPA\', \'text_3\': b\'AVP\', \'text_4\': b\'Dynamic AVP\', \'default_addr\': b\'\'}, address: 519584, fields: [\'_cache:None\', \'address:519584\', \'block_len:168\', \'comment:\', \'comment_addr:0\', \'conversion_type:7\', \'default_addr:0\', \'flags:0\', \'formula:\', "id:b\'##CC\'", \'inv_conv_addr:0\', \'is_user_defined:False\', \'links_nr:10\', \'max_phy_value:0.0\', \'min_phy_value:0.0\', \'name:\', \'name_addr:0\', \'precision:0\', \'ref_param_nr:6\', "referenced_blocks:{\'text_0\': b\'None\', \'text_1\': b\'APA\', \'text_2\': b\'RPA\', \'text_3\': b\'AVP\', \'text_4\': b\'Dynamic AVP\', \'default_addr\': b\'\'}", \'reserved0:0\', \'text_0:519416\', \'text_1:519448\', \'text_2:519480\', \'text_3:519512\', \'text_4:519544\', \'unit:\', \'unit_addr:0\', \'val_0:0.0\', \'val_1:1.0\', \'val_2:2.0\', \'val_3:3.0\', \'val_4:4.0\', \'val_param_nr:5\'])>'
  - 组 'ADC_4'.ADC_FctSts data_type: 7 vs 0
  - 组 'ADC_4'.ADC_FctSts bit_count: 64 vs 1
  - 组 'ADC_4'.ADC_FctSts flags: 0 vs 16
  - 组 'ADC_4'.ADC_FctSts conversion: 'None' vs '<ChannelConversion (name: , unit: , comment: , formula: , referenced blocks: {\'text_0\': b\'Off\', \'text_1\': b\'On\', \'default_addr\': b\'\'}, address: 521376, fields: [\'_cache:None\', \'address:521376\', \'block_len:120\', \'comment:\', \'comment_addr:0\', \'conversion_type:7\', \'default_addr:0\', \'flags:0\', \'formula:\', "id:b\'##CC\'", \'inv_conv_addr:0\', \'is_user_defined:False\', \'links_nr:7\', \'max_phy_value:0.0\', \'min_phy_value:0.0\', \'name:\', \'name_addr:0\', \'precision:0\', \'ref_param_nr:3\', "referenced_blocks:{\'text_0\': b\'Off\', \'text_1\': b\'On\', \'default_addr\': b\'\'}", \'reserved0:0\', \'text_0:521312\', \'text_1:521344\', \'unit:\', \'unit_addr:0\', \'val_0:0.0\', \'val_1:1.0\', \'val_param_nr:2\'])>'
  - 组 'ADC_4'.ADC_TarGearReqVld data_type: 7 vs 0
  - 组 'ADC_4'.ADC_TarGearReqVld bit_count: 64 vs 1
  - 组 'ADC_4'.ADC_TarGearReqVld flags: 0 vs 16
  - 组 'ADC_4'.ADC_TarGearReqVld conversion: 'None' vs '<ChannelConversion (name: , unit: , comment: , formula: , referenced blocks: {\'text_0\': b\'Invalid\', \'text_1\': b\'Valid\', \'default_addr\': b\'\'}, address: 520800, fields: [\'_cache:None\', \'address:520800\', \'block_len:120\', \'comment:\', \'comment_addr:0\', \'conversion_type:7\', \'default_addr:0\', \'flags:0\', \'formula:\', "id:b\'##CC\'", \'inv_conv_addr:0\', \'is_user_defined:False\', \'links_nr:7\', \'max_phy_value:0.0\', \'min_phy_value:0.0\', \'name:\', \'name_addr:0\', \'precision:0\', \'ref_param_nr:3\', "referenced_blocks:{\'text_0\': b\'Invalid\', \'text_1\': b\'Valid\', \'default_addr\': b\'\'}", \'reserved0:0\', \'text_0:520736\', \'text_1:520768\', \'unit:\', \'unit_addr:0\', \'val_0:0.0\', \'val_1:1.0\', \'val_param_nr:2\'])>'
  - 组 'ADC_4'.ADC_ActTrqReqVD data_type: 7 vs 0
  - 组 'ADC_4'.ADC_ActTrqReqVD bit_count: 64 vs 1
  - 组 'ADC_4'.ADC_ActTrqReqVD flags: 0 vs 16
  - 组 'ADC_4'.ADC_ActTrqReqVD conversion: 'None' vs '<ChannelConversion (name: , unit: , comment: , formula: , referenced blocks: {\'text_0\': b\'invalid\', \'text_1\': b\'valid\', \'default_addr\': b\'\'}, address: 520216, fields: [\'_cache:None\', \'address:520216\', \'block_len:120\', \'comment:\', \'comment_addr:0\', \'conversion_type:7\', \'default_addr:0\', \'flags:0\', \'formula:\', "id:b\'##CC\'", \'inv_conv_addr:0\', \'is_user_defined:False\', \'links_nr:7\', \'max_phy_value:0.0\', \'min_phy_value:0.0\', \'name:\', \'name_addr:0\', \'precision:0\', \'ref_param_nr:3\', "referenced_blocks:{\'text_0\': b\'invalid\', \'text_1\': b\'valid\', \'default_addr\': b\'\'}", \'reserved0:0\', \'text_0:520152\', \'text_1:520184\', \'unit:\', \'unit_addr:0\', \'val_0:0.0\', \'val_1:1.0\', \'val_param_nr:2\'])>'
  - 组 'ADC_4'.ADC_VehTorqLimit data_type: 4 vs 0
  - 组 'ADC_4'.ADC_VehTorqLimit bit_count: 64 vs 16
  - 组 'ADC_4'.ADC_VehTorqLimit flags: 0 vs 16
  - 组 'ADC_4'.ADC_VehTorqLimit conversion: 'None' vs '<ChannelConversion (name: , unit: Nm, comment: , formula: , referenced blocks: {}, address: 521904, fields: [\'_cache:None\', \'a:1.0\', \'address:521904\', \'b:-5000.0\', \'block_len:96\', \'comment:\', \'comment_addr:0\', \'conversion_type:1\', \'flags:0\', \'formula:\', "id:b\'##CC\'", \'inv_conv_addr:0\', \'is_user_defined:False\', \'links_nr:4\', \'max_phy_value:0.0\', \'min_phy_value:0.0\', \'name:\', \'name_addr:0\', \'precision:0\', \'ref_param_nr:0\', \'referenced_blocks:{}\', \'reserved0:0\', \'unit:Nm\', \'unit_addr:521872\', \'val_param_nr:2\'])>'
  - 组 'ADC_4'.ADC_VehTorqReqValue data_type: 4 vs 0
  - 组 'ADC_4'.ADC_VehTorqReqValue bit_count: 64 vs 16
  - 组 'ADC_4'.ADC_VehTorqReqValue flags: 0 vs 16
  - 组 'ADC_4'.ADC_VehTorqReqValue conversion: 'None' vs '<ChannelConversion (name: , unit: Nm, comment: , formula: , referenced blocks: {}, address: 522416, fields: [\'_cache:None\', \'a:1.0\', \'address:522416\', \'b:-5000.0\', \'block_len:96\', \'comment:\', \'comment_addr:0\', \'conversion_type:1\', \'flags:0\', \'formula:\', "id:b\'##CC\'", \'inv_conv_addr:0\', \'is_user_defined:False\', \'links_nr:4\', \'max_phy_value:0.0\', \'min_phy_value:0.0\', \'name:\', \'name_addr:0\', \'precision:0\', \'ref_param_nr:0\', \'referenced_blocks:{}\', \'reserved0:0\', \'unit:Nm\', \'unit_addr:522384\', \'val_param_nr:2\'])>'
  - 组 'ADC_4'.ADC_VehTorqLimitEnable data_type: 7 vs 0
  - 组 'ADC_4'.ADC_VehTorqLimitEnable bit_count: 64 vs 1
  - 组 'ADC_4'.ADC_VehTorqLimitEnable flags: 0 vs 16
  - 组 'ADC_4'.ADC_VehTorqLimitEnable conversion: 'None' vs '<ChannelConversion (name: , unit: , comment: , formula: , referenced blocks: {\'text_0\': b\'Not enable\', \'text_1\': b\'Enable\', \'default_addr\': b\'\'}, address: 525704, fields: [\'_cache:None\', \'address:525704\', \'block_len:120\', \'comment:\', \'comment_addr:0\', \'conversion_type:7\', \'default_addr:0\', \'flags:0\', \'formula:\', "id:b\'##CC\'", \'inv_conv_addr:0\', \'is_user_defined:False\', \'links_nr:7\', \'max_phy_value:0.0\', \'min_phy_value:0.0\', \'name:\', \'name_addr:0\', \'precision:0\', \'ref_param_nr:3\', "referenced_blocks:{\'text_0\': b\'Not enable\', \'text_1\': b\'Enable\', \'default_addr\': b\'\'}", \'reserved0:0\', \'text_0:525632\', \'text_1:525672\', \'unit:\', \'unit_addr:0\', \'val_0:0.0\', \'val_1:1.0\', \'val_param_nr:2\'])>'
  - 组 'ADC_4'.ADC_VehTorqReqEnable data_type: 7 vs 0
  - 组 'ADC_4'.ADC_VehTorqReqEnable bit_count: 64 vs 1
  - 组 'ADC_4'.ADC_VehTorqReqEnable flags: 0 vs 16
  - 组 'ADC_4'.ADC_VehTorqReqEnable conversion: 'None' vs '<ChannelConversion (name: , unit: , comment: , formula: , referenced blocks: {\'text_0\': b\'Not enable\', \'text_1\': b\'Enable\', \'default_addr\': b\'\'}, address: 525112, fields: [\'_cache:None\', \'address:525112\', \'block_len:120\', \'comment:\', \'comment_addr:0\', \'conversion_type:7\', \'default_addr:0\', \'flags:0\', \'formula:\', "id:b\'##CC\'", \'inv_conv_addr:0\', \'is_user_defined:False\', \'links_nr:7\', \'max_phy_value:0.0\', \'min_phy_value:0.0\', \'name:\', \'name_addr:0\', \'precision:0\', \'ref_param_nr:3\', "referenced_blocks:{\'text_0\': b\'Not enable\', \'text_1\': b\'Enable\', \'default_addr\': b\'\'}", \'reserved0:0\', \'text_0:525040\', \'text_1:525080\', \'unit:\', \'unit_addr:0\', \'val_0:0.0\', \'val_1:1.0\', \'val_param_nr:2\'])>'
  - 组 'ADC_4'.ADC_PAAPwrModeReq data_type: 7 vs 0
  - 组 'ADC_4'.ADC_PAAPwrModeReq bit_count: 64 vs 1
  - 组 'ADC_4'.ADC_PAAPwrModeReq flags: 0 vs 16
  - 组 'ADC_4'.ADC_PAAPwrModeReq conversion: 'None' vs '<ChannelConversion (name: , unit: , comment: , formula: , referenced blocks: {\'text_0\': b\'No Request\', \'text_1\': b\'Power On Request (PTready)\', \'default_addr\': b\'\'}, address: 524536, fields: [\'_cache:None\', \'address:524536\', \'block_len:120\', \'comment:\', \'comment_addr:0\', \'conversion_type:7\', \'default_addr:0\', \'flags:0\', \'formula:\', "id:b\'##CC\'", \'inv_conv_addr:0\', \'is_user_defined:False\', \'links_nr:7\', \'max_phy_value:0.0\', \'min_phy_value:0.0\', \'name:\', \'name_addr:0\', \'precision:0\', \'ref_param_nr:3\', "referenced_blocks:{\'text_0\': b\'No Request\', \'text_1\': b\'Power On Request (PTready)\', \'default_addr\': b\'\'}", \'reserved0:0\', \'text_0:524440\', \'text_1:524480\', \'unit:\', \'unit_addr:0\', \'val_0:0.0\', \'val_1:1.0\', \'val_param_nr:2\'])>'
  - 组 'ADC_4'.ADC_PAAGrarLvlReq data_type: 7 vs 0
  - 组 'ADC_4'.ADC_PAAGrarLvlReq bit_count: 64 vs 3
  - 组 'ADC_4'.ADC_PAAGrarLvlReq flags: 0 vs 16
  - 组 'ADC_4'.ADC_PAAGrarLvlReq conversion: 'None' vs '<ChannelConversion (name: , unit: , comment: , formula: , referenced blocks: {\'text_0\': b\'No Request\', \'text_1\': b\'Park\', \'text_2\': b\'Reversed\', \'text_3\': b\'Neutral\', \'text_4\': b\'Drive\', \'text_5\': b\'Reversed\', \'text_6\': b\'Reversed\', \'text_7\': b\'Reversed\', \'default_addr\': b\'\'}, address: 523800, fields: [\'_cache:None\', \'address:523800\', \'block_len:216\', \'comment:\', \'comment_addr:0\', \'conversion_type:7\', \'default_addr:0\', \'flags:0\', \'formula:\', "id:b\'##CC\'", \'inv_conv_addr:0\', \'is_user_defined:False\', \'links_nr:13\', \'max_phy_value:0.0\', \'min_phy_value:0.0\', \'name:\', \'name_addr:0\', \'precision:0\', \'ref_param_nr:9\', "referenced_blocks:{\'text_0\': b\'No Request\', \'text_1\': b\'Park\', \'text_2\': b\'Reversed\', \'text_3\': b\'Neutral\', \'text_4\': b\'Drive\', \'text_5\': b\'Reversed\', \'text_6\': b\'Reversed\', \'text_7\': b\'Reversed\', \'default_addr\': b\'\'}", \'reserved0:0\', \'text_0:523504\', \'text_1:523544\', \'text_2:523576\', \'text_3:523616\', \'text_4:523648\', \'text_5:523680\', \'text_6:523720\', \'text_7:523760\', \'unit:\', \'unit_addr:0\', \'val_0:0.0\', \'val_1:1.0\', \'val_2:2.0\', \'val_3:3.0\', \'val_4:4.0\', \'val_5:5.0\', \'val_6:6.0\', \'val_7:7.0\', \'val_param_nr:8\'])>'
  - 组 'ADC_4'.ADC_PAAGrarLvlReqEnable data_type: 7 vs 0
  - 组 'ADC_4'.ADC_PAAGrarLvlReqEnable bit_count: 64 vs 1
  - 组 'ADC_4'.ADC_PAAGrarLvlReqEnable flags: 0 vs 16
  - 组 'ADC_4'.ADC_PAAGrarLvlReqEnable conversion: 'None' vs '<ChannelConversion (name: , unit: , comment: , formula: , referenced blocks: {\'text_0\': b\'No request\', \'text_1\': b\'Gear shift request\', \'default_addr\': b\'\'}, address: 522984, fields: [\'_cache:None\', \'address:522984\', \'block_len:120\', \'comment:\', \'comment_addr:0\', \'conversion_type:7\', \'default_addr:0\', \'flags:0\', \'formula:\', "id:b\'##CC\'", \'inv_conv_addr:0\', \'is_user_defined:False\', \'links_nr:7\', \'max_phy_value:0.0\', \'min_phy_value:0.0\', \'name:\', \'name_addr:0\', \'precision:0\', \'ref_param_nr:3\', "referenced_blocks:{\'text_0\': b\'No request\', \'text_1\': b\'Gear shift request\', \'default_addr\': b\'\'}", \'reserved0:0\', \'text_0:522896\', \'text_1:522936\', \'unit:\', \'unit_addr:0\', \'val_0:0.0\', \'val_1:1.0\', \'val_param_nr:2\'])>'
  - 组 'ADC_5'.t data_type: 4 vs 0
  - 组 'ADC_5'.t conversion: 'None' vs '<ChannelConversion (name: , unit: s, comment: , formula: , referenced blocks: {}, address: 1344, fields: [\'_cache:None\', \'a:1e-09\', \'address:1344\', \'b:0.0\', \'block_len:96\', \'comment:\', \'comment_addr:0\', \'conversion_type:1\', \'flags:0\', \'formula:\', "id:b\'##CC\'", \'inv_conv_addr:0\', \'is_user_defined:False\', \'links_nr:4\', \'max_phy_value:0.0\', \'min_phy_value:0.0\', \'name:\', \'name_addr:0\', \'precision:0\', \'ref_param_nr:0\', \'referenced_blocks:{}\', \'reserved0:0\', \'unit:s\', \'unit_addr:1312\', \'val_param_nr:2\'])>'
  - 组 'ADC_5'.ADC_TotalRefTorque_A data_type: 4 vs 0
  - 组 'ADC_5'.ADC_TotalRefTorque_A bit_count: 64 vs 16
  - 组 'ADC_5'.ADC_TotalRefTorque_A flags: 0 vs 16
  - 组 'ADC_5'.ADC_TotalRefTorque_A conversion: 'None' vs '<ChannelConversion (name: , unit: Nm, comment: , formula: , referenced blocks: {}, address: 643216, fields: [\'_cache:None\', \'a:1.0\', \'address:643216\', \'b:-32768.0\', \'block_len:96\', \'comment:\', \'comment_addr:0\', \'conversion_type:1\', \'flags:0\', \'formula:\', "id:b\'##CC\'", \'inv_conv_addr:0\', \'is_user_defined:False\', \'links_nr:4\', \'max_phy_value:0.0\', \'min_phy_value:0.0\', \'name:\', \'name_addr:0\', \'precision:0\', \'ref_param_nr:0\', \'referenced_blocks:{}\', \'reserved0:0\', \'unit:Nm\', \'unit_addr:643184\', \'val_param_nr:2\'])>'
  - 组 'ADC_12'.t data_type: 4 vs 0
  - 组 'ADC_12'.t conversion: 'None' vs '<ChannelConversion (name: , unit: s, comment: , formula: , referenced blocks: {}, address: 1344, fields: [\'_cache:None\', \'a:1e-09\', \'address:1344\', \'b:0.0\', \'block_len:96\', \'comment:\', \'comment_addr:0\', \'conversion_type:1\', \'flags:0\', \'formula:\', "id:b\'##CC\'", \'inv_conv_addr:0\', \'is_user_defined:False\', \'links_nr:4\', \'max_phy_value:0.0\', \'min_phy_value:0.0\', \'name:\', \'name_addr:0\', \'precision:0\', \'ref_param_nr:0\', \'referenced_blocks:{}\', \'reserved0:0\', \'unit:s\', \'unit_addr:1312\', \'val_param_nr:2\'])>'
  - 组 'ADC_12'.ADC_PAAFuncSt data_type: 7 vs 0
  - 组 'ADC_12'.ADC_PAAFuncSt bit_count: 64 vs 4
  - 组 'ADC_12'.ADC_PAAFuncSt flags: 0 vs 16
  - 组 'ADC_12'.ADC_PAAFuncSt conversion: 'None' vs '<ChannelConversion (name: , unit: , comment: , formula: , referenced blocks: {\'text_0\': b\'None\', \'text_1\': b\'APA\', \'text_2\': b\'RPA\', \'text_3\': b\'HPA\', \'text_4\': b\'AVP\', \'text_5\': b\'RA\', \'text_6\': b\'Custom Slot\', \'text_7\': b\'PAA\', \'text_8\': b\'DPA\', \'text_9\': b\'summon\', \'text_10\': b\'BSPA\', \'default_addr\': b\'\'}, address: 661128, fields: [\'_cache:None\', \'address:661128\', \'block_len:264\', \'comment:\', \'comment_addr:0\', \'conversion_type:7\', \'default_addr:0\', \'flags:0\', \'formula:\', "id:b\'##CC\'", \'inv_conv_addr:0\', \'is_user_defined:False\', \'links_nr:16\', \'max_phy_value:0.0\', \'min_phy_value:0.0\', \'name:\', \'name_addr:0\', \'precision:0\', \'ref_param_nr:12\', "referenced_blocks:{\'text_0\': b\'None\', \'text_1\': b\'APA\', \'text_2\': b\'RPA\', \'text_3\': b\'HPA\', \'text_4\': b\'AVP\', \'text_5\': b\'RA\', \'text_6\': b\'Custom Slot\', \'text_7\': b\'PAA\', \'text_8\': b\'DPA\', \'text_9\': b\'summon\', \'text_10\': b\'BSPA\', \'default_addr\': b\'\'}", \'reserved0:0\', \'text_0:660768\', \'text_1:660800\', \'text_10:661096\', \'text_2:660832\', \'text_3:660864\', \'text_4:660896\', \'text_5:660928\', \'text_6:660960\', \'text_7:661000\', \'text_8:661032\', \'text_9:661064\', \'unit:\', \'unit_addr:0\', \'val_0:0.0\', \'val_1:1.0\', \'val_10:10.0\', \'val_2:2.0\', \'val_3:3.0\', \'val_4:4.0\', \'val_5:5.0\', \'val_6:6.0\', \'val_7:7.0\', \'val_8:8.0\', \'val_9:9.0\', \'val_param_nr:11\'])>'
  - 组 'ADC_14'.t data_type: 4 vs 0
  - 组 'ADC_14'.t conversion: 'None' vs '<ChannelConversion (name: , unit: s, comment: , formula: , referenced blocks: {}, address: 1344, fields: [\'_cache:None\', \'a:1e-09\', \'address:1344\', \'b:0.0\', \'block_len:96\', \'comment:\', \'comment_addr:0\', \'conversion_type:1\', \'flags:0\', \'formula:\', "id:b\'##CC\'", \'inv_conv_addr:0\', \'is_user_defined:False\', \'links_nr:4\', \'max_phy_value:0.0\', \'min_phy_value:0.0\', \'name:\', \'name_addr:0\', \'precision:0\', \'ref_param_nr:0\', \'referenced_blocks:{}\', \'reserved0:0\', \'unit:s\', \'unit_addr:1312\', \'val_param_nr:2\'])>'
  - 组 'ADC_14'.ADAS_RemoterParkingOnlineOrNot data_type: 7 vs 0
  - 组 'ADC_14'.ADAS_RemoterParkingOnlineOrNot bit_count: 64 vs 8
  - 组 'ADC_14'.ADAS_RemoterParkingOnlineOrNot flags: 0 vs 16
  - 组 'ADC_14'.ADAS_RemoterParkingOnlineOrNot conversion: 'None' vs '<ChannelConversion (name: , unit: , comment: , formula: , referenced blocks: {\'text_0\': b\'None\', \'text_1\': b\'rolling counter\', \'text_2\': b\'rolling counter\', \'text_3\': b\'rolling counter\', \'text_4\': b\'rolling counter\', \'text_5\': b\'rolling counter\', \'text_6\': b\'rolling counter\', \'text_7\': b\'rolling counter\', \'text_8\': b\'rolling counter\', \'text_9\': b\'rolling counter\', \'text_10\': b\'rolling counter\', \'text_11\': b\'rolling counter\', \'text_12\': b\'rolling counter\', \'text_13\': b\'rolling counter\', \'text_14\': b\'rolling counter\', \'text_15\': b\'rolling counter\', \'text_16\': b\'rolling counter\', \'text_17\': b\'rolling counter\', \'text_18\': b\'rolling counter\', \'text_19\': b\'rolling counter\', \'text_20\': b\'rolling counter\', \'text_21\': b\'rolling counter\', \'text_22\': b\'rolling counter\', \'text_23\': b\'rolling counter\', \'text_24\': b\'rolling counter\', \'text_25\': b\'rolling counter\', \'text_26\': b\'rolling counter\', \'text_27\': b\'rolling counter\', \'text_28\': b\'rolling counter\', \'text_29\': b\'rolling counter\', \'text_30\': b\'rolling counter\', \'text_31\': b\'rolling counter\', \'text_32\': b\'rolling counter\', \'text_33\': b\'rolling counter\', \'text_34\': b\'rolling counter\', \'text_35\': b\'rolling counter\', \'text_36\': b\'rolling counter\', \'text_37\': b\'rolling counter\', \'text_38\': b\'rolling counter\', \'text_39\': b\'rolling counter\', \'text_40\': b\'rolling counter\', \'text_41\': b\'rolling counter\', \'text_42\': b\'rolling counter\', \'text_43\': b\'rolling counter\', \'text_44\': b\'rolling counter\', \'text_45\': b\'rolling counter\', \'text_46\': b\'rolling counter\', \'text_47\': b\'rolling counter\', \'text_48\': b\'rolling counter\', \'text_49\': b\'rolling counter\', \'text_50\': b\'rolling counter\', \'text_51\': b\'rolling counter\', \'text_52\': b\'rolling counter\', \'text_53\': b\'rolling counter\', \'text_54\': b\'rolling counter\', \'text_55\': b\'rolling counter\', \'text_56\': b\'rolling counter\', \'text_57\': b\'rolling counter\', \'text_58\': b\'rolling counter\', \'text_59\': b\'rolling counter\', \'text_60\': b\'rolling counter\', \'text_61\': b\'rolling counter\', \'text_62\': b\'rolling counter\', \'text_63\': b\'rolling counter\', \'text_64\': b\'rolling counter\', \'text_65\': b\'rolling counter\', \'text_66\': b\'rolling counter\', \'text_67\': b\'rolling counter\', \'text_68\': b\'rolling counter\', \'text_69\': b\'rolling counter\', \'text_70\': b\'rolling counter\', \'text_71\': b\'rolling counter\', \'text_72\': b\'rolling counter\', \'text_73\': b\'rolling counter\', \'text_74\': b\'rolling counter\', \'text_75\': b\'rolling counter\', \'text_76\': b\'rolling counter\', \'text_77\': b\'rolling counter\', \'text_78\': b\'rolling counter\', \'text_79\': b\'rolling counter\', \'text_80\': b\'rolling counter\', \'text_81\': b\'rolling counter\', \'text_82\': b\'rolling counter\', \'text_83\': b\'rolling counter\', \'text_84\': b\'rolling counter\', \'text_85\': b\'rolling counter\', \'text_86\': b\'rolling counter\', \'text_87\': b\'rolling counter\', \'text_88\': b\'rolling counter\', \'text_89\': b\'rolling counter\', \'text_90\': b\'rolling counter\', \'text_91\': b\'rolling counter\', \'text_92\': b\'rolling counter\', \'text_93\': b\'rolling counter\', \'text_94\': b\'rolling counter\', \'text_95\': b\'rolling counter\', \'text_96\': b\'rolling counter\', \'text_97\': b\'rolling counter\', \'text_98\': b\'rolling counter\', \'text_99\': b\'rolling counter\', \'text_100\': b\'rolling counter\', \'text_101\': b\'rolling counter\', \'text_102\': b\'rolling counter\', \'text_103\': b\'rolling counter\', \'text_104\': b\'rolling counter\', \'text_105\': b\'rolling counter\', \'text_106\': b\'rolling counter\', \'text_107\': b\'rolling counter\', \'text_108\': b\'rolling counter\', \'text_109\': b\'rolling counter\', \'text_110\': b\'rolling counter\', \'text_111\': b\'rolling counter\', \'text_112\': b\'rolling counter\', \'text_113\': b\'rolling counter\', \'text_114\': b\'rolling counter\', \'text_115\': b\'rolling counter\', \'text_116\': b\'rolling counter\', \'text_117\': b\'rolling counter\', \'text_118\': b\'rolling counter\', \'text_119\': b\'rolling counter\', \'text_120\': b\'rolling counter\', \'text_121\': b\'rolling counter\', \'text_122\': b\'rolling counter\', \'text_123\': b\'rolling counter\', \'text_124\': b\'rolling counter\', \'text_125\': b\'rolling counter\', \'text_126\': b\'rolling counter\', \'text_127\': b\'rolling counter\', \'text_128\': b\'rolling counter\', \'text_129\': b\'rolling counter\', \'text_130\': b\'rolling counter\', \'text_131\': b\'rolling counter\', \'text_132\': b\'rolling counter\', \'text_133\': b\'rolling counter\', \'text_134\': b\'rolling counter\', \'text_135\': b\'rolling counter\', \'text_136\': b\'rolling counter\', \'text_137\': b\'rolling counter\', \'text_138\': b\'rolling counter\', \'text_139\': b\'rolling counter\', \'text_140\': b\'rolling counter\', \'text_141\': b\'rolling counter\', \'text_142\': b\'rolling counter\', \'text_143\': b\'rolling counter\', \'text_144\': b\'rolling counter\', \'text_145\': b\'rolling counter\', \'text_146\': b\'rolling counter\', \'text_147\': b\'rolling counter\', \'text_148\': b\'rolling counter\', \'text_149\': b\'rolling counter\', \'text_150\': b\'rolling counter\', \'text_151\': b\'rolling counter\', \'text_152\': b\'rolling counter\', \'text_153\': b\'rolling counter\', \'text_154\': b\'rolling counter\', \'text_155\': b\'rolling counter\', \'text_156\': b\'rolling counter\', \'text_157\': b\'rolling counter\', \'text_158\': b\'rolling counter\', \'text_159\': b\'rolling counter\', \'text_160\': b\'rolling counter\', \'text_161\': b\'rolling counter\', \'text_162\': b\'rolling counter\', \'text_163\': b\'rolling counter\', \'text_164\': b\'rolling counter\', \'text_165\': b\'rolling counter\', \'text_166\': b\'rolling counter\', \'text_167\': b\'rolling counter\', \'text_168\': b\'rolling counter\', \'text_169\': b\'rolling counter\', \'text_170\': b\'rolling counter\', \'text_171\': b\'rolling counter\', \'text_172\': b\'rolling counter\', \'text_173\': b\'rolling counter\', \'text_174\': b\'rolling counter\', \'text_175\': b\'rolling counter\', \'text_176\': b\'rolling counter\', \'text_177\': b\'rolling counter\', \'text_178\': b\'rolling counter\', \'text_179\': b\'rolling counter\', \'text_180\': b\'rolling counter\', \'text_181\': b\'rolling counter\', \'text_182\': b\'rolling counter\', \'text_183\': b\'rolling counter\', \'text_184\': b\'rolling counter\', \'text_185\': b\'rolling counter\', \'text_186\': b\'rolling counter\', \'text_187\': b\'rolling counter\', \'text_188\': b\'rolling counter\', \'text_189\': b\'rolling counter\', \'text_190\': b\'rolling counter\', \'text_191\': b\'rolling counter\', \'text_192\': b\'rolling counter\', \'text_193\': b\'rolling counter\', \'text_194\': b\'rolling counter\', \'text_195\': b\'rolling counter\', \'text_196\': b\'rolling counter\', \'text_197\': b\'rolling counter\', \'text_198\': b\'rolling counter\', \'text_199\': b\'rolling counter\', \'text_200\': b\'rolling counter\', \'text_201\': b\'rolling counter\', \'text_202\': b\'rolling counter\', \'text_203\': b\'rolling counter\', \'text_204\': b\'rolling counter\', \'text_205\': b\'rolling counter\', \'text_206\': b\'rolling counter\', \'text_207\': b\'rolling counter\', \'text_208\': b\'rolling counter\', \'text_209\': b\'rolling counter\', \'text_210\': b\'rolling counter\', \'text_211\': b\'rolling counter\', \'text_212\': b\'rolling counter\', \'text_213\': b\'rolling counter\', \'text_214\': b\'rolling counter\', \'text_215\': b\'rolling counter\', \'text_216\': b\'rolling counter\', \'text_217\': b\'rolling counter\', \'text_218\': b\'rolling counter\', \'text_219\': b\'rolling counter\', \'text_220\': b\'rolling counter\', \'text_221\': b\'rolling counter\', \'text_222\': b\'rolling counter\', \'text_223\': b\'rolling counter\', \'text_224\': b\'rolling counter\', \'text_225\': b\'rolling counter\', \'text_226\': b\'rolling counter\', \'text_227\': b\'rolling counter\', \'text_228\': b\'rolling counter\', \'text_229\': b\'rolling counter\', \'text_230\': b\'rolling counter\', \'text_231\': b\'rolling counter\', \'text_232\': b\'rolling counter\', \'text_233\': b\'rolling counter\', \'text_234\': b\'rolling counter\', \'text_235\': b\'rolling counter\', \'text_236\': b\'rolling counter\', \'text_237\': b\'rolling counter\', \'text_238\': b\'rolling counter\', \'text_239\': b\'rolling counter\', \'text_240\': b\'rolling counter\', \'text_241\': b\'rolling counter\', \'text_242\': b\'rolling counter\', \'text_243\': b\'rolling counter\', \'text_244\': b\'rolling counter\', \'text_245\': b\'rolling counter\', \'text_246\': b\'rolling counter\', \'text_247\': b\'rolling counter\', \'text_248\': b\'rolling counter\', \'text_249\': b\'rolling counter\', \'text_250\': b\'rolling counter\', \'text_251\': b\'rolling counter\', \'text_252\': b\'rolling counter\', \'text_253\': b\'rolling counter\', \'text_254\': b\'rolling counter\', \'text_255\': b\'rolling counter\', \'default_addr\': b\'\'}, address: 723800, fields: [\'_cache:None\', \'address:723800\', \'block_len:4184\', \'comment:\', \'comment_addr:0\', \'conversion_type:7\', \'default_addr:0\', \'flags:0\', \'formula:\', "id:b\'##CC\'", \'inv_conv_addr:0\', \'is_user_defined:False\', \'links_nr:261\', \'max_phy_value:0.0\', \'min_phy_value:0.0\', \'name:\', \'name_addr:0\', \'precision:0\', \'ref_param_nr:257\', "referenced_blocks:{\'text_0\': b\'None\', \'text_1\': b\'rolling counter\', \'text_2\': b\'rolling counter\', \'text_3\': b\'rolling counter\', \'text_4\': b\'rolling counter\', \'text_5\': b\'rolling counter\', \'text_6\': b\'rolling counter\', \'text_7\': b\'rolling counter\', \'text_8\': b\'rolling counter\', \'text_9\': b\'rolling counter\', \'text_10\': b\'rolling counter\', \'text_11\': b\'rolling counter\', \'text_12\': b\'rolling counter\', \'text_13\': b\'rolling counter\', \'text_14\': b\'rolling counter\', \'text_15\': b\'rolling counter\', \'text_16\': b\'rolling counter\', \'text_17\': b\'rolling counter\', \'text_18\': b\'rolling counter\', \'text_19\': b\'rolling counter\', \'text_20\': b\'rolling counter\', \'text_21\': b\'rolling counter\', \'text_22\': b\'rolling counter\', \'text_23\': b\'rolling counter\', \'text_24\': b\'rolling counter\', \'text_25\': b\'rolling counter\', \'text_26\': b\'rolling counter\', \'text_27\': b\'rolling counter\', \'text_28\': b\'rolling counter\', \'text_29\': b\'rolling counter\', \'text_30\': b\'rolling counter\', \'text_31\': b\'rolling counter\', \'text_32\': b\'rolling counter\', \'text_33\': b\'rolling counter\', \'text_34\': b\'rolling counter\', \'text_35\': b\'rolling counter\', \'text_36\': b\'rolling counter\', \'text_37\': b\'rolling counter\', \'text_38\': b\'rolling counter\', \'text_39\': b\'rolling counter\', \'text_40\': b\'rolling counter\', \'text_41\': b\'rolling counter\', \'text_42\': b\'rolling counter\', \'text_43\': b\'rolling counter\', \'text_44\': b\'rolling counter\', \'text_45\': b\'rolling counter\', \'text_46\': b\'rolling counter\', \'text_47\': b\'rolling counter\', \'text_48\': b\'rolling counter\', \'text_49\': b\'rolling counter\', \'text_50\': b\'rolling counter\', \'text_51\': b\'rolling counter\', \'text_52\': b\'rolling counter\', \'text_53\': b\'rolling counter\', \'text_54\': b\'rolling counter\', \'text_55\': b\'rolling counter\', \'text_56\': b\'rolling counter\', \'text_57\': b\'rolling counter\', \'text_58\': b\'rolling counter\', \'text_59\': b\'rolling counter\', \'text_60\': b\'rolling counter\', \'text_61\': b\'rolling counter\', \'text_62\': b\'rolling counter\', \'text_63\': b\'rolling counter\', \'text_64\': b\'rolling counter\', \'text_65\': b\'rolling counter\', \'text_66\': b\'rolling counter\', \'text_67\': b\'rolling counter\', \'text_68\': b\'rolling counter\', \'text_69\': b\'rolling counter\', \'text_70\': b\'rolling counter\', \'text_71\': b\'rolling counter\', \'text_72\': b\'rolling counter\', \'text_73\': b\'rolling counter\', \'text_74\': b\'rolling counter\', \'text_75\': b\'rolling counter\', \'text_76\': b\'rolling counter\', \'text_77\': b\'rolling counter\', \'text_78\': b\'rolling counter\', \'text_79\': b\'rolling counter\', \'text_80\': b\'rolling counter\', \'text_81\': b\'rolling counter\', \'text_82\': b\'rolling counter\', \'text_83\': b\'rolling counter\', \'text_84\': b\'rolling counter\', \'text_85\': b\'rolling counter\', \'text_86\': b\'rolling counter\', \'text_87\': b\'rolling counter\', \'text_88\': b\'rolling counter\', \'text_89\': b\'rolling counter\', \'text_90\': b\'rolling counter\', \'text_91\': b\'rolling counter\', \'text_92\': b\'rolling counter\', \'text_93\': b\'rolling counter\', \'text_94\': b\'rolling counter\', \'text_95\': b\'rolling counter\', \'text_96\': b\'rolling counter\', \'text_97\': b\'rolling counter\', \'text_98\': b\'rolling counter\', \'text_99\': b\'rolling counter\', \'text_100\': b\'rolling counter\', \'text_101\': b\'rolling counter\', \'text_102\': b\'rolling counter\', \'text_103\': b\'rolling counter\', \'text_104\': b\'rolling counter\', \'text_105\': b\'rolling counter\', \'text_106\': b\'rolling counter\', \'text_107\': b\'rolling counter\', \'text_108\': b\'rolling counter\', \'text_109\': b\'rolling counter\', \'text_110\': b\'rolling counter\', \'text_111\': b\'rolling counter\', \'text_112\': b\'rolling counter\', \'text_113\': b\'rolling counter\', \'text_114\': b\'rolling counter\', \'text_115\': b\'rolling counter\', \'text_116\': b\'rolling counter\', \'text_117\': b\'rolling counter\', \'text_118\': b\'rolling counter\', \'text_119\': b\'rolling counter\', \'text_120\': b\'rolling counter\', \'text_121\': b\'rolling counter\', \'text_122\': b\'rolling counter\', \'text_123\': b\'rolling counter\', \'text_124\': b\'rolling counter\', \'text_125\': b\'rolling counter\', \'text_126\': b\'rolling counter\', \'text_127\': b\'rolling counter\', \'text_128\': b\'rolling counter\', \'text_129\': b\'rolling counter\', \'text_130\': b\'rolling counter\', \'text_131\': b\'rolling counter\', \'text_132\': b\'rolling counter\', \'text_133\': b\'rolling counter\', \'text_134\': b\'rolling counter\', \'text_135\': b\'rolling counter\', \'text_136\': b\'rolling counter\', \'text_137\': b\'rolling counter\', \'text_138\': b\'rolling counter\', \'text_139\': b\'rolling counter\', \'text_140\': b\'rolling counter\', \'text_141\': b\'rolling counter\', \'text_142\': b\'rolling counter\', \'text_143\': b\'rolling counter\', \'text_144\': b\'rolling counter\', \'text_145\': b\'rolling counter\', \'text_146\': b\'rolling counter\', \'text_147\': b\'rolling counter\', \'text_148\': b\'rolling counter\', \'text_149\': b\'rolling counter\', \'text_150\': b\'rolling counter\', \'text_151\': b\'rolling counter\', \'text_152\': b\'rolling counter\', \'text_153\': b\'rolling counter\', \'text_154\': b\'rolling counter\', \'text_155\': b\'rolling counter\', \'text_156\': b\'rolling counter\', \'text_157\': b\'rolling counter\', \'text_158\': b\'rolling counter\', \'text_159\': b\'rolling counter\', \'text_160\': b\'rolling counter\', \'text_161\': b\'rolling counter\', \'text_162\': b\'rolling counter\', \'text_163\': b\'rolling counter\', \'text_164\': b\'rolling counter\', \'text_165\': b\'rolling counter\', \'text_166\': b\'rolling counter\', \'text_167\': b\'rolling counter\', \'text_168\': b\'rolling counter\', \'text_169\': b\'rolling counter\', \'text_170\': b\'rolling counter\', \'text_171\': b\'rolling counter\', \'text_172\': b\'rolling counter\', \'text_173\': b\'rolling counter\', \'text_174\': b\'rolling counter\', \'text_175\': b\'rolling counter\', \'text_176\': b\'rolling counter\', \'text_177\': b\'rolling counter\', \'text_178\': b\'rolling counter\', \'text_179\': b\'rolling counter\', \'text_180\': b\'rolling counter\', \'text_181\': b\'rolling counter\', \'text_182\': b\'rolling counter\', \'text_183\': b\'rolling counter\', \'text_184\': b\'rolling counter\', \'text_185\': b\'rolling counter\', \'text_186\': b\'rolling counter\', \'text_187\': b\'rolling counter\', \'text_188\': b\'rolling counter\', \'text_189\': b\'rolling counter\', \'text_190\': b\'rolling counter\', \'text_191\': b\'rolling counter\', \'text_192\': b\'rolling counter\', \'text_193\': b\'rolling counter\', \'text_194\': b\'rolling counter\', \'text_195\': b\'rolling counter\', \'text_196\': b\'rolling counter\', \'text_197\': b\'rolling counter\', \'text_198\': b\'rolling counter\', \'text_199\': b\'rolling counter\', \'text_200\': b\'rolling counter\', \'text_201\': b\'rolling counter\', \'text_202\': b\'rolling counter\', \'text_203\': b\'rolling counter\', \'text_204\': b\'rolling counter\', \'text_205\': b\'rolling counter\', \'text_206\': b\'rolling counter\', \'text_207\': b\'rolling counter\', \'text_208\': b\'rolling counter\', \'text_209\': b\'rolling counter\', \'text_210\': b\'rolling counter\', \'text_211\': b\'rolling counter\', \'text_212\': b\'rolling counter\', \'text_213\': b\'rolling counter\', \'text_214\': b\'rolling counter\', \'text_215\': b\'rolling counter\', \'text_216\': b\'rolling counter\', \'text_217\': b\'rolling counter\', \'text_218\': b\'rolling counter\', \'text_219\': b\'rolling counter\', \'text_220\': b\'rolling counter\', \'text_221\': b\'rolling counter\', \'text_222\': b\'rolling counter\', \'text_223\': b\'rolling counter\', \'text_224\': b\'rolling counter\', \'text_225\': b\'rolling counter\', \'text_226\': b\'rolling counter\', \'text_227\': b\'rolling counter\', \'text_228\': b\'rolling counter\', \'text_229\': b\'rolling counter\', \'text_230\': b\'rolling counter\', \'text_231\': b\'rolling counter\', \'text_232\': b\'rolling counter\', \'text_233\': b\'rolling counter\', \'text_234\': b\'rolling counter\', \'text_235\': b\'rolling counter\', \'text_236\': b\'rolling counter\', \'text_237\': b\'rolling counter\', \'text_238\': b\'rolling counter\', \'text_239\': b\'rolling counter\', \'text_240\': b\'rolling counter\', \'text_241\': b\'rolling counter\', \'text_242\': b\'rolling counter\', \'text_243\': b\'rolling counter\', \'text_244\': b\'rolling counter\', \'text_245\': b\'rolling counter\', \'text_246\': b\'rolling counter\', \'text_247\': b\'rolling counter\', \'text_248\': b\'rolling counter\', \'text_249\': b\'rolling counter\', \'text_250\': b\'rolling counter\', \'text_251\': b\'rolling counter\', \'text_252\': b\'rolling counter\', \'text_253\': b\'rolling counter\', \'text_254\': b\'rolling counter\', \'text_255\': b\'rolling counter\', \'default_addr\': b\'\'}", \'reserved0:0\', \'text_0:713568\', \'text_1:713600\', \'text_10:713960\', \'text_100:717560\', \'text_101:717600\', \'text_102:717640\', \'text_103:717680\', \'text_104:717720\', \'text_105:717760\', \'text_106:717800\', \'text_107:717840\', \'text_108:717880\', \'text_109:717920\', \'text_11:714000\', \'text_110:717960\', \'text_111:718000\', \'text_112:718040\', \'text_113:718080\', \'text_114:718120\', \'text_115:718160\', \'text_116:718200\', \'text_117:718240\', \'text_118:718280\', \'text_119:718320\', \'text_12:714040\', \'text_120:718360\', \'text_121:718400\', \'text_122:718440\', \'text_123:718480\', \'text_124:718520\', \'text_125:718560\', \'text_126:718600\', \'text_127:718640\', \'text_128:718680\', \'text_129:718720\', \'text_13:714080\', \'text_130:718760\', \'text_131:718800\', \'text_132:718840\', \'text_133:718880\', \'text_134:718920\', \'text_135:718960\', \'text_136:719000\', \'text_137:719040\', \'text_138:719080\', \'text_139:719120\', \'text_14:714120\', \'text_140:719160\', \'text_141:719200\', \'text_142:719240\', \'text_143:719280\', \'text_144:719320\', \'text_145:719360\', \'text_146:719400\', \'text_147:719440\', \'text_148:719480\', \'text_149:719520\', \'text_15:714160\', \'text_150:719560\', \'text_151:719600\', \'text_152:719640\', \'text_153:719680\', \'text_154:719720\', \'text_155:719760\', \'text_156:719800\', \'text_157:719840\', \'text_158:719880\', \'text_159:719920\', \'text_16:714200\', \'text_160:719960\', \'text_161:720000\', \'text_162:720040\', \'text_163:720080\', \'text_164:720120\', \'text_165:720160\', \'text_166:720200\', \'text_167:720240\', \'text_168:720280\', \'text_169:720320\', \'text_17:714240\', \'text_170:720360\', \'text_171:720400\', \'text_172:720440\', \'text_173:720480\', \'text_174:720520\', \'text_175:720560\', \'text_176:720600\', \'text_177:720640\', \'text_178:720680\', \'text_179:720720\', \'text_18:714280\', \'text_180:720760\', \'text_181:720800\', \'text_182:720840\', \'text_183:720880\', \'text_184:720920\', \'text_185:720960\', \'text_186:721000\', \'text_187:721040\', \'text_188:721080\', \'text_189:721120\', \'text_19:714320\', \'text_190:721160\', \'text_191:721200\', \'text_192:721240\', \'text_193:721280\', \'text_194:721320\', \'text_195:721360\', \'text_196:721400\', \'text_197:721440\', \'text_198:721480\', \'text_199:721520\', \'text_2:713640\', \'text_20:714360\', \'text_200:721560\', \'text_201:721600\', \'text_202:721640\', \'text_203:721680\', \'text_204:721720\', \'text_205:721760\', \'text_206:721800\', \'text_207:721840\', \'text_208:721880\', \'text_209:721920\', \'text_21:714400\', \'text_210:721960\', \'text_211:722000\', \'text_212:722040\', \'text_213:722080\', \'text_214:722120\', \'text_215:722160\', \'text_216:722200\', \'text_217:722240\', \'text_218:722280\', \'text_219:722320\', \'text_22:714440\', \'text_220:722360\', \'text_221:722400\', \'text_222:722440\', \'text_223:722480\', \'text_224:722520\', \'text_225:722560\', \'text_226:722600\', \'text_227:722640\', \'text_228:722680\', \'text_229:722720\', \'text_23:714480\', \'text_230:722760\', \'text_231:722800\', \'text_232:722840\', \'text_233:722880\', \'text_234:722920\', \'text_235:722960\', \'text_236:723000\', \'text_237:723040\', \'text_238:723080\', \'text_239:723120\', \'text_24:714520\', \'text_240:723160\', \'text_241:723200\', \'text_242:723240\', \'text_243:723280\', \'text_244:723320\', \'text_245:723360\', \'text_246:723400\', \'text_247:723440\', \'text_248:723480\', \'text_249:723520\', \'text_25:714560\', \'text_250:723560\', \'text_251:723600\', \'text_252:723640\', \'text_253:723680\', \'text_254:723720\', \'text_255:723760\', \'text_26:714600\', \'text_27:714640\', \'text_28:714680\', \'text_29:714720\', \'text_3:713680\', \'text_30:714760\', \'text_31:714800\', \'text_32:714840\', \'text_33:714880\', \'text_34:714920\', \'text_35:714960\', \'text_36:715000\', \'text_37:715040\', \'text_38:715080\', \'text_39:715120\', \'text_4:713720\', \'text_40:715160\', \'text_41:715200\', \'text_42:715240\', \'text_43:715280\', \'text_44:715320\', \'text_45:715360\', \'text_46:715400\', \'text_47:715440\', \'text_48:715480\', \'text_49:715520\', \'text_5:713760\', \'text_50:715560\', \'text_51:715600\', \'text_52:715640\', \'text_53:715680\', \'text_54:715720\', \'text_55:715760\', \'text_56:715800\', \'text_57:715840\', \'text_58:715880\', \'text_59:715920\', \'text_6:713800\', \'text_60:715960\', \'text_61:716000\', \'text_62:716040\', \'text_63:716080\', \'text_64:716120\', \'text_65:716160\', \'text_66:716200\', \'text_67:716240\', \'text_68:716280\', \'text_69:716320\', \'text_7:713840\', \'text_70:716360\', \'text_71:716400\', \'text_72:716440\', \'text_73:716480\', \'text_74:716520\', \'text_75:716560\', \'text_76:716600\', \'text_77:716640\', \'text_78:716680\', \'text_79:716720\', \'text_8:713880\', \'text_80:716760\', \'text_81:716800\', \'text_82:716840\', \'text_83:716880\', \'text_84:716920\', \'text_85:716960\', \'text_86:717000\', \'text_87:717040\', \'text_88:717080\', \'text_89:717120\', \'text_9:713920\', \'text_90:717160\', \'text_91:717200\', \'text_92:717240\', \'text_93:717280\', \'text_94:717320\', \'text_95:717360\', \'text_96:717400\', \'text_97:717440\', \'text_98:717480\', \'text_99:717520\', \'unit:\', \'unit_addr:0\', \'val_0:0.0\', \'val_1:1.0\', \'val_10:10.0\', \'val_100:100.0\', \'val_101:101.0\', \'val_102:102.0\', \'val_103:103.0\', \'val_104:104.0\', \'val_105:105.0\', \'val_106:106.0\', \'val_107:107.0\', \'val_108:108.0\', \'val_109:109.0\', \'val_11:11.0\', \'val_110:110.0\', \'val_111:111.0\', \'val_112:112.0\', \'val_113:113.0\', \'val_114:114.0\', \'val_115:115.0\', \'val_116:116.0\', \'val_117:117.0\', \'val_118:118.0\', \'val_119:119.0\', \'val_12:12.0\', \'val_120:120.0\', \'val_121:121.0\', \'val_122:122.0\', \'val_123:123.0\', \'val_124:124.0\', \'val_125:125.0\', \'val_126:126.0\', \'val_127:127.0\', \'val_128:128.0\', \'val_129:129.0\', \'val_13:13.0\', \'val_130:130.0\', \'val_131:131.0\', \'val_132:132.0\', \'val_133:133.0\', \'val_134:134.0\', \'val_135:135.0\', \'val_136:136.0\', \'val_137:137.0\', \'val_138:138.0\', \'val_139:139.0\', \'val_14:14.0\', \'val_140:140.0\', \'val_141:141.0\', \'val_142:142.0\', \'val_143:143.0\', \'val_144:144.0\', \'val_145:145.0\', \'val_146:146.0\', \'val_147:147.0\', \'val_148:148.0\', \'val_149:149.0\', \'val_15:15.0\', \'val_150:150.0\', \'val_151:151.0\', \'val_152:152.0\', \'val_153:153.0\', \'val_154:154.0\', \'val_155:155.0\', \'val_156:156.0\', \'val_157:157.0\', \'val_158:158.0\', \'val_159:159.0\', \'val_16:16.0\', \'val_160:160.0\', \'val_161:161.0\', \'val_162:162.0\', \'val_163:163.0\', \'val_164:164.0\', \'val_165:165.0\', \'val_166:166.0\', \'val_167:167.0\', \'val_168:168.0\', \'val_169:169.0\', \'val_17:17.0\', \'val_170:170.0\', \'val_171:171.0\', \'val_172:172.0\', \'val_173:173.0\', \'val_174:174.0\', \'val_175:175.0\', \'val_176:176.0\', \'val_177:177.0\', \'val_178:178.0\', \'val_179:179.0\', \'val_18:18.0\', \'val_180:180.0\', \'val_181:181.0\', \'val_182:182.0\', \'val_183:183.0\', \'val_184:184.0\', \'val_185:185.0\', \'val_186:186.0\', \'val_187:187.0\', \'val_188:188.0\', \'val_189:189.0\', \'val_19:19.0\', \'val_190:190.0\', \'val_191:191.0\', \'val_192:192.0\', \'val_193:193.0\', \'val_194:194.0\', \'val_195:195.0\', \'val_196:196.0\', \'val_197:197.0\', \'val_198:198.0\', \'val_199:199.0\', \'val_2:2.0\', \'val_20:20.0\', \'val_200:200.0\', \'val_201:201.0\', \'val_202:202.0\', \'val_203:203.0\', \'val_204:204.0\', \'val_205:205.0\', \'val_206:206.0\', \'val_207:207.0\', \'val_208:208.0\', \'val_209:209.0\', \'val_21:21.0\', \'val_210:210.0\', \'val_211:211.0\', \'val_212:212.0\', \'val_213:213.0\', \'val_214:214.0\', \'val_215:215.0\', \'val_216:216.0\', \'val_217:217.0\', \'val_218:218.0\', \'val_219:219.0\', \'val_22:22.0\', \'val_220:220.0\', \'val_221:221.0\', \'val_222:222.0\', \'val_223:223.0\', \'val_224:224.0\', \'val_225:225.0\', \'val_226:226.0\', \'val_227:227.0\', \'val_228:228.0\', \'val_229:229.0\', \'val_23:23.0\', \'val_230:230.0\', \'val_231:231.0\', \'val_232:232.0\', \'val_233:233.0\', \'val_234:234.0\', \'val_235:235.0\', \'val_236:236.0\', \'val_237:237.0\', \'val_238:238.0\', \'val_239:239.0\', \'val_24:24.0\', \'val_240:240.0\', \'val_241:241.0\', \'val_242:242.0\', \'val_243:243.0\', \'val_244:244.0\', \'val_245:245.0\', \'val_246:246.0\', \'val_247:247.0\', \'val_248:248.0\', \'val_249:249.0\', \'val_25:25.0\', \'val_250:250.0\', \'val_251:251.0\', \'val_252:252.0\', \'val_253:253.0\', \'val_254:254.0\', \'val_255:255.0\', \'val_26:26.0\', \'val_27:27.0\', \'val_28:28.0\', \'val_29:29.0\', \'val_3:3.0\', \'val_30:30.0\', \'val_31:31.0\', \'val_32:32.0\', \'val_33:33.0\', \'val_34:34.0\', \'val_35:35.0\', \'val_36:36.0\', \'val_37:37.0\', \'val_38:38.0\', \'val_39:39.0\', \'val_4:4.0\', \'val_40:40.0\', \'val_41:41.0\', \'val_42:42.0\', \'val_43:43.0\', \'val_44:44.0\', \'val_45:45.0\', \'val_46:46.0\', \'val_47:47.0\', \'val_48:48.0\', \'val_49:49.0\', \'val_5:5.0\', \'val_50:50.0\', \'val_51:51.0\', \'val_52:52.0\', \'val_53:53.0\', \'val_54:54.0\', \'val_55:55.0\', \'val_56:56.0\', \'val_57:57.0\', \'val_58:58.0\', \'val_59:59.0\', \'val_6:6.0\', \'val_60:60.0\', \'val_61:61.0\', \'val_62:62.0\', \'val_63:63.0\', \'val_64:64.0\', \'val_65:65.0\', \'val_66:66.0\', \'val_67:67.0\', \'val_68:68.0\', \'val_69:69.0\', \'val_7:7.0\', \'val_70:70.0\', \'val_71:71.0\', \'val_72:72.0\', \'val_73:73.0\', \'val_74:74.0\', \'val_75:75.0\', \'val_76:76.0\', \'val_77:77.0\', \'val_78:78.0\', \'val_79:79.0\', \'val_8:8.0\', \'val_80:80.0\', \'val_81:81.0\', \'val_82:82.0\', \'val_83:83.0\', \'val_84:84.0\', \'val_85:85.0\', \'val_86:86.0\', \'val_87:87.0\', \'val_88:88.0\', \'val_89:89.0\', \'val_9:9.0\', \'val_90:90.0\', \'val_91:91.0\', \'val_92:92.0\', \'val_93:93.0\', \'val_94:94.0\', \'val_95:95.0\', \'val_96:96.0\', \'val_97:97.0\', \'val_98:98.0\', \'val_99:99.0\', \'val_param_nr:256\'])>'
  - 组 'ADC_14'.ADC_PwrOnOffReq data_type: 7 vs 0
  - 组 'ADC_14'.ADC_PwrOnOffReq bit_count: 64 vs 3
  - 组 'ADC_14'.ADC_PwrOnOffReq flags: 0 vs 16
  - 组 'ADC_14'.ADC_PwrOnOffReq conversion: 'None' vs '<ChannelConversion (name: , unit: , comment: , formula: , referenced blocks: {\'text_0\': b\'None\', \'text_1\': b\'Power on & Enter Ready\', \'text_2\': b\'Power off & Lock car\', \'text_3\': b\'Enter the ready state\', \'text_4\': b\'Exit ready state (maintain high voltage)\', \'text_5\': b\'Power off only\', \'default_addr\': b\'\'}, address: 728680, fields: [\'_cache:None\', \'address:728680\', \'block_len:184\', \'comment:\', \'comment_addr:0\', \'conversion_type:7\', \'default_addr:0\', \'flags:0\', \'formula:\', "id:b\'##CC\'", \'inv_conv_addr:0\', \'is_user_defined:False\', \'links_nr:11\', \'max_phy_value:0.0\', \'min_phy_value:0.0\', \'name:\', \'name_addr:0\', \'precision:0\', \'ref_param_nr:7\', "referenced_blocks:{\'text_0\': b\'None\', \'text_1\': b\'Power on & Enter Ready\', \'text_2\': b\'Power off & Lock car\', \'text_3\': b\'Enter the ready state\', \'text_4\': b\'Exit ready state (maintain high voltage)\', \'text_5\': b\'Power off only\', \'default_addr\': b\'\'}", \'reserved0:0\', \'text_0:728392\', \'text_1:728424\', \'text_2:728472\', \'text_3:728520\', \'text_4:728568\', \'text_5:728640\', \'unit:\', \'unit_addr:0\', \'val_0:0.0\', \'val_1:1.0\', \'val_2:2.0\', \'val_3:3.0\', \'val_4:4.0\', \'val_5:5.0\', \'val_param_nr:6\'])>'
  - 组 'ADC_8': 组内信号序不同 ['ADC_ThmPostRun', 'ADC_FlowReq', 'ADC_LowPowerFailReason', 'ADC_MachineStatus', 'ADC_ChargGunReq', 'ADC_ChargGunHoldReq', 'ADC_ChargReq', 'ADC_ChargHoldReq']... vs ['ADC_ThmPostRun', 'ADC_FlowReq', 'ADC_MachineStatus', 'ADC_LowPowerFailReason', 'ADC_ChargHoldReq', 'ADC_ChargReq', 'ADC_ChargGunHoldReq', 'ADC_ChargGunReq']...
  - 组 'ADC_8'.t data_type: 4 vs 0
  - 组 'ADC_8'.t conversion: 'None' vs '<ChannelConversion (name: , unit: s, comment: , formula: , referenced blocks: {}, address: 1344, fields: [\'_cache:None\', \'a:1e-09\', \'address:1344\', \'b:0.0\', \'block_len:96\', \'comment:\', \'comment_addr:0\', \'conversion_type:1\', \'flags:0\', \'formula:\', "id:b\'##CC\'", \'inv_conv_addr:0\', \'is_user_defined:False\', \'links_nr:4\', \'max_phy_value:0.0\', \'min_phy_value:0.0\', \'name:\', \'name_addr:0\', \'precision:0\', \'ref_param_nr:0\', \'referenced_blocks:{}\', \'reserved0:0\', \'unit:s\', \'unit_addr:1312\', \'val_param_nr:2\'])>'
  - 组 'ADC_8'.ADC_ThmPostRun data_type: 7 vs 0
  - 组 'ADC_8'.ADC_ThmPostRun bit_count: 64 vs 1
  - 组 'ADC_8'.ADC_ThmPostRun flags: 0 vs 16
  - 组 'ADC_8'.ADC_ThmPostRun conversion: 'None' vs '<ChannelConversion (name: , unit: , comment: , formula: , referenced blocks: {\'text_0\': b\'TMS is not required to respond to ADC cooling flow request\', \'text_1\': b\'TMS is required to respind to ADC cooling flow request\', \'default_addr\': b\'\'}, address: 851640, fields: [\'_cache:None\', \'address:851640\', \'block_len:120\', \'comment:\', \'comment_addr:0\', \'conversion_type:7\', \'default_addr:0\', \'flags:0\', \'formula:\', "id:b\'##CC\'", \'inv_conv_addr:0\', \'is_user_defined:False\', \'links_nr:7\', \'max_phy_value:0.0\', \'min_phy_value:0.0\', \'name:\', \'name_addr:0\', \'precision:0\', \'ref_param_nr:3\', "referenced_blocks:{\'text_0\': b\'TMS is not required to respond to ADC cooling flow request\', \'text_1\': b\'TMS is required to respind to ADC cooling flow request\', \'default_addr\': b\'\'}", \'reserved0:0\', \'text_0:851472\', \'text_1:851560\', \'unit:\', \'unit_addr:0\', \'val_0:0.0\', \'val_1:1.0\', \'val_param_nr:2\'])>'
  - 组 'ADC_8'.ADC_FlowReq data_type: 7 vs 0
  - 组 'ADC_8'.ADC_FlowReq bit_count: 64 vs 5
  - 组 'ADC_8'.ADC_FlowReq flags: 0 vs 16
  - 组 'ADC_8'.ADC_FlowReq conversion: 'None' vs '<ChannelConversion (name: , unit: , comment: , formula: , referenced blocks: {\'text_0\': b\'0 L/min\', \'text_1\': b\'0.25 L/min\', \'text_2\': b\'0.5 L/min\', \'text_3\': b\'0.75 L/min\', \'text_4\': b\'1 L/min\', \'text_5\': b\'1.25 L/min\', \'text_6\': b\'1.5 L/min\', \'text_7\': b\'1.75 L/min\', \'text_8\': b\'2 L/min\', \'text_9\': b\'2.25 L/min\', \'text_10\': b\'2.5 L/min\', \'text_11\': b\'2.75 L/min\', \'text_12\': b\'3 L/min\', \'text_13\': b\'3.25 L/min\', \'text_14\': b\'3.5 L/min\', \'text_15\': b\'3.75 L/min\', \'text_16\': b\'4 L/min\', \'default_addr\': b\'\'}, address: 852784, fields: [\'_cache:None\', \'address:852784\', \'block_len:360\', \'comment:\', \'comment_addr:0\', \'conversion_type:7\', \'default_addr:0\', \'flags:0\', \'formula:\', "id:b\'##CC\'", \'inv_conv_addr:0\', \'is_user_defined:False\', \'links_nr:22\', \'max_phy_value:0.0\', \'min_phy_value:0.0\', \'name:\', \'name_addr:0\', \'precision:0\', \'ref_param_nr:18\', "referenced_blocks:{\'text_0\': b\'0 L/min\', \'text_1\': b\'0.25 L/min\', \'text_2\': b\'0.5 L/min\', \'text_3\': b\'0.75 L/min\', \'text_4\': b\'1 L/min\', \'text_5\': b\'1.25 L/min\', \'text_6\': b\'1.5 L/min\', \'text_7\': b\'1.75 L/min\', \'text_8\': b\'2 L/min\', \'text_9\': b\'2.25 L/min\', \'text_10\': b\'2.5 L/min\', \'text_11\': b\'2.75 L/min\', \'text_12\': b\'3 L/min\', \'text_13\': b\'3.25 L/min\', \'text_14\': b\'3.5 L/min\', \'text_15\': b\'3.75 L/min\', \'text_16\': b\'4 L/min\', \'default_addr\': b\'\'}", \'reserved0:0\', \'text_0:852144\', \'text_1:852176\', \'text_10:852520\', \'text_11:852560\', \'text_12:852600\', \'text_13:852632\', \'text_14:852672\', \'text_15:852712\', \'text_16:852752\', \'text_2:852216\', \'text_3:852256\', \'text_4:852296\', \'text_5:852328\', \'text_6:852368\', \'text_7:852408\', \'text_8:852448\', \'text_9:852480\', \'unit:\', \'unit_addr:0\', \'val_0:0.0\', \'val_1:1.0\', \'val_10:10.0\', \'val_11:11.0\', \'val_12:12.0\', \'val_13:13.0\', \'val_14:14.0\', \'val_15:15.0\', \'val_16:16.0\', \'val_2:2.0\', \'val_3:3.0\', \'val_4:4.0\', \'val_5:5.0\', \'val_6:6.0\', \'val_7:7.0\', \'val_8:8.0\', \'val_9:9.0\', \'val_param_nr:17\'])>'
  - 组 'ADC_8'.ADC_LowPowerFailReason data_type: 7 vs 0
  - 组 'ADC_8'.ADC_LowPowerFailReason bit_count: 64 vs 3
  - 组 'ADC_8'.ADC_LowPowerFailReason flags: 0 vs 16
  - 组 'ADC_8'.ADC_LowPowerFailReason conversion: 'None' vs '<ChannelConversion (name: , unit: , comment: , formula: , referenced blocks: {\'text_0\': b\'Default\', \'text_1\': b\'ADS Function Active\', \'text_2\': b\'Machine is not available\', \'text_3\': b\'OTA\', \'text_4\': b\'reverse\', \'text_5\': b\'reverse\', \'text_6\': b\'reverse\', \'text_7\': b\'reverse\', \'default_addr\': b\'\'}, address: 854720, fields: [\'_cache:None\', \'address:854720\', \'block_len:216\', \'comment:\', \'comment_addr:0\', \'conversion_type:7\', \'default_addr:0\', \'flags:0\', \'formula:\', "id:b\'##CC\'", \'inv_conv_addr:0\', \'is_user_defined:False\', \'links_nr:13\', \'max_phy_value:0.0\', \'min_phy_value:0.0\', \'name:\', \'name_addr:0\', \'precision:0\', \'ref_param_nr:9\', "referenced_blocks:{\'text_0\': b\'Default\', \'text_1\': b\'ADS Function Active\', \'text_2\': b\'Machine is not available\', \'text_3\': b\'OTA\', \'text_4\': b\'reverse\', \'text_5\': b\'reverse\', \'text_6\': b\'reverse\', \'text_7\': b\'reverse\', \'default_addr\': b\'\'}", \'reserved0:0\', \'text_0:854424\', \'text_1:854456\', \'text_2:854504\', \'text_3:854560\', \'text_4:854592\', \'text_5:854624\', \'text_6:854656\', \'text_7:854688\', \'unit:\', \'unit_addr:0\', \'val_0:0.0\', \'val_1:1.0\', \'val_2:2.0\', \'val_3:3.0\', \'val_4:4.0\', \'val_5:5.0\', \'val_6:6.0\', \'val_7:7.0\', \'val_param_nr:8\'])>'
  - 组 'ADC_8'.ADC_MachineStatus data_type: 7 vs 0
  - 组 'ADC_8'.ADC_MachineStatus bit_count: 64 vs 3
  - 组 'ADC_8'.ADC_MachineStatus flags: 0 vs 16
  - 组 'ADC_8'.ADC_MachineStatus conversion: 'None' vs '<ChannelConversion (name: , unit: , comment: , formula: , referenced blocks: {\'text_0\': b\'default\', \'text_1\': b\'Modechanging\', \'text_2\': b\'Active Mode\', \'text_3\': b\'PartialActive Mode\', \'text_4\': b\'reverse\', \'text_5\': b\'reverse\', \'text_6\': b\'reverse\', \'text_7\': b\'Invalid\', \'default_addr\': b\'\'}, address: 853824, fields: [\'_cache:None\', \'address:853824\', \'block_len:216\', \'comment:\', \'comment_addr:0\', \'conversion_type:7\', \'default_addr:0\', \'flags:0\', \'formula:\', "id:b\'##CC\'", \'inv_conv_addr:0\', \'is_user_defined:False\', \'links_nr:13\', \'max_phy_value:0.0\', \'min_phy_value:0.0\', \'name:\', \'name_addr:0\', \'precision:0\', \'ref_param_nr:9\', "referenced_blocks:{\'text_0\': b\'default\', \'text_1\': b\'Modechanging\', \'text_2\': b\'Active Mode\', \'text_3\': b\'PartialActive Mode\', \'text_4\': b\'reverse\', \'text_5\': b\'reverse\', \'text_6\': b\'reverse\', \'text_7\': b\'Invalid\', \'default_addr\': b\'\'}", \'reserved0:0\', \'text_0:853536\', \'text_1:853568\', \'text_2:853608\', \'text_3:853648\', \'text_4:853696\', \'text_5:853728\', \'text_6:853760\', \'text_7:853792\', \'unit:\', \'unit_addr:0\', \'val_0:0.0\', \'val_1:1.0\', \'val_2:2.0\', \'val_3:3.0\', \'val_4:4.0\', \'val_5:5.0\', \'val_6:6.0\', \'val_7:7.0\', \'val_param_nr:8\'])>'
  - 组 'ADC_8'.ADC_ChargGunReq data_type: 7 vs 0
  - 组 'ADC_8'.ADC_ChargGunReq bit_count: 64 vs 2
  - 组 'ADC_8'.ADC_ChargGunReq flags: 0 vs 16
  - 组 'ADC_8'.ADC_ChargGunReq conversion: 'None' vs '<ChannelConversion (name: , unit: , comment: , formula: , referenced blocks: {\'text_0\': b\'No Request\', \'text_1\': b\'Close\', \'text_2\': b\'Open\', \'default_addr\': b\'\'}, address: 857504, fields: [\'_cache:None\', \'address:857504\', \'block_len:136\', \'comment:\', \'comment_addr:0\', \'conversion_type:7\', \'default_addr:0\', \'flags:0\', \'formula:\', "id:b\'##CC\'", \'inv_conv_addr:0\', \'is_user_defined:False\', \'links_nr:8\', \'max_phy_value:0.0\', \'min_phy_value:0.0\', \'name:\', \'name_addr:0\', \'precision:0\', \'ref_param_nr:4\', "referenced_blocks:{\'text_0\': b\'No Request\', \'text_1\': b\'Close\', \'text_2\': b\'Open\', \'default_addr\': b\'\'}", \'reserved0:0\', \'text_0:857400\', \'text_1:857440\', \'text_2:857472\', \'unit:\', \'unit_addr:0\', \'val_0:0.0\', \'val_1:1.0\', \'val_2:2.0\', \'val_param_nr:3\'])>'
  - 组 'ADC_8'.ADC_ChargGunHoldReq data_type: 7 vs 0
  - 组 'ADC_8'.ADC_ChargGunHoldReq bit_count: 64 vs 2
  - 组 'ADC_8'.ADC_ChargGunHoldReq flags: 0 vs 16
  - 组 'ADC_8'.ADC_ChargGunHoldReq conversion: 'None' vs '<ChannelConversion (name: , unit: , comment: , formula: , referenced blocks: {\'text_0\': b\'No Request\', \'text_1\': b\'HoldClose\', \'text_2\': b\'HoldOpen\', \'text_3\': b\'HoldShield\', \'default_addr\': b\'\'}, address: 856848, fields: [\'_cache:None\', \'address:856848\', \'block_len:152\', \'comment:\', \'comment_addr:0\', \'conversion_type:7\', \'default_addr:0\', \'flags:0\', \'formula:\', "id:b\'##CC\'", \'inv_conv_addr:0\', \'is_user_defined:False\', \'links_nr:9\', \'max_phy_value:0.0\', \'min_phy_value:0.0\', \'name:\', \'name_addr:0\', \'precision:0\', \'ref_param_nr:5\', "referenced_blocks:{\'text_0\': b\'No Request\', \'text_1\': b\'HoldClose\', \'text_2\': b\'HoldOpen\', \'text_3\': b\'HoldShield\', \'default_addr\': b\'\'}", \'reserved0:0\', \'text_0:856688\', \'text_1:856728\', \'text_2:856768\', \'text_3:856808\', \'unit:\', \'unit_addr:0\', \'val_0:0.0\', \'val_1:1.0\', \'val_2:2.0\', \'val_3:3.0\', \'val_param_nr:4\'])>'
  - 组 'ADC_8'.ADC_ChargReq data_type: 7 vs 0
  - 组 'ADC_8'.ADC_ChargReq bit_count: 64 vs 2
  - 组 'ADC_8'.ADC_ChargReq flags: 0 vs 16
  - 组 'ADC_8'.ADC_ChargReq conversion: 'None' vs '<ChannelConversion (name: , unit: , comment: , formula: , referenced blocks: {\'text_0\': b\'No Request\', \'text_1\': b\'Start\', \'text_2\': b\'Stop\', \'default_addr\': b\'\'}, address: 856168, fields: [\'_cache:None\', \'address:856168\', \'block_len:136\', \'comment:\', \'comment_addr:0\', \'conversion_type:7\', \'default_addr:0\', \'flags:0\', \'formula:\', "id:b\'##CC\'", \'inv_conv_addr:0\', \'is_user_defined:False\', \'links_nr:8\', \'max_phy_value:0.0\', \'min_phy_value:0.0\', \'name:\', \'name_addr:0\', \'precision:0\', \'ref_param_nr:4\', "referenced_blocks:{\'text_0\': b\'No Request\', \'text_1\': b\'Start\', \'text_2\': b\'Stop\', \'default_addr\': b\'\'}", \'reserved0:0\', \'text_0:856064\', \'text_1:856104\', \'text_2:856136\', \'unit:\', \'unit_addr:0\', \'val_0:0.0\', \'val_1:1.0\', \'val_2:2.0\', \'val_param_nr:3\'])>'
  - 组 'ADC_8'.ADC_ChargHoldReq data_type: 7 vs 0
  - 组 'ADC_8'.ADC_ChargHoldReq bit_count: 64 vs 2
  - 组 'ADC_8'.ADC_ChargHoldReq flags: 0 vs 16
  - 组 'ADC_8'.ADC_ChargHoldReq conversion: 'None' vs '<ChannelConversion (name: , unit: , comment: , formula: , referenced blocks: {\'text_0\': b\'No Request\', \'text_1\': b\'HoldStart\', \'text_2\': b\'HoldStop\', \'text_3\': b\'HoldShield\', \'default_addr\': b\'\'}, address: 855512, fields: [\'_cache:None\', \'address:855512\', \'block_len:152\', \'comment:\', \'comment_addr:0\', \'conversion_type:7\', \'default_addr:0\', \'flags:0\', \'formula:\', "id:b\'##CC\'", \'inv_conv_addr:0\', \'is_user_defined:False\', \'links_nr:9\', \'max_phy_value:0.0\', \'min_phy_value:0.0\', \'name:\', \'name_addr:0\', \'precision:0\', \'ref_param_nr:5\', "referenced_blocks:{\'text_0\': b\'No Request\', \'text_1\': b\'HoldStart\', \'text_2\': b\'HoldStop\', \'text_3\': b\'HoldShield\', \'default_addr\': b\'\'}", \'reserved0:0\', \'text_0:855352\', \'text_1:855392\', \'text_2:855432\', \'text_3:855472\', \'unit:\', \'unit_addr:0\', \'val_0:0.0\', \'val_1:1.0\', \'val_2:2.0\', \'val_3:3.0\', \'val_param_nr:4\'])>'
  - 组 'ADC_6'.t data_type: 4 vs 0
  - 组 'ADC_6'.t conversion: 'None' vs '<ChannelConversion (name: , unit: s, comment: , formula: , referenced blocks: {}, address: 1344, fields: [\'_cache:None\', \'a:1e-09\', \'address:1344\', \'b:0.0\', \'block_len:96\', \'comment:\', \'comment_addr:0\', \'conversion_type:1\', \'flags:0\', \'formula:\', "id:b\'##CC\'", \'inv_conv_addr:0\', \'is_user_defined:False\', \'links_nr:4\', \'max_phy_value:0.0\', \'min_phy_value:0.0\', \'name:\', \'name_addr:0\', \'precision:0\', \'ref_param_nr:0\', \'referenced_blocks:{}\', \'reserved0:0\', \'unit:s\', \'unit_addr:1312\', \'val_param_nr:2\'])>'
  - 组 'ADC_6'.ADC_SOCWakeupHVReq data_type: 7 vs 0
  - 组 'ADC_6'.ADC_SOCWakeupHVReq bit_count: 64 vs 1
  - 组 'ADC_6'.ADC_SOCWakeupHVReq flags: 0 vs 16
  - 组 'ADC_6'.ADC_SOCWakeupHVReq conversion: 'None' vs '<ChannelConversion (name: , unit: , comment: , formula: , referenced blocks: {\'text_0\': b\'No Request\', \'text_1\': b\'Request\', \'default_addr\': b\'\'}, address: 893992, fields: [\'_cache:None\', \'address:893992\', \'block_len:120\', \'comment:\', \'comment_addr:0\', \'conversion_type:7\', \'default_addr:0\', \'flags:0\', \'formula:\', "id:b\'##CC\'", \'inv_conv_addr:0\', \'is_user_defined:False\', \'links_nr:7\', \'max_phy_value:0.0\', \'min_phy_value:0.0\', \'name:\', \'name_addr:0\', \'precision:0\', \'ref_param_nr:3\', "referenced_blocks:{\'text_0\': b\'No Request\', \'text_1\': b\'Request\', \'default_addr\': b\'\'}", \'reserved0:0\', \'text_0:893920\', \'text_1:893960\', \'unit:\', \'unit_addr:0\', \'val_0:0.0\', \'val_1:1.0\', \'val_param_nr:2\'])>'
  - 组 'CCU_VCU_2'.t data_type: 4 vs 0
  - 组 'CCU_VCU_2'.t conversion: 'None' vs '<ChannelConversion (name: , unit: s, comment: , formula: , referenced blocks: {}, address: 1344, fields: [\'_cache:None\', \'a:1e-09\', \'address:1344\', \'b:0.0\', \'block_len:96\', \'comment:\', \'comment_addr:0\', \'conversion_type:1\', \'flags:0\', \'formula:\', "id:b\'##CC\'", \'inv_conv_addr:0\', \'is_user_defined:False\', \'links_nr:4\', \'max_phy_value:0.0\', \'min_phy_value:0.0\', \'name:\', \'name_addr:0\', \'precision:0\', \'ref_param_nr:0\', \'referenced_blocks:{}\', \'reserved0:0\', \'unit:s\', \'unit_addr:1312\', \'val_param_nr:2\'])>'
  - 组 'CCU_VCU_2'.VCU_TqUnloadEna data_type: 7 vs 0
  - 组 'CCU_VCU_2'.VCU_TqUnloadEna bit_count: 64 vs 2
  - 组 'CCU_VCU_2'.VCU_TqUnloadEna flags: 0 vs 16
  - 组 'CCU_VCU_2'.VCU_TqUnloadEna conversion: 'None' vs '<ChannelConversion (name: , unit: , comment: , formula: , referenced blocks: {\'text_0\': b\'disable\', \'text_1\': b\'enabe\', \'default_addr\': b\'\'}, address: 375096, fields: [\'_cache:None\', \'address:375096\', \'block_len:120\', \'comment:\', \'comment_addr:0\', \'conversion_type:7\', \'default_addr:0\', \'flags:0\', \'formula:\', "id:b\'##CC\'", \'inv_conv_addr:0\', \'is_user_defined:False\', \'links_nr:7\', \'max_phy_value:0.0\', \'min_phy_value:0.0\', \'name:\', \'name_addr:0\', \'precision:0\', \'ref_param_nr:3\', "referenced_blocks:{\'text_0\': b\'disable\', \'text_1\': b\'enabe\', \'default_addr\': b\'\'}", \'reserved0:0\', \'text_0:375032\', \'text_1:375064\', \'unit:\', \'unit_addr:0\', \'val_0:0.0\', \'val_1:1.0\', \'val_param_nr:2\'])>'
  - 组 'CCU_VCU_2'.VCU_MotTqRateLimMin data_type: 4 vs 0
  - 组 'CCU_VCU_2'.VCU_MotTqRateLimMin bit_count: 64 vs 12
  - 组 'CCU_VCU_2'.VCU_MotTqRateLimMin conversion: 'None' vs '<ChannelConversion (name: , unit: Nm/s, comment: , formula: , referenced blocks: {}, address: 375656, fields: [\'_cache:None\', \'a:5.0\', \'address:375656\', \'b:-20475.0\', \'block_len:96\', \'comment:\', \'comment_addr:0\', \'conversion_type:1\', \'flags:0\', \'formula:\', "id:b\'##CC\'", \'inv_conv_addr:0\', \'is_user_defined:False\', \'links_nr:4\', \'max_phy_value:0.0\', \'min_phy_value:0.0\', \'name:\', \'name_addr:0\', \'precision:0\', \'ref_param_nr:0\', \'referenced_blocks:{}\', \'reserved0:0\', \'unit:Nm/s\', \'unit_addr:375624\', \'val_param_nr:2\'])>'
  - 组 'CCU_VCU_2'.VCU_MotTqRateLimMax data_type: 4 vs 0
  - 组 'CCU_VCU_2'.VCU_MotTqRateLimMax bit_count: 64 vs 10
  - 组 'CCU_VCU_2'.VCU_MotTqRateLimMax flags: 0 vs 16
  - 组 'CCU_VCU_2'.VCU_MotTqRateLimMax conversion: 'None' vs '<ChannelConversion (name: , unit: Nm/s, comment: , formula: , referenced blocks: {}, address: 376200, fields: [\'_cache:None\', \'a:5.0\', \'address:376200\', \'b:0.0\', \'block_len:96\', \'comment:\', \'comment_addr:0\', \'conversion_type:1\', \'flags:0\', \'formula:\', "id:b\'##CC\'", \'inv_conv_addr:0\', \'is_user_defined:False\', \'links_nr:4\', \'max_phy_value:0.0\', \'min_phy_value:0.0\', \'name:\', \'name_addr:0\', \'precision:0\', \'ref_param_nr:0\', \'referenced_blocks:{}\', \'reserved0:0\', \'unit:Nm/s\', \'unit_addr:376168\', \'val_param_nr:2\'])>'
  - 组 'CCU_VCU_2'.VCU_DCU_TorqMaxAdas bit_count: 16 vs 10
  - 组 'CCU_VCU_2'.VCU_DCU_TorqMaxAdas flags: 0 vs 16
  - 组 'CCU_VCU_2'.VCU_DCU_TorqMaxAdas conversion: 'None' vs '<ChannelConversion (name: , unit: Nm, comment: , formula: , referenced blocks: {}, address: 376760, fields: [\'_cache:None\', \'address:376760\', \'block_len:80\', \'comment:\', \'comment_addr:0\', \'conversion_type:0\', \'flags:0\', \'formula:\', "id:b\'##CC\'", \'inv_conv_addr:0\', \'is_user_defined:False\', \'links_nr:4\', \'max_phy_value:0.0\', \'min_phy_value:0.0\', \'name:\', \'name_addr:0\', \'precision:0\', \'ref_param_nr:0\', \'referenced_blocks:{}\', \'reserved0:0\', \'unit:Nm\', \'unit_addr:376728\', \'val_param_nr:0\'])>'
  - 组 'CCU_VCU_2'.VCU_DCU_TorqMinAdas data_type: 4 vs 0
  - 组 'CCU_VCU_2'.VCU_DCU_TorqMinAdas bit_count: 64 vs 10
  - 组 'CCU_VCU_2'.VCU_DCU_TorqMinAdas conversion: 'None' vs '<ChannelConversion (name: , unit: Nm, comment: , formula: , referenced blocks: {}, address: 377304, fields: [\'_cache:None\', \'a:1.0\', \'address:377304\', \'b:-1023.0\', \'block_len:96\', \'comment:\', \'comment_addr:0\', \'conversion_type:1\', \'flags:0\', \'formula:\', "id:b\'##CC\'", \'inv_conv_addr:0\', \'is_user_defined:False\', \'links_nr:4\', \'max_phy_value:0.0\', \'min_phy_value:0.0\', \'name:\', \'name_addr:0\', \'precision:0\', \'ref_param_nr:0\', \'referenced_blocks:{}\', \'reserved0:0\', \'unit:Nm\', \'unit_addr:377272\', \'val_param_nr:2\'])>'
  - 组 'VCU_1': 组内信号序不同 ['VCU_1_CRC', 'VCU_1_Counter', 'VCU_CrashOutputSt', 'VCU_DCU_TorqSet', 'VCU_DCU_MinTorqDampgCtl', 'VCU_BMS_BoostChgMode', 'VCU_DCU_IdcMax', 'VCU_DCU_IdcMin']... vs ['VCU_1_CRC', 'VCU_1_Counter', 'VCU_CrashOutputSt', 'VCU_DCU_TorqSet', 'VCU_DCU_MinTorqDampgCtl', 'VCU_BMS_BoostChgMode', 'VCU_DCU_IdcMax', 'VCU_V2GSt']...
  - 组 'VCU_1'.t data_type: 4 vs 0
  - 组 'VCU_1'.t conversion: 'None' vs '<ChannelConversion (name: , unit: s, comment: , formula: , referenced blocks: {}, address: 1344, fields: [\'_cache:None\', \'a:1e-09\', \'address:1344\', \'b:0.0\', \'block_len:96\', \'comment:\', \'comment_addr:0\', \'conversion_type:1\', \'flags:0\', \'formula:\', "id:b\'##CC\'", \'inv_conv_addr:0\', \'is_user_defined:False\', \'links_nr:4\', \'max_phy_value:0.0\', \'min_phy_value:0.0\', \'name:\', \'name_addr:0\', \'precision:0\', \'ref_param_nr:0\', \'referenced_blocks:{}\', \'reserved0:0\', \'unit:s\', \'unit_addr:1312\', \'val_param_nr:2\'])>'
  - 组 'VCU_1'.VCU_1_CRC flags: 0 vs 16
  - 组 'VCU_1'.VCU_1_Counter flags: 0 vs 16
  - 组 'VCU_1'.VCU_CrashOutputSt data_type: 7 vs 0
  - 组 'VCU_1'.VCU_CrashOutputSt bit_count: 64 vs 2
  - 组 'VCU_1'.VCU_CrashOutputSt flags: 0 vs 16
  - 组 'VCU_1'.VCU_CrashOutputSt conversion: 'None' vs '<ChannelConversion (name: , unit: , comment: , formula: , referenced blocks: {\'text_0\': b\'No crash\', \'text_1\': b\'Crash\', \'default_addr\': b\'\'}, address: 422328, fields: [\'_cache:None\', \'address:422328\', \'block_len:120\', \'comment:\', \'comment_addr:0\', \'conversion_type:7\', \'default_addr:0\', \'flags:0\', \'formula:\', "id:b\'##CC\'", \'inv_conv_addr:0\', \'is_user_defined:False\', \'links_nr:7\', \'max_phy_value:0.0\', \'min_phy_value:0.0\', \'name:\', \'name_addr:0\', \'precision:0\', \'ref_param_nr:3\', "referenced_blocks:{\'text_0\': b\'No crash\', \'text_1\': b\'Crash\', \'default_addr\': b\'\'}", \'reserved0:0\', \'text_0:422256\', \'text_1:422296\', \'unit:\', \'unit_addr:0\', \'val_0:0.0\', \'val_1:3.0\', \'val_param_nr:2\'])>'
  - 组 'VCU_1'.VCU_DCU_TorqSet data_type: 4 vs 0
  - 组 'VCU_1'.VCU_DCU_TorqSet bit_count: 64 vs 13
  - 组 'VCU_1'.VCU_DCU_TorqSet flags: 0 vs 16
  - 组 'VCU_1'.VCU_DCU_TorqSet conversion: 'None' vs '<ChannelConversion (name: , unit: Nm, comment: , formula: , referenced blocks: {}, address: 422896, fields: [\'_cache:None\', \'a:0.2\', \'address:422896\', \'b:-819.0\', \'block_len:96\', \'comment:\', \'comment_addr:0\', \'conversion_type:1\', \'flags:0\', \'formula:\', "id:b\'##CC\'", \'inv_conv_addr:0\', \'is_user_defined:False\', \'links_nr:4\', \'max_phy_value:0.0\', \'min_phy_value:0.0\', \'name:\', \'name_addr:0\', \'precision:0\', \'ref_param_nr:0\', \'referenced_blocks:{}\', \'reserved0:0\', \'unit:Nm\', \'unit_addr:422864\', \'val_param_nr:2\'])>'
  - 组 'VCU_1'.VCU_DCU_MinTorqDampgCtl data_type: 4 vs 0
  - 组 'VCU_1'.VCU_DCU_MinTorqDampgCtl bit_count: 64 vs 8
  - 组 'VCU_1'.VCU_DCU_MinTorqDampgCtl conversion: 'None' vs '<ChannelConversion (name: , unit: Nm, comment: , formula: , referenced blocks: {}, address: 423424, fields: [\'_cache:None\', \'a:1.0\', \'address:423424\', \'b:-255.0\', \'block_len:96\', \'comment:\', \'comment_addr:0\', \'conversion_type:1\', \'flags:0\', \'formula:\', "id:b\'##CC\'", \'inv_conv_addr:0\', \'is_user_defined:False\', \'links_nr:4\', \'max_phy_value:0.0\', \'min_phy_value:0.0\', \'name:\', \'name_addr:0\', \'precision:0\', \'ref_param_nr:0\', \'referenced_blocks:{}\', \'reserved0:0\', \'unit:Nm\', \'unit_addr:423392\', \'val_param_nr:2\'])>'
  - 组 'VCU_1'.VCU_BMS_BoostChgMode data_type: 7 vs 0
  - 组 'VCU_1'.VCU_BMS_BoostChgMode bit_count: 64 vs 1
  - 组 'VCU_1'.VCU_BMS_BoostChgMode flags: 0 vs 16
  - 组 'VCU_1'.VCU_BMS_BoostChgMode conversion: 'None' vs '<ChannelConversion (name: , unit: , comment: , formula: , referenced blocks: {\'text_0\': b\'NO Boost\', \'text_1\': b\'Boost\', \'default_addr\': b\'\'}, address: 424032, fields: [\'_cache:None\', \'address:424032\', \'block_len:120\', \'comment:\', \'comment_addr:0\', \'conversion_type:7\', \'default_addr:0\', \'flags:0\', \'formula:\', "id:b\'##CC\'", \'inv_conv_addr:0\', \'is_user_defined:False\', \'links_nr:7\', \'max_phy_value:0.0\', \'min_phy_value:0.0\', \'name:\', \'name_addr:0\', \'precision:0\', \'ref_param_nr:3\', "referenced_blocks:{\'text_0\': b\'NO Boost\', \'text_1\': b\'Boost\', \'default_addr\': b\'\'}", \'reserved0:0\', \'text_0:423960\', \'text_1:424000\', \'unit:\', \'unit_addr:0\', \'val_0:0.0\', \'val_1:1.0\', \'val_param_nr:2\'])>'
  - 组 'VCU_1'.VCU_DCU_IdcMax bit_count: 16 vs 10
  - 组 'VCU_1'.VCU_DCU_IdcMax flags: 0 vs 16
  - 组 'VCU_1'.VCU_DCU_IdcMax conversion: 'None' vs '<ChannelConversion (name: , unit: A, comment: , formula: , referenced blocks: {}, address: 424600, fields: [\'_cache:None\', \'address:424600\', \'block_len:80\', \'comment:\', \'comment_addr:0\', \'conversion_type:0\', \'flags:0\', \'formula:\', "id:b\'##CC\'", \'inv_conv_addr:0\', \'is_user_defined:False\', \'links_nr:4\', \'max_phy_value:0.0\', \'min_phy_value:0.0\', \'name:\', \'name_addr:0\', \'precision:0\', \'ref_param_nr:0\', \'referenced_blocks:{}\', \'reserved0:0\', \'unit:A\', \'unit_addr:424568\', \'val_param_nr:0\'])>'
  - 组 'VCU_1'.VCU_DCU_IdcMin data_type: 4 vs 0
  - 组 'VCU_1'.VCU_DCU_IdcMin bit_count: 64 vs 10
  - 组 'VCU_1'.VCU_DCU_IdcMin conversion: 'None' vs '<ChannelConversion (name: , unit: A, comment: , formula: , referenced blocks: {}, address: 425720, fields: [\'_cache:None\', \'a:1.0\', \'address:425720\', \'b:-1023.0\', \'block_len:96\', \'comment:\', \'comment_addr:0\', \'conversion_type:1\', \'flags:0\', \'formula:\', "id:b\'##CC\'", \'inv_conv_addr:0\', \'is_user_defined:False\', \'links_nr:4\', \'max_phy_value:0.0\', \'min_phy_value:0.0\', \'name:\', \'name_addr:0\', \'precision:0\', \'ref_param_nr:0\', \'referenced_blocks:{}\', \'reserved0:0\', \'unit:A\', \'unit_addr:425688\', \'val_param_nr:2\'])>'
  - 组 'VCU_1'.VCU_V2GSt data_type: 7 vs 0
  - 组 'VCU_1'.VCU_V2GSt bit_count: 64 vs 1
  - 组 'VCU_1'.VCU_V2GSt flags: 0 vs 16
  - 组 'VCU_1'.VCU_V2GSt conversion: 'None' vs '<ChannelConversion (name: , unit: , comment: , formula: , referenced blocks: {\'text_0\': b\'Not V2G Discharging\', \'text_1\': b\'V2G Discharging\', \'default_addr\': b\'\'}, address: 425168, fields: [\'_cache:None\', \'address:425168\', \'block_len:120\', \'comment:\', \'comment_addr:0\', \'conversion_type:7\', \'default_addr:0\', \'flags:0\', \'formula:\', "id:b\'##CC\'", \'inv_conv_addr:0\', \'is_user_defined:False\', \'links_nr:7\', \'max_phy_value:0.0\', \'min_phy_value:0.0\', \'name:\', \'name_addr:0\', \'precision:0\', \'ref_param_nr:3\', "referenced_blocks:{\'text_0\': b\'Not V2G Discharging\', \'text_1\': b\'V2G Discharging\', \'default_addr\': b\'\'}", \'reserved0:0\', \'text_0:425080\', \'text_1:425128\', \'unit:\', \'unit_addr:0\', \'val_0:0.0\', \'val_1:1.0\', \'val_param_nr:2\'])>'
  - 组 'VCU_1'.VCU_DCU_TorqMin data_type: 4 vs 0
  - 组 'VCU_1'.VCU_DCU_TorqMin bit_count: 64 vs 10
  - 组 'VCU_1'.VCU_DCU_TorqMin conversion: 'None' vs '<ChannelConversion (name: , unit: Nm, comment: , formula: , referenced blocks: {}, address: 426864, fields: [\'_cache:None\', \'a:1.0\', \'address:426864\', \'b:-1023.0\', \'block_len:96\', \'comment:\', \'comment_addr:0\', \'conversion_type:1\', \'flags:0\', \'formula:\', "id:b\'##CC\'", \'inv_conv_addr:0\', \'is_user_defined:False\', \'links_nr:4\', \'max_phy_value:0.0\', \'min_phy_value:0.0\', \'name:\', \'name_addr:0\', \'precision:0\', \'ref_param_nr:0\', \'referenced_blocks:{}\', \'reserved0:0\', \'unit:Nm\', \'unit_addr:426832\', \'val_param_nr:2\'])>'
  - 组 'VCU_1'.EMS_GasPedalActPstforMRRVD_E data_type: 7 vs 0
  - 组 'VCU_1'.EMS_GasPedalActPstforMRRVD_E bit_count: 64 vs 1
  - 组 'VCU_1'.EMS_GasPedalActPstforMRRVD_E flags: 0 vs 16
  - 组 'VCU_1'.EMS_GasPedalActPstforMRRVD_E conversion: 'None' vs '<ChannelConversion (name: , unit: , comment: , formula: , referenced blocks: {\'text_0\': b\'Invalid\', \'text_1\': b\'Valid\', \'default_addr\': b\'\'}, address: 426288, fields: [\'_cache:None\', \'address:426288\', \'block_len:120\', \'comment:\', \'comment_addr:0\', \'conversion_type:7\', \'default_addr:0\', \'flags:0\', \'formula:\', "id:b\'##CC\'", \'inv_conv_addr:0\', \'is_user_defined:False\', \'links_nr:7\', \'max_phy_value:0.0\', \'min_phy_value:0.0\', \'name:\', \'name_addr:0\', \'precision:0\', \'ref_param_nr:3\', "referenced_blocks:{\'text_0\': b\'Invalid\', \'text_1\': b\'Valid\', \'default_addr\': b\'\'}", \'reserved0:0\', \'text_0:426224\', \'text_1:426256\', \'unit:\', \'unit_addr:0\', \'val_0:0.0\', \'val_1:1.0\', \'val_param_nr:2\'])>'
  - 组 'VCU_1'.VCU_DCU_MaxTorqGradient data_type: 4 vs 0
  - 组 'VCU_1'.VCU_DCU_MaxTorqGradient bit_count: 64 vs 14
  - 组 'VCU_1'.VCU_DCU_MaxTorqGradient flags: 0 vs 16
  - 组 'VCU_1'.VCU_DCU_MaxTorqGradient conversion: 'None' vs '<ChannelConversion (name: , unit: Nm/s, comment: , formula: , referenced blocks: {}, address: 427408, fields: [\'_cache:None\', \'a:32.0\', \'address:427408\', \'b:0.0\', \'block_len:96\', \'comment:\', \'comment_addr:0\', \'conversion_type:1\', \'flags:0\', \'formula:\', "id:b\'##CC\'", \'inv_conv_addr:0\', \'is_user_defined:False\', \'links_nr:4\', \'max_phy_value:0.0\', \'min_phy_value:0.0\', \'name:\', \'name_addr:0\', \'precision:0\', \'ref_param_nr:0\', \'referenced_blocks:{}\', \'reserved0:0\', \'unit:Nm/s\', \'unit_addr:427376\', \'val_param_nr:2\'])>'
  - 组 'VCU_1'.VCU_DCU_TorqMax bit_count: 16 vs 10
  - 组 'VCU_1'.VCU_DCU_TorqMax flags: 0 vs 16
  - 组 'VCU_1'.VCU_DCU_TorqMax conversion: 'None' vs '<ChannelConversion (name: , unit: Nm, comment: , formula: , referenced blocks: {}, address: 427960, fields: [\'_cache:None\', \'address:427960\', \'block_len:80\', \'comment:\', \'comment_addr:0\', \'conversion_type:0\', \'flags:0\', \'formula:\', "id:b\'##CC\'", \'inv_conv_addr:0\', \'is_user_defined:False\', \'links_nr:4\', \'max_phy_value:0.0\', \'min_phy_value:0.0\', \'name:\', \'name_addr:0\', \'precision:0\', \'ref_param_nr:0\', \'referenced_blocks:{}\', \'reserved0:0\', \'unit:Nm\', \'unit_addr:427928\', \'val_param_nr:0\'])>'
  - 组 'VCU_1'.VCU_DCU_MaxTorqDampgCtl flags: 0 vs 16
  - 组 'VCU_1'.VCU_DCU_MaxTorqDampgCtl conversion: 'None' vs '<ChannelConversion (name: , unit: Nm, comment: , formula: , referenced blocks: {}, address: 428488, fields: [\'_cache:None\', \'address:428488\', \'block_len:80\', \'comment:\', \'comment_addr:0\', \'conversion_type:0\', \'flags:0\', \'formula:\', "id:b\'##CC\'", \'inv_conv_addr:0\', \'is_user_defined:False\', \'links_nr:4\', \'max_phy_value:0.0\', \'min_phy_value:0.0\', \'name:\', \'name_addr:0\', \'precision:0\', \'ref_param_nr:0\', \'referenced_blocks:{}\', \'reserved0:0\', \'unit:Nm\', \'unit_addr:428456\', \'val_param_nr:0\'])>'
  - 组 'VCU_1'.VCU_DCU_SpdLmt data_type: 4 vs 0
  - 组 'VCU_1'.VCU_DCU_SpdLmt bit_count: 64 vs 16
  - 组 'VCU_1'.VCU_DCU_SpdLmt flags: 0 vs 16
  - 组 'VCU_1'.VCU_DCU_SpdLmt conversion: 'None' vs '<ChannelConversion (name: , unit: rpm, comment: , formula: , referenced blocks: {}, address: 429040, fields: [\'_cache:None\', \'a:1.0\', \'address:429040\', \'b:-32767.0\', \'block_len:96\', \'comment:\', \'comment_addr:0\', \'conversion_type:1\', \'flags:0\', \'formula:\', "id:b\'##CC\'", \'inv_conv_addr:0\', \'is_user_defined:False\', \'links_nr:4\', \'max_phy_value:0.0\', \'min_phy_value:0.0\', \'name:\', \'name_addr:0\', \'precision:0\', \'ref_param_nr:0\', \'referenced_blocks:{}\', \'reserved0:0\', \'unit:rpm\', \'unit_addr:429008\', \'val_param_nr:2\'])>'
  - 组 'VCU_1'.EMS_GasPedalActPstforMRR_E data_type: 4 vs 0
  - 组 'VCU_1'.EMS_GasPedalActPstforMRR_E bit_count: 64 vs 8
  - 组 'VCU_1'.EMS_GasPedalActPstforMRR_E flags: 0 vs 16
  - 组 'VCU_1'.EMS_GasPedalActPstforMRR_E conversion: 'None' vs '<ChannelConversion (name: , unit: %, comment: , formula: , referenced blocks: {}, address: 429568, fields: [\'_cache:None\', \'a:0.392\', \'address:429568\', \'b:0.0\', \'block_len:96\', \'comment:\', \'comment_addr:0\', \'conversion_type:1\', \'flags:0\', \'formula:\', "id:b\'##CC\'", \'inv_conv_addr:0\', \'is_user_defined:False\', \'links_nr:4\', \'max_phy_value:0.0\', \'min_phy_value:0.0\', \'name:\', \'name_addr:0\', \'precision:0\', \'ref_param_nr:0\', \'referenced_blocks:{}\', \'reserved0:0\', \'unit:%\', \'unit_addr:429536\', \'val_param_nr:2\'])>'
  - 组 'VCU_1'.VCU_DCU_SpdSet data_type: 4 vs 0
  - 组 'VCU_1'.VCU_DCU_SpdSet bit_count: 64 vs 16
  - 组 'VCU_1'.VCU_DCU_SpdSet flags: 0 vs 16
  - 组 'VCU_1'.VCU_DCU_SpdSet conversion: 'None' vs '<ChannelConversion (name: , unit: rpm, comment: , formula: , referenced blocks: {}, address: 430112, fields: [\'_cache:None\', \'a:1.0\', \'address:430112\', \'b:-32767.0\', \'block_len:96\', \'comment:\', \'comment_addr:0\', \'conversion_type:1\', \'flags:0\', \'formula:\', "id:b\'##CC\'", \'inv_conv_addr:0\', \'is_user_defined:False\', \'links_nr:4\', \'max_phy_value:0.0\', \'min_phy_value:0.0\', \'name:\', \'name_addr:0\', \'precision:0\', \'ref_param_nr:0\', \'referenced_blocks:{}\', \'reserved0:0\', \'unit:rpm\', \'unit_addr:430080\', \'val_param_nr:2\'])>'
  - 组 'VCU_1'.VCU_CrntGearLvl data_type: 7 vs 0
  - 组 'VCU_1'.VCU_CrntGearLvl bit_count: 64 vs 3
  - 组 'VCU_1'.VCU_CrntGearLvl flags: 0 vs 16
  - 组 'VCU_1'.VCU_CrntGearLvl conversion: 'None' vs '<ChannelConversion (name: , unit: , comment: , formula: , referenced blocks: {\'text_0\': b\'Invalid;- others : reserved\', \'text_1\': b"\'D\' Drive gear", \'text_2\': b"\'N\' Neutral gear", \'text_3\': b"\'R\' Reverse gear", \'text_4\': b"\'P\' Park gear", \'default_addr\': b\'\'}, address: 431568, fields: [\'_cache:None\', \'address:431568\', \'block_len:168\', \'comment:\', \'comment_addr:0\', \'conversion_type:7\', \'default_addr:0\', \'flags:0\', \'formula:\', "id:b\'##CC\'", \'inv_conv_addr:0\', \'is_user_defined:False\', \'links_nr:10\', \'max_phy_value:0.0\', \'min_phy_value:0.0\', \'name:\', \'name_addr:0\', \'precision:0\', \'ref_param_nr:6\', \'referenced_blocks:{\\\'text_0\\\': b\\\'Invalid;- others : reserved\\\', \\\'text_1\\\': b"\\\'D\\\' Drive gear", \\\'text_2\\\': b"\\\'N\\\' Neutral gear", \\\'text_3\\\': b"\\\'R\\\' Reverse gear", \\\'text_4\\\': b"\\\'P\\\' Park gear", \\\'default_addr\\\': b\\\'\\\'}\', \'reserved0:0\', \'text_0:431336\', \'text_1:431392\', \'text_2:431432\', \'text_3:431480\', \'text_4:431528\', \'unit:\', \'unit_addr:0\', \'val_0:0.0\', \'val_1:1.0\', \'val_2:2.0\', \'val_3:3.0\', \'val_4:4.0\', \'val_param_nr:5\'])>'
  - 组 'VCU_1'.VCU_DCU_SurgeDamperStReq data_type: 7 vs 0
  - 组 'VCU_1'.VCU_DCU_SurgeDamperStReq bit_count: 64 vs 2
  - 组 'VCU_1'.VCU_DCU_SurgeDamperStReq flags: 0 vs 16
  - 组 'VCU_1'.VCU_DCU_SurgeDamperStReq conversion: 'None' vs '<ChannelConversion (name: , unit: , comment: , formula: , referenced blocks: {\'text_0\': b\'DstC_off;- others : reserved\', \'text_1\': b\'DstC_ext\', \'text_2\': b\'DstC_int_ext\', \'default_addr\': b\'\'}, address: 430768, fields: [\'_cache:None\', \'address:430768\', \'block_len:136\', \'comment:\', \'comment_addr:0\', \'conversion_type:7\', \'default_addr:0\', \'flags:0\', \'formula:\', "id:b\'##CC\'", \'inv_conv_addr:0\', \'is_user_defined:False\', \'links_nr:8\', \'max_phy_value:0.0\', \'min_phy_value:0.0\', \'name:\', \'name_addr:0\', \'precision:0\', \'ref_param_nr:4\', "referenced_blocks:{\'text_0\': b\'DstC_off;- others : reserved\', \'text_1\': b\'DstC_ext\', \'text_2\': b\'DstC_int_ext\', \'default_addr\': b\'\'}", \'reserved0:0\', \'text_0:430632\', \'text_1:430688\', \'text_2:430728\', \'unit:\', \'unit_addr:0\', \'val_0:0.0\', \'val_1:1.0\', \'val_2:2.0\', \'val_param_nr:3\'])>'
  - 组 'VCU_1'.VCU_DCU_SurgeDamperFactor data_type: 4 vs 0
  - 组 'VCU_1'.VCU_DCU_SurgeDamperFactor bit_count: 64 vs 6
  - 组 'VCU_1'.VCU_DCU_SurgeDamperFactor flags: 0 vs 16
  - 组 'VCU_1'.VCU_DCU_SurgeDamperFactor conversion: 'None' vs '<ChannelConversion (name: , unit: , comment: , formula: , referenced blocks: {}, address: 432144, fields: [\'_cache:None\', \'a:0.125\', \'address:432144\', \'b:0.0\', \'block_len:96\', \'comment:\', \'comment_addr:0\', \'conversion_type:1\', \'flags:0\', \'formula:\', "id:b\'##CC\'", \'inv_conv_addr:0\', \'is_user_defined:False\', \'links_nr:4\', \'max_phy_value:0.0\', \'min_phy_value:0.0\', \'name:\', \'name_addr:0\', \'precision:0\', \'ref_param_nr:0\', \'referenced_blocks:{}\', \'reserved0:0\', \'unit:\', \'unit_addr:0\', \'val_param_nr:2\'])>'
  - 组 'VCU_1'.VCU_DCDCLvCurrLim data_type: 4 vs 0
  - 组 'VCU_1'.VCU_DCDCLvCurrLim bit_count: 64 vs 10
  - 组 'VCU_1'.VCU_DCDCLvCurrLim flags: 0 vs 16
  - 组 'VCU_1'.VCU_DCDCLvCurrLim conversion: 'None' vs '<ChannelConversion (name: , unit: A, comment: , formula: , referenced blocks: {}, address: 432736, fields: [\'_cache:None\', \'a:0.5\', \'address:432736\', \'b:0.0\', \'block_len:96\', \'comment:\', \'comment_addr:0\', \'conversion_type:1\', \'flags:0\', \'formula:\', "id:b\'##CC\'", \'inv_conv_addr:0\', \'is_user_defined:False\', \'links_nr:4\', \'max_phy_value:0.0\', \'min_phy_value:0.0\', \'name:\', \'name_addr:0\', \'precision:0\', \'ref_param_nr:0\', \'referenced_blocks:{}\', \'reserved0:0\', \'unit:A\', \'unit_addr:432704\', \'val_param_nr:2\'])>'
  - 组 'VCU_1'.VCU_DCU_ModeReq data_type: 7 vs 0
  - 组 'VCU_1'.VCU_DCU_ModeReq bit_count: 64 vs 4
  - 组 'VCU_1'.VCU_DCU_ModeReq flags: 0 vs 16
  - 组 'VCU_1'.VCU_DCU_ModeReq conversion: 'None' vs '<ChannelConversion (name: , unit: , comment: , formula: , referenced blocks: {\'text_0\': b\'Init\', \'text_1\': b\'Standby\', \'text_2\': b\'Ready\', \'text_3\': b\'TrqCtrl\', \'text_4\': b\'HillholdCtrl or SpdCtrl\', \'text_5\': b\'Discharge\', \'text_6\': b\'AHF\', \'text_7\': b\'Offsetcal\', \'text_8\': b\'Cap2Precharge\', \'text_9\': b\'Boost Charge\', \'text_10\': b\'BuckDischarge\', \'text_11\': b\'Cap2Discharge\', \'text_12\': b\'Emer_Discharge\', \'default_addr\': b\'\'}, address: 434552, fields: [\'_cache:None\', \'address:434552\', \'block_len:296\', \'comment:\', \'comment_addr:0\', \'conversion_type:7\', \'default_addr:0\', \'flags:0\', \'formula:\', "id:b\'##CC\'", \'inv_conv_addr:0\', \'is_user_defined:False\', \'links_nr:18\', \'max_phy_value:0.0\', \'min_phy_value:0.0\', \'name:\', \'name_addr:0\', \'precision:0\', \'ref_param_nr:14\', "referenced_blocks:{\'text_0\': b\'Init\', \'text_1\': b\'Standby\', \'text_2\': b\'Ready\', \'text_3\': b\'TrqCtrl\', \'text_4\': b\'HillholdCtrl or SpdCtrl\', \'text_5\': b\'Discharge\', \'text_6\': b\'AHF\', \'text_7\': b\'Offsetcal\', \'text_8\': b\'Cap2Precharge\', \'text_9\': b\'Boost Charge\', \'text_10\': b\'BuckDischarge\', \'text_11\': b\'Cap2Discharge\', \'text_12\': b\'Emer_Discharge\', \'default_addr\': b\'\'}", \'reserved0:0\', \'text_0:434064\', \'text_1:434096\', \'text_10:434432\', \'text_11:434472\', \'text_12:434512\', \'text_2:434128\', \'text_3:434160\', \'text_4:434192\', \'text_5:434240\', \'text_6:434280\', \'text_7:434312\', \'text_8:434352\', \'text_9:434392\', \'unit:\', \'unit_addr:0\', \'val_0:1.0\', \'val_1:2.0\', \'val_10:13.0\', \'val_11:14.0\', \'val_12:15.0\', \'val_2:3.0\', \'val_3:4.0\', \'val_4:5.0\', \'val_5:6.0\', \'val_6:7.0\', \'val_7:9.0\', \'val_8:10.0\', \'val_9:12.0\', \'val_param_nr:13\'])>'
  - 组 'VCU_1'.VCU_HvilSt data_type: 7 vs 0
  - 组 'VCU_1'.VCU_HvilSt bit_count: 64 vs 2
  - 组 'VCU_1'.VCU_HvilSt flags: 0 vs 16
  - 组 'VCU_1'.VCU_HvilSt conversion: 'None' vs '<ChannelConversion (name: , unit: , comment: , formula: , referenced blocks: {\'text_0\': b\'HVIL generator is ready but HVIL result is not available\', \'text_1\': b\'HVIL is closed\', \'text_2\': b\'HVIL is interrupted\', \'text_3\': b\'Failure\', \'default_addr\': b\'\'}, address: 433528, fields: [\'_cache:None\', \'address:433528\', \'block_len:152\', \'comment:\', \'comment_addr:0\', \'conversion_type:7\', \'default_addr:0\', \'flags:0\', \'formula:\', "id:b\'##CC\'", \'inv_conv_addr:0\', \'is_user_defined:False\', \'links_nr:9\', \'max_phy_value:0.0\', \'min_phy_value:0.0\', \'name:\', \'name_addr:0\', \'precision:0\', \'ref_param_nr:5\', "referenced_blocks:{\'text_0\': b\'HVIL generator is ready but HVIL result is not available\', \'text_1\': b\'HVIL is closed\', \'text_2\': b\'HVIL is interrupted\', \'text_3\': b\'Failure\', \'default_addr\': b\'\'}", \'reserved0:0\', \'text_0:433320\', \'text_1:433408\', \'text_2:433448\', \'text_3:433496\', \'unit:\', \'unit_addr:0\', \'val_0:0.0\', \'val_1:1.0\', \'val_2:2.0\', \'val_3:3.0\', \'val_param_nr:4\'])>'
  - 组 'VCU_1'.VCU_BMS_BatModeReq data_type: 7 vs 0
  - 组 'VCU_1'.VCU_BMS_BatModeReq bit_count: 64 vs 3
  - 组 'VCU_1'.VCU_BMS_BatModeReq flags: 0 vs 16
  - 组 'VCU_1'.VCU_BMS_BatModeReq conversion: 'None' vs '<ChannelConversion (name: , unit: , comment: , formula: , referenced blocks: {\'text_0\': b\'Init Value;- others : reserved\', \'text_1\': b\'OffLine\', \'text_2\': b\'OnLine\', \'text_3\': b\'AC charge\', \'text_4\': b\'DC charge\', \'text_5\': b\'Emergency offline\', \'default_addr\': b\'\'}, address: 437632, fields: [\'_cache:None\', \'address:437632\', \'block_len:184\', \'comment:\', \'comment_addr:0\', \'conversion_type:7\', \'default_addr:0\', \'flags:0\', \'formula:\', "id:b\'##CC\'", \'inv_conv_addr:0\', \'is_user_defined:False\', \'links_nr:11\', \'max_phy_value:0.0\', \'min_phy_value:0.0\', \'name:\', \'name_addr:0\', \'precision:0\', \'ref_param_nr:7\', "referenced_blocks:{\'text_0\': b\'Init Value;- others : reserved\', \'text_1\': b\'OffLine\', \'text_2\': b\'OnLine\', \'text_3\': b\'AC charge\', \'text_4\': b\'DC charge\', \'text_5\': b\'Emergency offline\', \'default_addr\': b\'\'}", \'reserved0:0\', \'text_0:437384\', \'text_1:437440\', \'text_2:437472\', \'text_3:437504\', \'text_4:437544\', \'text_5:437584\', \'unit:\', \'unit_addr:0\', \'val_0:0.0\', \'val_1:1.0\', \'val_2:2.0\', \'val_3:3.0\', \'val_4:4.0\', \'val_5:5.0\', \'val_param_nr:6\'])>'
  - 组 'VCU_1'.VCU_BMS_SepaHeatEn data_type: 7 vs 0
  - 组 'VCU_1'.VCU_BMS_SepaHeatEn bit_count: 64 vs 1
  - 组 'VCU_1'.VCU_BMS_SepaHeatEn flags: 0 vs 16
  - 组 'VCU_1'.VCU_BMS_SepaHeatEn conversion: 'None' vs '<ChannelConversion (name: , unit: , comment: , formula: , referenced blocks: {\'text_0\': b\'Disable\', \'text_1\': b\'Enable\', \'default_addr\': b\'\'}, address: 436832, fields: [\'_cache:None\', \'address:436832\', \'block_len:120\', \'comment:\', \'comment_addr:0\', \'conversion_type:7\', \'default_addr:0\', \'flags:0\', \'formula:\', "id:b\'##CC\'", \'inv_conv_addr:0\', \'is_user_defined:False\', \'links_nr:7\', \'max_phy_value:0.0\', \'min_phy_value:0.0\', \'name:\', \'name_addr:0\', \'precision:0\', \'ref_param_nr:3\', "referenced_blocks:{\'text_0\': b\'Disable\', \'text_1\': b\'Enable\', \'default_addr\': b\'\'}", \'reserved0:0\', \'text_0:436768\', \'text_1:436800\', \'unit:\', \'unit_addr:0\', \'val_0:0.0\', \'val_1:1.0\', \'val_param_nr:2\'])>'
  - 组 'VCU_1'.VCU_BrkPedPstVD_E data_type: 7 vs 0
  - 组 'VCU_1'.VCU_BrkPedPstVD_E bit_count: 64 vs 1
  - 组 'VCU_1'.VCU_BrkPedPstVD_E flags: 0 vs 16
  - 组 'VCU_1'.VCU_BrkPedPstVD_E conversion: 'None' vs '<ChannelConversion (name: , unit: , comment: , formula: , referenced blocks: {\'text_0\': b\'Not valid\', \'text_1\': b\'Valid\', \'default_addr\': b\'\'}, address: 436232, fields: [\'_cache:None\', \'address:436232\', \'block_len:120\', \'comment:\', \'comment_addr:0\', \'conversion_type:7\', \'default_addr:0\', \'flags:0\', \'formula:\', "id:b\'##CC\'", \'inv_conv_addr:0\', \'is_user_defined:False\', \'links_nr:7\', \'max_phy_value:0.0\', \'min_phy_value:0.0\', \'name:\', \'name_addr:0\', \'precision:0\', \'ref_param_nr:3\', "referenced_blocks:{\'text_0\': b\'Not valid\', \'text_1\': b\'Valid\', \'default_addr\': b\'\'}", \'reserved0:0\', \'text_0:436160\', \'text_1:436200\', \'unit:\', \'unit_addr:0\', \'val_0:0.0\', \'val_1:1.0\', \'val_param_nr:2\'])>'
  - 组 'VCU_1'.VCU_IPS_OBCModeReq data_type: 7 vs 0
  - 组 'VCU_1'.VCU_IPS_OBCModeReq bit_count: 64 vs 3
  - 组 'VCU_1'.VCU_IPS_OBCModeReq flags: 0 vs 16
  - 组 'VCU_1'.VCU_IPS_OBCModeReq conversion: 'None' vs '<ChannelConversion (name: , unit: , comment: , formula: , referenced blocks: {\'text_0\': b\'no request;- others : reserved\', \'text_1\': b\'Standby\', \'text_2\': b\'Charging\', \'text_3\': b\'Discharging\', \'text_4\': b\'Heating\', \'text_5\': b\'V2C\', \'text_6\': b\'V2L+V2C\', \'default_addr\': b\'\'}, address: 435520, fields: [\'_cache:None\', \'address:435520\', \'block_len:200\', \'comment:\', \'comment_addr:0\', \'conversion_type:7\', \'default_addr:0\', \'flags:0\', \'formula:\', "id:b\'##CC\'", \'inv_conv_addr:0\', \'is_user_defined:False\', \'links_nr:12\', \'max_phy_value:0.0\', \'min_phy_value:0.0\', \'name:\', \'name_addr:0\', \'precision:0\', \'ref_param_nr:8\', "referenced_blocks:{\'text_0\': b\'no request;- others : reserved\', \'text_1\': b\'Standby\', \'text_2\': b\'Charging\', \'text_3\': b\'Discharging\', \'text_4\': b\'Heating\', \'text_5\': b\'V2C\', \'text_6\': b\'V2L+V2C\', \'default_addr\': b\'\'}", \'reserved0:0\', \'text_0:435256\', \'text_1:435312\', \'text_2:435344\', \'text_3:435384\', \'text_4:435424\', \'text_5:435456\', \'text_6:435488\', \'unit:\', \'unit_addr:0\', \'val_0:0.0\', \'val_1:1.0\', \'val_2:2.0\', \'val_3:3.0\', \'val_4:4.0\', \'val_5:5.0\', \'val_6:6.0\', \'val_param_nr:7\'])>'
  - 组 'VCU_1'.VCU_DCDCModeReq bit_count: 8 vs 3
  - 组 'VCU_1'.VCU_DCDCModeReq flags: 0 vs 16
  - 组 'VCU_1'.VCU_IPS_DCDCModeReq data_type: 7 vs 0
  - 组 'VCU_1'.VCU_IPS_DCDCModeReq bit_count: 64 vs 3
  - 组 'VCU_1'.VCU_IPS_DCDCModeReq flags: 0 vs 16
  - 组 'VCU_1'.VCU_IPS_DCDCModeReq conversion: 'None' vs '<ChannelConversion (name: , unit: , comment: , formula: , referenced blocks: {\'text_0\': b\'no request, sleep indication allowed;- others : reserved\', \'text_1\': b\'Standby requested - No power conversion\', \'text_2\': b\'Buck Mode request\', \'text_3\': b\'Service_General\', \'default_addr\': b\'\'}, address: 438472, fields: [\'_cache:None\', \'address:438472\', \'block_len:152\', \'comment:\', \'comment_addr:0\', \'conversion_type:7\', \'default_addr:0\', \'flags:0\', \'formula:\', "id:b\'##CC\'", \'inv_conv_addr:0\', \'is_user_defined:False\', \'links_nr:9\', \'max_phy_value:0.0\', \'min_phy_value:0.0\', \'name:\', \'name_addr:0\', \'precision:0\', \'ref_param_nr:5\', "referenced_blocks:{\'text_0\': b\'no request, sleep indication allowed;- others : reserved\', \'text_1\': b\'Standby requested - No power conversion\', \'text_2\': b\'Buck Mode request\', \'text_3\': b\'Service_General\', \'default_addr\': b\'\'}", \'reserved0:0\', \'text_0:438232\', \'text_1:438320\', \'text_2:438384\', \'text_3:438432\', \'unit:\', \'unit_addr:0\', \'val_0:0.0\', \'val_1:1.0\', \'val_2:2.0\', \'val_3:4.0\', \'val_param_nr:4\'])>'
  - 组 'VCU_1'.VCU_IPS_OBCDsChDCCurrLim data_type: 4 vs 0
  - 组 'VCU_1'.VCU_IPS_OBCDsChDCCurrLim bit_count: 64 vs 10
  - 组 'VCU_1'.VCU_IPS_OBCDsChDCCurrLim flags: 0 vs 16
  - 组 'VCU_1'.VCU_IPS_OBCDsChDCCurrLim conversion: 'None' vs '<ChannelConversion (name: , unit: A, comment: , formula: , referenced blocks: {}, address: 439480, fields: [\'_cache:None\', \'a:0.1\', \'address:439480\', \'b:0.0\', \'block_len:96\', \'comment:\', \'comment_addr:0\', \'conversion_type:1\', \'flags:0\', \'formula:\', "id:b\'##CC\'", \'inv_conv_addr:0\', \'is_user_defined:False\', \'links_nr:4\', \'max_phy_value:0.0\', \'min_phy_value:0.0\', \'name:\', \'name_addr:0\', \'precision:0\', \'ref_param_nr:0\', \'referenced_blocks:{}\', \'reserved0:0\', \'unit:A\', \'unit_addr:439448\', \'val_param_nr:2\'])>'
  - 组 'VCU_1'.VCU_IPS_DCDCLvCurrLim data_type: 4 vs 0
  - 组 'VCU_1'.VCU_IPS_DCDCLvCurrLim bit_count: 64 vs 10
  - 组 'VCU_1'.VCU_IPS_DCDCLvCurrLim flags: 0 vs 16
  - 组 'VCU_1'.VCU_IPS_DCDCLvCurrLim conversion: 'None' vs '<ChannelConversion (name: , unit: A, comment: , formula: , referenced blocks: {}, address: 440056, fields: [\'_cache:None\', \'a:0.5\', \'address:440056\', \'b:0.0\', \'block_len:96\', \'comment:\', \'comment_addr:0\', \'conversion_type:1\', \'flags:0\', \'formula:\', "id:b\'##CC\'", \'inv_conv_addr:0\', \'is_user_defined:False\', \'links_nr:4\', \'max_phy_value:0.0\', \'min_phy_value:0.0\', \'name:\', \'name_addr:0\', \'precision:0\', \'ref_param_nr:0\', \'referenced_blocks:{}\', \'reserved0:0\', \'unit:A\', \'unit_addr:440024\', \'val_param_nr:2\'])>'
  - 组 'VCU_1'.VCU_IPS_DCDCVoltLvSet data_type: 4 vs 0
  - 组 'VCU_1'.VCU_IPS_DCDCVoltLvSet bit_count: 64 vs 10
  - 组 'VCU_1'.VCU_IPS_DCDCVoltLvSet flags: 0 vs 16
  - 组 'VCU_1'.VCU_IPS_DCDCVoltLvSet conversion: 'None' vs '<ChannelConversion (name: , unit: V, comment: , formula: , referenced blocks: {}, address: 440672, fields: [\'_cache:None\', \'a:0.1\', \'address:440672\', \'b:0.0\', \'block_len:96\', \'comment:\', \'comment_addr:0\', \'conversion_type:1\', \'flags:0\', \'formula:\', "id:b\'##CC\'", \'inv_conv_addr:0\', \'is_user_defined:False\', \'links_nr:4\', \'max_phy_value:0.0\', \'min_phy_value:0.0\', \'name:\', \'name_addr:0\', \'precision:0\', \'ref_param_nr:0\', \'referenced_blocks:{}\', \'reserved0:0\', \'unit:V\', \'unit_addr:440640\', \'val_param_nr:2\'])>'
  - 组 'VCU_1'.VCU_IPS_OBCChgCurrReq data_type: 4 vs 0
  - 组 'VCU_1'.VCU_IPS_OBCChgCurrReq bit_count: 64 vs 10
  - 组 'VCU_1'.VCU_IPS_OBCChgCurrReq flags: 0 vs 16
  - 组 'VCU_1'.VCU_IPS_OBCChgCurrReq conversion: 'None' vs '<ChannelConversion (name: , unit: A, comment: , formula: , referenced blocks: {}, address: 441232, fields: [\'_cache:None\', \'a:0.1\', \'address:441232\', \'b:0.0\', \'block_len:96\', \'comment:\', \'comment_addr:0\', \'conversion_type:1\', \'flags:0\', \'formula:\', "id:b\'##CC\'", \'inv_conv_addr:0\', \'is_user_defined:False\', \'links_nr:4\', \'max_phy_value:0.0\', \'min_phy_value:0.0\', \'name:\', \'name_addr:0\', \'precision:0\', \'ref_param_nr:0\', \'referenced_blocks:{}\', \'reserved0:0\', \'unit:A\', \'unit_addr:441200\', \'val_param_nr:2\'])>'
  - 组 'VCU_1'.VCU_IPS_OBCChgVoltReq data_type: 4 vs 0
  - 组 'VCU_1'.VCU_IPS_OBCChgVoltReq bit_count: 64 vs 16
  - 组 'VCU_1'.VCU_IPS_OBCChgVoltReq flags: 0 vs 16
  - 组 'VCU_1'.VCU_IPS_OBCChgVoltReq conversion: 'None' vs '<ChannelConversion (name: , unit: V, comment: , formula: , referenced blocks: {}, address: 441776, fields: [\'_cache:None\', \'a:0.1\', \'address:441776\', \'b:0.0\', \'block_len:96\', \'comment:\', \'comment_addr:0\', \'conversion_type:1\', \'flags:0\', \'formula:\', "id:b\'##CC\'", \'inv_conv_addr:0\', \'is_user_defined:False\', \'links_nr:4\', \'max_phy_value:0.0\', \'min_phy_value:0.0\', \'name:\', \'name_addr:0\', \'precision:0\', \'ref_param_nr:0\', \'referenced_blocks:{}\', \'reserved0:0\', \'unit:V\', \'unit_addr:441744\', \'val_param_nr:2\'])>'
  - 组 'VCU_1'.VCU_BrkPedPst_E data_type: 4 vs 0
  - 组 'VCU_1'.VCU_BrkPedPst_E bit_count: 64 vs 8
  - 组 'VCU_1'.VCU_BrkPedPst_E flags: 0 vs 16
  - 组 'VCU_1'.VCU_BrkPedPst_E conversion: 'None' vs '<ChannelConversion (name: , unit: %, comment: , formula: , referenced blocks: {}, address: 442320, fields: [\'_cache:None\', \'a:0.392\', \'address:442320\', \'b:0.0\', \'block_len:96\', \'comment:\', \'comment_addr:0\', \'conversion_type:1\', \'flags:0\', \'formula:\', "id:b\'##CC\'", \'inv_conv_addr:0\', \'is_user_defined:False\', \'links_nr:4\', \'max_phy_value:0.0\', \'min_phy_value:0.0\', \'name:\', \'name_addr:0\', \'precision:0\', \'ref_param_nr:0\', \'referenced_blocks:{}\', \'reserved0:0\', \'unit:%\', \'unit_addr:442288\', \'val_param_nr:2\'])>'
  - 组 'VCU_1'.VCU_DCDCVoltLvSet data_type: 4 vs 0
  - 组 'VCU_1'.VCU_DCDCVoltLvSet bit_count: 64 vs 10
  - 组 'VCU_1'.VCU_DCDCVoltLvSet flags: 0 vs 16
  - 组 'VCU_1'.VCU_DCDCVoltLvSet conversion: 'None' vs '<ChannelConversion (name: , unit: V, comment: , formula: , referenced blocks: {}, address: 442848, fields: [\'_cache:None\', \'a:0.1\', \'address:442848\', \'b:0.0\', \'block_len:96\', \'comment:\', \'comment_addr:0\', \'conversion_type:1\', \'flags:0\', \'formula:\', "id:b\'##CC\'", \'inv_conv_addr:0\', \'is_user_defined:False\', \'links_nr:4\', \'max_phy_value:0.0\', \'min_phy_value:0.0\', \'name:\', \'name_addr:0\', \'precision:0\', \'ref_param_nr:0\', \'referenced_blocks:{}\', \'reserved0:0\', \'unit:V\', \'unit_addr:442816\', \'val_param_nr:2\'])>'
  - 组 'BMC_1': 组内信号序不同 ['BMC_1_CRC', 'BMC_1_Counter', 'BMC_BattCurr', 'BMC_HvilSt', 'BMC_BattVolt', 'BMC_HVBattSt', 'BMC_PwrDwnReq', 'BMC_PrecResOverTemp']... vs ['BMC_1_CRC', 'BMC_1_Counter', 'BMC_BattCurr', 'BMC_HvilSt', 'BMC_HVBattSt', 'BMC_BattVolt', 'BMC_MainNegRlySts', 'BMC_BoostChgModeReq']...
  - 组 'BMC_1'.t data_type: 4 vs 0
  - 组 'BMC_1'.t conversion: 'None' vs '<ChannelConversion (name: , unit: s, comment: , formula: , referenced blocks: {}, address: 1344, fields: [\'_cache:None\', \'a:1e-09\', \'address:1344\', \'b:0.0\', \'block_len:96\', \'comment:\', \'comment_addr:0\', \'conversion_type:1\', \'flags:0\', \'formula:\', "id:b\'##CC\'", \'inv_conv_addr:0\', \'is_user_defined:False\', \'links_nr:4\', \'max_phy_value:0.0\', \'min_phy_value:0.0\', \'name:\', \'name_addr:0\', \'precision:0\', \'ref_param_nr:0\', \'referenced_blocks:{}\', \'reserved0:0\', \'unit:s\', \'unit_addr:1312\', \'val_param_nr:2\'])>'
  - 组 'BMC_1'.BMC_1_CRC flags: 0 vs 16
  - 组 'BMC_1'.BMC_1_Counter flags: 0 vs 16
  - 组 'BMC_1'.BMC_BattCurr data_type: 4 vs 0
  - 组 'BMC_1'.BMC_BattCurr bit_count: 64 vs 16
  - 组 'BMC_1'.BMC_BattCurr flags: 0 vs 16
  - 组 'BMC_1'.BMC_BattCurr conversion: 'None' vs '<ChannelConversion (name: , unit: A, comment: , formula: , referenced blocks: {}, address: 482672, fields: [\'_cache:None\', \'a:0.1\', \'address:482672\', \'b:-1000.0\', \'block_len:96\', \'comment:\', \'comment_addr:0\', \'conversion_type:1\', \'flags:0\', \'formula:\', "id:b\'##CC\'", \'inv_conv_addr:0\', \'is_user_defined:False\', \'links_nr:4\', \'max_phy_value:0.0\', \'min_phy_value:0.0\', \'name:\', \'name_addr:0\', \'precision:0\', \'ref_param_nr:0\', \'referenced_blocks:{}\', \'reserved0:0\', \'unit:A\', \'unit_addr:482640\', \'val_param_nr:2\'])>'
  - 组 'BMC_1'.BMC_HvilSt data_type: 7 vs 0
  - 组 'BMC_1'.BMC_HvilSt bit_count: 64 vs 2
  - 组 'BMC_1'.BMC_HvilSt flags: 0 vs 16
  - 组 'BMC_1'.BMC_HvilSt conversion: 'None' vs '<ChannelConversion (name: , unit: , comment: , formula: , referenced blocks: {\'text_0\': b\'HVIL generator is ready but HVIL result is not available\', \'text_1\': b\'HVIL is closed\', \'text_2\': b\'HVIL is interrupted\', \'text_3\': b\'Failure\', \'default_addr\': b\'\'}, address: 483360, fields: [\'_cache:None\', \'address:483360\', \'block_len:152\', \'comment:\', \'comment_addr:0\', \'conversion_type:7\', \'default_addr:0\', \'flags:0\', \'formula:\', "id:b\'##CC\'", \'inv_conv_addr:0\', \'is_user_defined:False\', \'links_nr:9\', \'max_phy_value:0.0\', \'min_phy_value:0.0\', \'name:\', \'name_addr:0\', \'precision:0\', \'ref_param_nr:5\', "referenced_blocks:{\'text_0\': b\'HVIL generator is ready but HVIL result is not available\', \'text_1\': b\'HVIL is closed\', \'text_2\': b\'HVIL is interrupted\', \'text_3\': b\'Failure\', \'default_addr\': b\'\'}", \'reserved0:0\', \'text_0:483152\', \'text_1:483240\', \'text_2:483280\', \'text_3:483328\', \'unit:\', \'unit_addr:0\', \'val_0:0.0\', \'val_1:1.0\', \'val_2:2.0\', \'val_3:3.0\', \'val_param_nr:4\'])>'
  - 组 'BMC_1'.BMC_BattVolt bit_count: 16 vs 10
  - 组 'BMC_1'.BMC_BattVolt flags: 0 vs 16
  - 组 'BMC_1'.BMC_BattVolt conversion: 'None' vs '<ChannelConversion (name: , unit: V, comment: , formula: , referenced blocks: {}, address: 485016, fields: [\'_cache:None\', \'address:485016\', \'block_len:80\', \'comment:\', \'comment_addr:0\', \'conversion_type:0\', \'flags:0\', \'formula:\', "id:b\'##CC\'", \'inv_conv_addr:0\', \'is_user_defined:False\', \'links_nr:4\', \'max_phy_value:0.0\', \'min_phy_value:0.0\', \'name:\', \'name_addr:0\', \'precision:0\', \'ref_param_nr:0\', \'referenced_blocks:{}\', \'reserved0:0\', \'unit:V\', \'unit_addr:484984\', \'val_param_nr:0\'])>'
  - 组 'BMC_1'.BMC_HVBattSt data_type: 7 vs 0
  - 组 'BMC_1'.BMC_HVBattSt bit_count: 64 vs 4
  - 组 'BMC_1'.BMC_HVBattSt flags: 0 vs 16
  - 组 'BMC_1'.BMC_HVBattSt conversion: 'None' vs '<ChannelConversion (name: , unit: , comment: , formula: , referenced blocks: {\'text_0\': b\'Undefined;- others : reserved\', \'text_1\': b\'Offline\', \'text_2\': b\'Precharge\', \'text_3\': b\'Connect\', \'text_4\': b\'Online\', \'text_5\': b\'Wait\', \'text_6\': b\'Disconnect\', \'text_7\': b\'DC Charge\', \'text_8\': b\'AC Charge\', \'text_9\': b\'Emergency Disconnect\', \'text_10\': b\'Service mode\', \'default_addr\': b\'\'}, address: 484328, fields: [\'_cache:None\', \'address:484328\', \'block_len:264\', \'comment:\', \'comment_addr:0\', \'conversion_type:7\', \'default_addr:0\', \'flags:0\', \'formula:\', "id:b\'##CC\'", \'inv_conv_addr:0\', \'is_user_defined:False\', \'links_nr:16\', \'max_phy_value:0.0\', \'min_phy_value:0.0\', \'name:\', \'name_addr:0\', \'precision:0\', \'ref_param_nr:12\', "referenced_blocks:{\'text_0\': b\'Undefined;- others : reserved\', \'text_1\': b\'Offline\', \'text_2\': b\'Precharge\', \'text_3\': b\'Connect\', \'text_4\': b\'Online\', \'text_5\': b\'Wait\', \'text_6\': b\'Disconnect\', \'text_7\': b\'DC Charge\', \'text_8\': b\'AC Charge\', \'text_9\': b\'Emergency Disconnect\', \'text_10\': b\'Service mode\', \'default_addr\': b\'\'}", \'reserved0:0\', \'text_0:483896\', \'text_1:483952\', \'text_10:484288\', \'text_2:483984\', \'text_3:484024\', \'text_4:484056\', \'text_5:484088\', \'text_6:484120\', \'text_7:484160\', \'text_8:484200\', \'text_9:484240\', \'unit:\', \'unit_addr:0\', \'val_0:0.0\', \'val_1:1.0\', \'val_10:14.0\', \'val_2:2.0\', \'val_3:3.0\', \'val_4:4.0\', \'val_5:5.0\', \'val_6:6.0\', \'val_7:8.0\', \'val_8:9.0\', \'val_9:10.0\', \'val_param_nr:11\'])>'
  - 组 'BMC_1'.BMC_PwrDwnReq data_type: 7 vs 0
  - 组 'BMC_1'.BMC_PwrDwnReq bit_count: 64 vs 1
  - 组 'BMC_1'.BMC_PwrDwnReq flags: 0 vs 16
  - 组 'BMC_1'.BMC_PwrDwnReq conversion: 'None' vs '<ChannelConversion (name: , unit: , comment: , formula: , referenced blocks: {\'text_0\': b\'NotRequest\', \'text_1\': b\'Request\', \'default_addr\': b\'\'}, address: 487664, fields: [\'_cache:None\', \'address:487664\', \'block_len:120\', \'comment:\', \'comment_addr:0\', \'conversion_type:7\', \'default_addr:0\', \'flags:0\', \'formula:\', "id:b\'##CC\'", \'inv_conv_addr:0\', \'is_user_defined:False\', \'links_nr:7\', \'max_phy_value:0.0\', \'min_phy_value:0.0\', \'name:\', \'name_addr:0\', \'precision:0\', \'ref_param_nr:3\', "referenced_blocks:{\'text_0\': b\'NotRequest\', \'text_1\': b\'Request\', \'default_addr\': b\'\'}", \'reserved0:0\', \'text_0:487592\', \'text_1:487632\', \'unit:\', \'unit_addr:0\', \'val_0:0.0\', \'val_1:1.0\', \'val_param_nr:2\'])>'
  - 组 'BMC_1'.BMC_PrecResOverTemp data_type: 7 vs 0
  - 组 'BMC_1'.BMC_PrecResOverTemp bit_count: 64 vs 1
  - 组 'BMC_1'.BMC_PrecResOverTemp flags: 0 vs 16
  - 组 'BMC_1'.BMC_PrecResOverTemp conversion: 'None' vs '<ChannelConversion (name: , unit: , comment: , formula: , referenced blocks: {\'text_0\': b\'Normal\', \'text_1\': b\'OverTemp\', \'default_addr\': b\'\'}, address: 487056, fields: [\'_cache:None\', \'address:487056\', \'block_len:120\', \'comment:\', \'comment_addr:0\', \'conversion_type:7\', \'default_addr:0\', \'flags:0\', \'formula:\', "id:b\'##CC\'", \'inv_conv_addr:0\', \'is_user_defined:False\', \'links_nr:7\', \'max_phy_value:0.0\', \'min_phy_value:0.0\', \'name:\', \'name_addr:0\', \'precision:0\', \'ref_param_nr:3\', "referenced_blocks:{\'text_0\': b\'Normal\', \'text_1\': b\'OverTemp\', \'default_addr\': b\'\'}", \'reserved0:0\', \'text_0:486984\', \'text_1:487016\', \'unit:\', \'unit_addr:0\', \'val_0:0.0\', \'val_1:1.0\', \'val_param_nr:2\'])>'
  - 组 'BMC_1'.BMC_BoostChgModeReq data_type: 7 vs 0
  - 组 'BMC_1'.BMC_BoostChgModeReq bit_count: 64 vs 2
  - 组 'BMC_1'.BMC_BoostChgModeReq flags: 0 vs 16
  - 组 'BMC_1'.BMC_BoostChgModeReq conversion: 'None' vs '<ChannelConversion (name: , unit: , comment: , formula: , referenced blocks: {\'text_0\': b\'NotRequest\', \'text_1\': b\'Request\', \'text_2\': b\'CapPrecharge complete\', \'default_addr\': b\'\'}, address: 486448, fields: [\'_cache:None\', \'address:486448\', \'block_len:136\', \'comment:\', \'comment_addr:0\', \'conversion_type:7\', \'default_addr:0\', \'flags:0\', \'formula:\', "id:b\'##CC\'", \'inv_conv_addr:0\', \'is_user_defined:False\', \'links_nr:8\', \'max_phy_value:0.0\', \'min_phy_value:0.0\', \'name:\', \'name_addr:0\', \'precision:0\', \'ref_param_nr:4\', "referenced_blocks:{\'text_0\': b\'NotRequest\', \'text_1\': b\'Request\', \'text_2\': b\'CapPrecharge complete\', \'default_addr\': b\'\'}", \'reserved0:0\', \'text_0:486328\', \'text_1:486368\', \'text_2:486400\', \'unit:\', \'unit_addr:0\', \'val_0:0.0\', \'val_1:1.0\', \'val_2:2.0\', \'val_param_nr:3\'])>'
  - 组 'BMC_1'.BMC_MainNegRlySts data_type: 7 vs 0
  - 组 'BMC_1'.BMC_MainNegRlySts bit_count: 64 vs 3
  - 组 'BMC_1'.BMC_MainNegRlySts flags: 0 vs 16
  - 组 'BMC_1'.BMC_MainNegRlySts conversion: 'None' vs '<ChannelConversion (name: , unit: , comment: , formula: , referenced blocks: {\'text_0\': b\'Init;- others : reserved\', \'text_1\': b\'Contactor is open\', \'text_2\': b\'Contactor closed\', \'text_3\': b\'Contactor stuck in open\', \'text_4\': b\'Contactor stuck in closed\', \'default_addr\': b\'\'}, address: 485760, fields: [\'_cache:None\', \'address:485760\', \'block_len:168\', \'comment:\', \'comment_addr:0\', \'conversion_type:7\', \'default_addr:0\', \'flags:0\', \'formula:\', "id:b\'##CC\'", \'inv_conv_addr:0\', \'is_user_defined:False\', \'links_nr:10\', \'max_phy_value:0.0\', \'min_phy_value:0.0\', \'name:\', \'name_addr:0\', \'precision:0\', \'ref_param_nr:6\', "referenced_blocks:{\'text_0\': b\'Init;- others : reserved\', \'text_1\': b\'Contactor is open\', \'text_2\': b\'Contactor closed\', \'text_3\': b\'Contactor stuck in open\', \'text_4\': b\'Contactor stuck in closed\', \'default_addr\': b\'\'}", \'reserved0:0\', \'text_0:485504\', \'text_1:485560\', \'text_2:485608\', \'text_3:485656\', \'text_4:485704\', \'unit:\', \'unit_addr:0\', \'val_0:0.0\', \'val_1:1.0\', \'val_2:2.0\', \'val_3:3.0\', \'val_4:4.0\', \'val_param_nr:5\'])>'
  - 组 'BMC_1'.BMC_PreRlySts data_type: 7 vs 0
  - 组 'BMC_1'.BMC_PreRlySts bit_count: 64 vs 3
  - 组 'BMC_1'.BMC_PreRlySts flags: 0 vs 16
  - 组 'BMC_1'.BMC_PreRlySts conversion: 'None' vs '<ChannelConversion (name: , unit: , comment: , formula: , referenced blocks: {\'text_0\': b\'Init;- others : reserved\', \'text_1\': b\'Contactor is open\', \'text_2\': b\'Contactor closed\', \'text_3\': b\'Contactor stuck in open\', \'text_4\': b\'Contactor stuck in closed\', \'default_addr\': b\'\'}, address: 489384, fields: [\'_cache:None\', \'address:489384\', \'block_len:168\', \'comment:\', \'comment_addr:0\', \'conversion_type:7\', \'default_addr:0\', \'flags:0\', \'formula:\', "id:b\'##CC\'", \'inv_conv_addr:0\', \'is_user_defined:False\', \'links_nr:10\', \'max_phy_value:0.0\', \'min_phy_value:0.0\', \'name:\', \'name_addr:0\', \'precision:0\', \'ref_param_nr:6\', "referenced_blocks:{\'text_0\': b\'Init;- others : reserved\', \'text_1\': b\'Contactor is open\', \'text_2\': b\'Contactor closed\', \'text_3\': b\'Contactor stuck in open\', \'text_4\': b\'Contactor stuck in closed\', \'default_addr\': b\'\'}", \'reserved0:0\', \'text_0:489128\', \'text_1:489184\', \'text_2:489232\', \'text_3:489280\', \'text_4:489328\', \'unit:\', \'unit_addr:0\', \'val_0:0.0\', \'val_1:1.0\', \'val_2:2.0\', \'val_3:3.0\', \'val_4:4.0\', \'val_param_nr:5\'])>'
  - 组 'BMC_1'.BMC_BoostRlyK3St data_type: 7 vs 0
  - 组 'BMC_1'.BMC_BoostRlyK3St bit_count: 64 vs 3
  - 组 'BMC_1'.BMC_BoostRlyK3St flags: 0 vs 16
  - 组 'BMC_1'.BMC_BoostRlyK3St conversion: 'None' vs '<ChannelConversion (name: , unit: , comment: , formula: , referenced blocks: {\'text_0\': b\'Init\', \'text_1\': b\'Contactor is open\', \'text_2\': b\'Contactor closed\', \'text_3\': b\'Contactor stuck in open\', \'text_4\': b\'Contactor stuck in closed\', \'default_addr\': b\'\'}, address: 488568, fields: [\'_cache:None\', \'address:488568\', \'block_len:168\', \'comment:\', \'comment_addr:0\', \'conversion_type:7\', \'default_addr:0\', \'flags:0\', \'formula:\', "id:b\'##CC\'", \'inv_conv_addr:0\', \'is_user_defined:False\', \'links_nr:10\', \'max_phy_value:0.0\', \'min_phy_value:0.0\', \'name:\', \'name_addr:0\', \'precision:0\', \'ref_param_nr:6\', "referenced_blocks:{\'text_0\': b\'Init\', \'text_1\': b\'Contactor is open\', \'text_2\': b\'Contactor closed\', \'text_3\': b\'Contactor stuck in open\', \'text_4\': b\'Contactor stuck in closed\', \'default_addr\': b\'\'}", \'reserved0:0\', \'text_0:488336\', \'text_1:488368\', \'text_2:488416\', \'text_3:488464\', \'text_4:488512\', \'unit:\', \'unit_addr:0\', \'val_0:0.0\', \'val_1:1.0\', \'val_2:2.0\', \'val_3:3.0\', \'val_4:4.0\', \'val_param_nr:5\'])>'
  - 组 'BMC_1'.BMC_DCRlySts data_type: 7 vs 0
  - 组 'BMC_1'.BMC_DCRlySts bit_count: 64 vs 3
  - 组 'BMC_1'.BMC_DCRlySts flags: 0 vs 16
  - 组 'BMC_1'.BMC_DCRlySts conversion: 'None' vs '<ChannelConversion (name: , unit: , comment: , formula: , referenced blocks: {\'text_0\': b\'Init;- others : reserved\', \'text_1\': b\'Contactor is open\', \'text_2\': b\'Contactor closed\', \'text_3\': b\'Contactor stuck in open\', \'text_4\': b\'Contactor stuck in closed\', \'default_addr\': b\'\'}, address: 491024, fields: [\'_cache:None\', \'address:491024\', \'block_len:168\', \'comment:\', \'comment_addr:0\', \'conversion_type:7\', \'default_addr:0\', \'flags:0\', \'formula:\', "id:b\'##CC\'", \'inv_conv_addr:0\', \'is_user_defined:False\', \'links_nr:10\', \'max_phy_value:0.0\', \'min_phy_value:0.0\', \'name:\', \'name_addr:0\', \'precision:0\', \'ref_param_nr:6\', "referenced_blocks:{\'text_0\': b\'Init;- others : reserved\', \'text_1\': b\'Contactor is open\', \'text_2\': b\'Contactor closed\', \'text_3\': b\'Contactor stuck in open\', \'text_4\': b\'Contactor stuck in closed\', \'default_addr\': b\'\'}", \'reserved0:0\', \'text_0:490768\', \'text_1:490824\', \'text_2:490872\', \'text_3:490920\', \'text_4:490968\', \'unit:\', \'unit_addr:0\', \'val_0:0.0\', \'val_1:1.0\', \'val_2:2.0\', \'val_3:3.0\', \'val_4:4.0\', \'val_param_nr:5\'])>'
  - 组 'BMC_1'.BMC_MainPosRlySts data_type: 7 vs 0
  - 组 'BMC_1'.BMC_MainPosRlySts bit_count: 64 vs 3
  - 组 'BMC_1'.BMC_MainPosRlySts flags: 0 vs 16
  - 组 'BMC_1'.BMC_MainPosRlySts conversion: 'None' vs '<ChannelConversion (name: , unit: , comment: , formula: , referenced blocks: {\'text_0\': b\'Init;- others : reserved\', \'text_1\': b\'Contactor is open\', \'text_2\': b\'Contactor closed\', \'text_3\': b\'Contactor stuck in open\', \'text_4\': b\'Contactor stuck in closed\', \'default_addr\': b\'\'}, address: 490200, fields: [\'_cache:None\', \'address:490200\', \'block_len:168\', \'comment:\', \'comment_addr:0\', \'conversion_type:7\', \'default_addr:0\', \'flags:0\', \'formula:\', "id:b\'##CC\'", \'inv_conv_addr:0\', \'is_user_defined:False\', \'links_nr:10\', \'max_phy_value:0.0\', \'min_phy_value:0.0\', \'name:\', \'name_addr:0\', \'precision:0\', \'ref_param_nr:6\', "referenced_blocks:{\'text_0\': b\'Init;- others : reserved\', \'text_1\': b\'Contactor is open\', \'text_2\': b\'Contactor closed\', \'text_3\': b\'Contactor stuck in open\', \'text_4\': b\'Contactor stuck in closed\', \'default_addr\': b\'\'}", \'reserved0:0\', \'text_0:489944\', \'text_1:490000\', \'text_2:490048\', \'text_3:490096\', \'text_4:490144\', \'unit:\', \'unit_addr:0\', \'val_0:0.0\', \'val_1:1.0\', \'val_2:2.0\', \'val_3:3.0\', \'val_4:4.0\', \'val_param_nr:5\'])>'
  - 组 'BMC_1'.BMC_DiagErrCode flags: 0 vs 16
  - 组 'BMC_1'.BMC_KL15WakeUpState data_type: 7 vs 0
  - 组 'BMC_1'.BMC_KL15WakeUpState bit_count: 64 vs 1
  - 组 'BMC_1'.BMC_KL15WakeUpState flags: 0 vs 16
  - 组 'BMC_1'.BMC_KL15WakeUpState conversion: 'None' vs '<ChannelConversion (name: , unit: , comment: , formula: , referenced blocks: {\'text_0\': b\'Off\', \'text_1\': b\'On\', \'default_addr\': b\'\'}, address: 492032, fields: [\'_cache:None\', \'address:492032\', \'block_len:120\', \'comment:\', \'comment_addr:0\', \'conversion_type:7\', \'default_addr:0\', \'flags:0\', \'formula:\', "id:b\'##CC\'", \'inv_conv_addr:0\', \'is_user_defined:False\', \'links_nr:7\', \'max_phy_value:0.0\', \'min_phy_value:0.0\', \'name:\', \'name_addr:0\', \'precision:0\', \'ref_param_nr:3\', "referenced_blocks:{\'text_0\': b\'Off\', \'text_1\': b\'On\', \'default_addr\': b\'\'}", \'reserved0:0\', \'text_0:491968\', \'text_1:492000\', \'unit:\', \'unit_addr:0\', \'val_0:0.0\', \'val_1:1.0\', \'val_param_nr:2\'])>'
  - 组 'BMC_1'.BMC_DCVolt bit_count: 16 vs 10
  - 组 'BMC_1'.BMC_DCVolt flags: 0 vs 16
  - 组 'BMC_1'.BMC_DCVolt conversion: 'None' vs '<ChannelConversion (name: , unit: V, comment: , formula: , referenced blocks: {}, address: 492568, fields: [\'_cache:None\', \'address:492568\', \'block_len:80\', \'comment:\', \'comment_addr:0\', \'conversion_type:0\', \'flags:0\', \'formula:\', "id:b\'##CC\'", \'inv_conv_addr:0\', \'is_user_defined:False\', \'links_nr:4\', \'max_phy_value:0.0\', \'min_phy_value:0.0\', \'name:\', \'name_addr:0\', \'precision:0\', \'ref_param_nr:0\', \'referenced_blocks:{}\', \'reserved0:0\', \'unit:V\', \'unit_addr:492536\', \'val_param_nr:0\'])>'
  - 组 'BMC_1'.BMC_DchgCurrMax_Peak data_type: 4 vs 0
  - 组 'BMC_1'.BMC_DchgCurrMax_Peak bit_count: 64 vs 12
  - 组 'BMC_1'.BMC_DchgCurrMax_Peak flags: 0 vs 16
  - 组 'BMC_1'.BMC_DchgCurrMax_Peak conversion: 'None' vs '<ChannelConversion (name: , unit: A, comment: , formula: , referenced blocks: {}, address: 493072, fields: [\'_cache:None\', \'a:0.2\', \'address:493072\', \'b:0.0\', \'block_len:96\', \'comment:\', \'comment_addr:0\', \'conversion_type:1\', \'flags:0\', \'formula:\', "id:b\'##CC\'", \'inv_conv_addr:0\', \'is_user_defined:False\', \'links_nr:4\', \'max_phy_value:0.0\', \'min_phy_value:0.0\', \'name:\', \'name_addr:0\', \'precision:0\', \'ref_param_nr:0\', \'referenced_blocks:{}\', \'reserved0:0\', \'unit:A\', \'unit_addr:493040\', \'val_param_nr:2\'])>'
  - 组 'BMC_1'.BMC_BattSocAct data_type: 4 vs 0
  - 组 'BMC_1'.BMC_BattSocAct bit_count: 64 vs 10
  - 组 'BMC_1'.BMC_BattSocAct flags: 0 vs 16
  - 组 'BMC_1'.BMC_BattSocAct conversion: 'None' vs '<ChannelConversion (name: , unit: %, comment: , formula: , referenced blocks: {}, address: 493600, fields: [\'_cache:None\', \'a:0.1\', \'address:493600\', \'b:0.0\', \'block_len:96\', \'comment:\', \'comment_addr:0\', \'conversion_type:1\', \'flags:0\', \'formula:\', "id:b\'##CC\'", \'inv_conv_addr:0\', \'is_user_defined:False\', \'links_nr:4\', \'max_phy_value:0.0\', \'min_phy_value:0.0\', \'name:\', \'name_addr:0\', \'precision:0\', \'ref_param_nr:0\', \'referenced_blocks:{}\', \'reserved0:0\', \'unit:%\', \'unit_addr:493568\', \'val_param_nr:2\'])>'
  - 组 'BMC_1'.BMC_DchgCurrMax_Contns data_type: 4 vs 0
  - 组 'BMC_1'.BMC_DchgCurrMax_Contns bit_count: 64 vs 12
  - 组 'BMC_1'.BMC_DchgCurrMax_Contns flags: 0 vs 16
  - 组 'BMC_1'.BMC_DchgCurrMax_Contns conversion: 'None' vs '<ChannelConversion (name: , unit: A, comment: , formula: , referenced blocks: {}, address: 494112, fields: [\'_cache:None\', \'a:0.2\', \'address:494112\', \'b:0.0\', \'block_len:96\', \'comment:\', \'comment_addr:0\', \'conversion_type:1\', \'flags:0\', \'formula:\', "id:b\'##CC\'", \'inv_conv_addr:0\', \'is_user_defined:False\', \'links_nr:4\', \'max_phy_value:0.0\', \'min_phy_value:0.0\', \'name:\', \'name_addr:0\', \'precision:0\', \'ref_param_nr:0\', \'referenced_blocks:{}\', \'reserved0:0\', \'unit:A\', \'unit_addr:494080\', \'val_param_nr:2\'])>'
  - 组 'BMC_1'.BMC_DcChgErrLvl bit_count: 8 vs 2
  - 组 'BMC_1'.BMC_DcChgErrLvl flags: 0 vs 16
  - 组 'BMC_1'.BMC_ThermalRunawayErr data_type: 7 vs 0
  - 组 'BMC_1'.BMC_ThermalRunawayErr bit_count: 64 vs 2
  - 组 'BMC_1'.BMC_ThermalRunawayErr flags: 0 vs 16
  - 组 'BMC_1'.BMC_ThermalRunawayErr conversion: 'None' vs '<ChannelConversion (name: , unit: , comment: , formula: , referenced blocks: {\'text_0\': b\'Normal\', \'text_1\': b\'Thermal runaway alarm\', \'default_addr\': b\'\'}, address: 495080, fields: [\'_cache:None\', \'address:495080\', \'block_len:120\', \'comment:\', \'comment_addr:0\', \'conversion_type:7\', \'default_addr:0\', \'flags:0\', \'formula:\', "id:b\'##CC\'", \'inv_conv_addr:0\', \'is_user_defined:False\', \'links_nr:7\', \'max_phy_value:0.0\', \'min_phy_value:0.0\', \'name:\', \'name_addr:0\', \'precision:0\', \'ref_param_nr:3\', "referenced_blocks:{\'text_0\': b\'Normal\', \'text_1\': b\'Thermal runaway alarm\', \'default_addr\': b\'\'}", \'reserved0:0\', \'text_0:495000\', \'text_1:495032\', \'unit:\', \'unit_addr:0\', \'val_0:0.0\', \'val_1:3.0\', \'val_param_nr:2\'])>'
  - 组 'BMC_1'.BMC_ThermalRunawayAlert data_type: 7 vs 0
  - 组 'BMC_1'.BMC_ThermalRunawayAlert bit_count: 64 vs 2
  - 组 'BMC_1'.BMC_ThermalRunawayAlert flags: 0 vs 16
  - 组 'BMC_1'.BMC_ThermalRunawayAlert conversion: 'None' vs '<ChannelConversion (name: , unit: , comment: , formula: , referenced blocks: {\'text_0\': b\'Normal\', \'text_1\': b\'Thermal runaway alarm\', \'default_addr\': b\'\'}, address: 495672, fields: [\'_cache:None\', \'address:495672\', \'block_len:120\', \'comment:\', \'comment_addr:0\', \'conversion_type:7\', \'default_addr:0\', \'flags:0\', \'formula:\', "id:b\'##CC\'", \'inv_conv_addr:0\', \'is_user_defined:False\', \'links_nr:7\', \'max_phy_value:0.0\', \'min_phy_value:0.0\', \'name:\', \'name_addr:0\', \'precision:0\', \'ref_param_nr:3\', "referenced_blocks:{\'text_0\': b\'Normal\', \'text_1\': b\'Thermal runaway alarm\', \'default_addr\': b\'\'}", \'reserved0:0\', \'text_0:495592\', \'text_1:495624\', \'unit:\', \'unit_addr:0\', \'val_0:0.0\', \'val_1:3.0\', \'val_param_nr:2\'])>'
  - 组 'BMC_1'.BMC_BusVolt bit_count: 16 vs 10
  - 组 'BMC_1'.BMC_BusVolt flags: 0 vs 16
  - 组 'BMC_1'.BMC_BusVolt conversion: 'None' vs '<ChannelConversion (name: , unit: V, comment: , formula: , referenced blocks: {}, address: 496616, fields: [\'_cache:None\', \'address:496616\', \'block_len:80\', \'comment:\', \'comment_addr:0\', \'conversion_type:0\', \'flags:0\', \'formula:\', "id:b\'##CC\'", \'inv_conv_addr:0\', \'is_user_defined:False\', \'links_nr:4\', \'max_phy_value:0.0\', \'min_phy_value:0.0\', \'name:\', \'name_addr:0\', \'precision:0\', \'ref_param_nr:0\', \'referenced_blocks:{}\', \'reserved0:0\', \'unit:V\', \'unit_addr:496584\', \'val_param_nr:0\'])>'
  - 组 'BMC_1'.BMC_DcChgSt bit_count: 8 vs 1
  - 组 'BMC_1'.BMC_DcChgSt flags: 0 vs 16
  - 组 'BMC_1'.BMC_NegVolt bit_count: 16 vs 10
  - 组 'BMC_1'.BMC_NegVolt flags: 0 vs 16
  - 组 'BMC_1'.BMC_NegVolt conversion: 'None' vs '<ChannelConversion (name: , unit: V, comment: , formula: , referenced blocks: {}, address: 497096, fields: [\'_cache:None\', \'address:497096\', \'block_len:80\', \'comment:\', \'comment_addr:0\', \'conversion_type:0\', \'flags:0\', \'formula:\', "id:b\'##CC\'", \'inv_conv_addr:0\', \'is_user_defined:False\', \'links_nr:4\', \'max_phy_value:0.0\', \'min_phy_value:0.0\', \'name:\', \'name_addr:0\', \'precision:0\', \'ref_param_nr:0\', \'referenced_blocks:{}\', \'reserved0:0\', \'unit:V\', \'unit_addr:497064\', \'val_param_nr:0\'])>'
  - 组 'BMC_1'.BMC_BoostRlyK3Sts data_type: 7 vs 0
  - 组 'BMC_1'.BMC_BoostRlyK3Sts bit_count: 64 vs 3
  - 组 'BMC_1'.BMC_BoostRlyK3Sts flags: 0 vs 16
  - 组 'BMC_1'.BMC_BoostRlyK3Sts conversion: 'None' vs '<ChannelConversion (name: , unit: , comment: , formula: , referenced blocks: {\'text_0\': b\'Init\', \'text_1\': b\'Contactor is open\', \'text_2\': b\'Contactor closed\', \'text_3\': b\'Contactor stuck in open\', \'text_4\': b\'Contactor stuck in closed\', \'default_addr\': b\'\'}, address: 498360, fields: [\'_cache:None\', \'address:498360\', \'block_len:168\', \'comment:\', \'comment_addr:0\', \'conversion_type:7\', \'default_addr:0\', \'flags:0\', \'formula:\', "id:b\'##CC\'", \'inv_conv_addr:0\', \'is_user_defined:False\', \'links_nr:10\', \'max_phy_value:0.0\', \'min_phy_value:0.0\', \'name:\', \'name_addr:0\', \'precision:0\', \'ref_param_nr:6\', "referenced_blocks:{\'text_0\': b\'Init\', \'text_1\': b\'Contactor is open\', \'text_2\': b\'Contactor closed\', \'text_3\': b\'Contactor stuck in open\', \'text_4\': b\'Contactor stuck in closed\', \'default_addr\': b\'\'}", \'reserved0:0\', \'text_0:498128\', \'text_1:498160\', \'text_2:498208\', \'text_3:498256\', \'text_4:498304\', \'unit:\', \'unit_addr:0\', \'val_0:0.0\', \'val_1:1.0\', \'val_2:2.0\', \'val_3:3.0\', \'val_4:4.0\', \'val_param_nr:5\'])>'
  - 组 'BMC_1'.BMC_DriveBoostRlyK3Sts data_type: 7 vs 0
  - 组 'BMC_1'.BMC_DriveBoostRlyK3Sts bit_count: 64 vs 2
  - 组 'BMC_1'.BMC_DriveBoostRlyK3Sts flags: 0 vs 16
  - 组 'BMC_1'.BMC_DriveBoostRlyK3Sts conversion: 'None' vs '<ChannelConversion (name: , unit: , comment: , formula: , referenced blocks: {\'text_0\': b\'Open\', \'text_1\': b\'Close\', \'default_addr\': b\'\'}, address: 497608, fields: [\'_cache:None\', \'address:497608\', \'block_len:120\', \'comment:\', \'comment_addr:0\', \'conversion_type:7\', \'default_addr:0\', \'flags:0\', \'formula:\', "id:b\'##CC\'", \'inv_conv_addr:0\', \'is_user_defined:False\', \'links_nr:7\', \'max_phy_value:0.0\', \'min_phy_value:0.0\', \'name:\', \'name_addr:0\', \'precision:0\', \'ref_param_nr:3\', "referenced_blocks:{\'text_0\': b\'Open\', \'text_1\': b\'Close\', \'default_addr\': b\'\'}", \'reserved0:0\', \'text_0:497544\', \'text_1:497576\', \'unit:\', \'unit_addr:0\', \'val_0:0.0\', \'val_1:1.0\', \'val_param_nr:2\'])>'
  - 组 'BMC_1'.BMC_DcChgTransSts flags: 0 vs 16
  - 组 'BMC_1'.BMC_DcChargerSt data_type: 7 vs 0
  - 组 'BMC_1'.BMC_DcChargerSt bit_count: 64 vs 2
  - 组 'BMC_1'.BMC_DcChargerSt flags: 0 vs 16
  - 组 'BMC_1'.BMC_DcChargerSt conversion: 'None' vs '<ChannelConversion (name: , unit: , comment: , formula: , referenced blocks: {\'text_0\': b\'DC unplugged\', \'text_1\': b\'DC plugged & DC wake-up inactive\', \'text_2\': b\'DC plugged & DC wake-up active\', \'default_addr\': b\'\'}, address: 499480, fields: [\'_cache:None\', \'address:499480\', \'block_len:136\', \'comment:\', \'comment_addr:0\', \'conversion_type:7\', \'default_addr:0\', \'flags:0\', \'formula:\', "id:b\'##CC\'", \'inv_conv_addr:0\', \'is_user_defined:False\', \'links_nr:8\', \'max_phy_value:0.0\', \'min_phy_value:0.0\', \'name:\', \'name_addr:0\', \'precision:0\', \'ref_param_nr:4\', "referenced_blocks:{\'text_0\': b\'DC unplugged\', \'text_1\': b\'DC plugged & DC wake-up inactive\', \'text_2\': b\'DC plugged & DC wake-up active\', \'default_addr\': b\'\'}", \'reserved0:0\', \'text_0:499320\', \'text_1:499360\', \'text_2:499424\', \'unit:\', \'unit_addr:0\', \'val_0:0.0\', \'val_1:1.0\', \'val_2:2.0\', \'val_param_nr:3\'])>'
  - 组 'BMC_1'.BMC_C2VoltA bit_count: 16 vs 10
  - 组 'BMC_1'.BMC_C2VoltA flags: 0 vs 16
  - 组 'BMC_1'.BMC_C2VoltA conversion: 'None' vs '<ChannelConversion (name: , unit: V, comment: , formula: , referenced blocks: {}, address: 500032, fields: [\'_cache:None\', \'address:500032\', \'block_len:80\', \'comment:\', \'comment_addr:0\', \'conversion_type:0\', \'flags:0\', \'formula:\', "id:b\'##CC\'", \'inv_conv_addr:0\', \'is_user_defined:False\', \'links_nr:4\', \'max_phy_value:0.0\', \'min_phy_value:0.0\', \'name:\', \'name_addr:0\', \'precision:0\', \'ref_param_nr:0\', \'referenced_blocks:{}\', \'reserved0:0\', \'unit:V\', \'unit_addr:500000\', \'val_param_nr:0\'])>'
  - 组 'BMC_1'.BMC_C2VoltB bit_count: 16 vs 10
  - 组 'BMC_1'.BMC_C2VoltB flags: 0 vs 16
  - 组 'BMC_1'.BMC_C2VoltB conversion: 'None' vs '<ChannelConversion (name: , unit: V, comment: , formula: , referenced blocks: {}, address: 500528, fields: [\'_cache:None\', \'address:500528\', \'block_len:80\', \'comment:\', \'comment_addr:0\', \'conversion_type:0\', \'flags:0\', \'formula:\', "id:b\'##CC\'", \'inv_conv_addr:0\', \'is_user_defined:False\', \'links_nr:4\', \'max_phy_value:0.0\', \'min_phy_value:0.0\', \'name:\', \'name_addr:0\', \'precision:0\', \'ref_param_nr:0\', \'referenced_blocks:{}\', \'reserved0:0\', \'unit:V\', \'unit_addr:500496\', \'val_param_nr:0\'])>'
  - 组 'BMC_1'.BMC_C2VoltC bit_count: 16 vs 10
  - 组 'BMC_1'.BMC_C2VoltC flags: 0 vs 16
  - 组 'BMC_1'.BMC_C2VoltC conversion: 'None' vs '<ChannelConversion (name: , unit: V, comment: , formula: , referenced blocks: {}, address: 501608, fields: [\'_cache:None\', \'address:501608\', \'block_len:80\', \'comment:\', \'comment_addr:0\', \'conversion_type:0\', \'flags:0\', \'formula:\', "id:b\'##CC\'", \'inv_conv_addr:0\', \'is_user_defined:False\', \'links_nr:4\', \'max_phy_value:0.0\', \'min_phy_value:0.0\', \'name:\', \'name_addr:0\', \'precision:0\', \'ref_param_nr:0\', \'referenced_blocks:{}\', \'reserved0:0\', \'unit:V\', \'unit_addr:501576\', \'val_param_nr:0\'])>'
  - 组 'BMC_1'.BMC_DriveBoostRlyK2Sts data_type: 7 vs 0
  - 组 'BMC_1'.BMC_DriveBoostRlyK2Sts bit_count: 64 vs 2
  - 组 'BMC_1'.BMC_DriveBoostRlyK2Sts flags: 0 vs 16
  - 组 'BMC_1'.BMC_DriveBoostRlyK2Sts conversion: 'None' vs '<ChannelConversion (name: , unit: , comment: , formula: , referenced blocks: {\'text_0\': b\'Open\', \'text_1\': b\'Close\', \'default_addr\': b\'\'}, address: 501056, fields: [\'_cache:None\', \'address:501056\', \'block_len:120\', \'comment:\', \'comment_addr:0\', \'conversion_type:7\', \'default_addr:0\', \'flags:0\', \'formula:\', "id:b\'##CC\'", \'inv_conv_addr:0\', \'is_user_defined:False\', \'links_nr:7\', \'max_phy_value:0.0\', \'min_phy_value:0.0\', \'name:\', \'name_addr:0\', \'precision:0\', \'ref_param_nr:3\', "referenced_blocks:{\'text_0\': b\'Open\', \'text_1\': b\'Close\', \'default_addr\': b\'\'}", \'reserved0:0\', \'text_0:500992\', \'text_1:501024\', \'unit:\', \'unit_addr:0\', \'val_0:0.0\', \'val_1:1.0\', \'val_param_nr:2\'])>'
  - 组 'BMC_1'.BMC_DcChgConfigSt bit_count: 8 vs 1
  - 组 'BMC_1'.BMC_DcChgConfigSt flags: 0 vs 16
  - 组 'BMC_1'.BMC_DcChgInfoSt data_type: 7 vs 0
  - 组 'BMC_1'.BMC_DcChgInfoSt bit_count: 64 vs 2
  - 组 'BMC_1'.BMC_DcChgInfoSt flags: 0 vs 16
  - 组 'BMC_1'.BMC_DcChgInfoSt conversion: 'None' vs '<ChannelConversion (name: , unit: , comment: , formula: , referenced blocks: {\'text_0\': b\'Charging not active\', \'text_1\': b\'Charging is active\', \'text_2\': b\'Power down request\', \'default_addr\': b\'\'}, address: 503008, fields: [\'_cache:None\', \'address:503008\', \'block_len:136\', \'comment:\', \'comment_addr:0\', \'conversion_type:7\', \'default_addr:0\', \'flags:0\', \'formula:\', "id:b\'##CC\'", \'inv_conv_addr:0\', \'is_user_defined:False\', \'links_nr:8\', \'max_phy_value:0.0\', \'min_phy_value:0.0\', \'name:\', \'name_addr:0\', \'precision:0\', \'ref_param_nr:4\', "referenced_blocks:{\'text_0\': b\'Charging not active\', \'text_1\': b\'Charging is active\', \'text_2\': b\'Power down request\', \'default_addr\': b\'\'}", \'reserved0:0\', \'text_0:502864\', \'text_1:502912\', \'text_2:502960\', \'unit:\', \'unit_addr:0\', \'val_0:0.0\', \'val_1:1.0\', \'val_2:2.0\', \'val_param_nr:3\'])>'
  - 组 'BMC_1'.BMC_BoostRlyK2Sts data_type: 7 vs 0
  - 组 'BMC_1'.BMC_BoostRlyK2Sts bit_count: 64 vs 3
  - 组 'BMC_1'.BMC_BoostRlyK2Sts flags: 0 vs 16
  - 组 'BMC_1'.BMC_BoostRlyK2Sts conversion: 'None' vs '<ChannelConversion (name: , unit: , comment: , formula: , referenced blocks: {\'text_0\': b\'Init\', \'text_1\': b\'Contactor is open\', \'text_2\': b\'Contactor closed\', \'text_3\': b\'Contactor stuck in open\', \'text_4\': b\'Contactor stuck in closed\', \'default_addr\': b\'\'}, address: 502304, fields: [\'_cache:None\', \'address:502304\', \'block_len:168\', \'comment:\', \'comment_addr:0\', \'conversion_type:7\', \'default_addr:0\', \'flags:0\', \'formula:\', "id:b\'##CC\'", \'inv_conv_addr:0\', \'is_user_defined:False\', \'links_nr:10\', \'max_phy_value:0.0\', \'min_phy_value:0.0\', \'name:\', \'name_addr:0\', \'precision:0\', \'ref_param_nr:6\', "referenced_blocks:{\'text_0\': b\'Init\', \'text_1\': b\'Contactor is open\', \'text_2\': b\'Contactor closed\', \'text_3\': b\'Contactor stuck in open\', \'text_4\': b\'Contactor stuck in closed\', \'default_addr\': b\'\'}", \'reserved0:0\', \'text_0:502072\', \'text_1:502104\', \'text_2:502152\', \'text_3:502200\', \'text_4:502248\', \'unit:\', \'unit_addr:0\', \'val_0:0.0\', \'val_1:1.0\', \'val_2:2.0\', \'val_3:3.0\', \'val_4:4.0\', \'val_param_nr:5\'])>'
  - 组 'BMC_1'.BMC_StInt flags: 0 vs 16
  - 组 'DCU_1': 组内信号序不同 ['DCU_1_CRC', 'DCU_1_Counter', 'DCU_RotSpdAct', 'DCU_IdcAct', 'DCU_UdcAct', 'DCU_CCUEOPPowerSup', 'DCU_ModeSt', 'DCU_TorqMax']... vs ['DCU_1_CRC', 'DCU_1_Counter', 'DCU_RotSpdAct', 'DCU_IdcAct', 'DCU_CCUEOPPowerSup', 'DCU_UdcAct', 'DCU_ModeSt', 'DCU_HvilSt']...
  - 组 'DCU_1'.t data_type: 4 vs 0
  - 组 'DCU_1'.t conversion: 'None' vs '<ChannelConversion (name: , unit: s, comment: , formula: , referenced blocks: {}, address: 1344, fields: [\'_cache:None\', \'a:1e-09\', \'address:1344\', \'b:0.0\', \'block_len:96\', \'comment:\', \'comment_addr:0\', \'conversion_type:1\', \'flags:0\', \'formula:\', "id:b\'##CC\'", \'inv_conv_addr:0\', \'is_user_defined:False\', \'links_nr:4\', \'max_phy_value:0.0\', \'min_phy_value:0.0\', \'name:\', \'name_addr:0\', \'precision:0\', \'ref_param_nr:0\', \'referenced_blocks:{}\', \'reserved0:0\', \'unit:s\', \'unit_addr:1312\', \'val_param_nr:2\'])>'
  - 组 'DCU_1'.DCU_1_CRC flags: 0 vs 16
  - 组 'DCU_1'.DCU_1_Counter flags: 0 vs 16
  - 组 'DCU_1'.DCU_RotSpdAct data_type: 4 vs 0
  - 组 'DCU_1'.DCU_RotSpdAct bit_count: 64 vs 16
  - 组 'DCU_1'.DCU_RotSpdAct flags: 0 vs 16
  - 组 'DCU_1'.DCU_RotSpdAct conversion: 'None' vs '<ChannelConversion (name: , unit: rpm, comment: , formula: , referenced blocks: {}, address: 576272, fields: [\'_cache:None\', \'a:1.0\', \'address:576272\', \'b:-32767.0\', \'block_len:96\', \'comment:\', \'comment_addr:0\', \'conversion_type:1\', \'flags:0\', \'formula:\', "id:b\'##CC\'", \'inv_conv_addr:0\', \'is_user_defined:False\', \'links_nr:4\', \'max_phy_value:0.0\', \'min_phy_value:0.0\', \'name:\', \'name_addr:0\', \'precision:0\', \'ref_param_nr:0\', \'referenced_blocks:{}\', \'reserved0:0\', \'unit:rpm\', \'unit_addr:576240\', \'val_param_nr:2\'])>'
  - 组 'DCU_1'.DCU_IdcAct data_type: 4 vs 0
  - 组 'DCU_1'.DCU_IdcAct bit_count: 64 vs 11
  - 组 'DCU_1'.DCU_IdcAct flags: 0 vs 16
  - 组 'DCU_1'.DCU_IdcAct conversion: 'None' vs '<ChannelConversion (name: , unit: A, comment: , formula: , referenced blocks: {}, address: 576792, fields: [\'_cache:None\', \'a:1.0\', \'address:576792\', \'b:-1023.0\', \'block_len:96\', \'comment:\', \'comment_addr:0\', \'conversion_type:1\', \'flags:0\', \'formula:\', "id:b\'##CC\'", \'inv_conv_addr:0\', \'is_user_defined:False\', \'links_nr:4\', \'max_phy_value:0.0\', \'min_phy_value:0.0\', \'name:\', \'name_addr:0\', \'precision:0\', \'ref_param_nr:0\', \'referenced_blocks:{}\', \'reserved0:0\', \'unit:A\', \'unit_addr:576760\', \'val_param_nr:2\'])>'
  - 组 'DCU_1'.DCU_UdcAct bit_count: 16 vs 10
  - 组 'DCU_1'.DCU_UdcAct flags: 0 vs 16
  - 组 'DCU_1'.DCU_UdcAct conversion: 'None' vs '<ChannelConversion (name: , unit: V, comment: , formula: , referenced blocks: {}, address: 577896, fields: [\'_cache:None\', \'address:577896\', \'block_len:80\', \'comment:\', \'comment_addr:0\', \'conversion_type:0\', \'flags:0\', \'formula:\', "id:b\'##CC\'", \'inv_conv_addr:0\', \'is_user_defined:False\', \'links_nr:4\', \'max_phy_value:0.0\', \'min_phy_value:0.0\', \'name:\', \'name_addr:0\', \'precision:0\', \'ref_param_nr:0\', \'referenced_blocks:{}\', \'reserved0:0\', \'unit:V\', \'unit_addr:577864\', \'val_param_nr:0\'])>'
  - 组 'DCU_1'.DCU_CCUEOPPowerSup data_type: 7 vs 0
  - 组 'DCU_1'.DCU_CCUEOPPowerSup bit_count: 64 vs 2
  - 组 'DCU_1'.DCU_CCUEOPPowerSup flags: 0 vs 16
  - 组 'DCU_1'.DCU_CCUEOPPowerSup conversion: 'None' vs '<ChannelConversion (name: , unit: , comment: , formula: , referenced blocks: {\'text_0\': b\'No active\', \'text_1\': b\'Active\', \'default_addr\': b\'\'}, address: 577344, fields: [\'_cache:None\', \'address:577344\', \'block_len:120\', \'comment:\', \'comment_addr:0\', \'conversion_type:7\', \'default_addr:0\', \'flags:0\', \'formula:\', "id:b\'##CC\'", \'inv_conv_addr:0\', \'is_user_defined:False\', \'links_nr:7\', \'max_phy_value:0.0\', \'min_phy_value:0.0\', \'name:\', \'name_addr:0\', \'precision:0\', \'ref_param_nr:3\', "referenced_blocks:{\'text_0\': b\'No active\', \'text_1\': b\'Active\', \'default_addr\': b\'\'}", \'reserved0:0\', \'text_0:577272\', \'text_1:577312\', \'unit:\', \'unit_addr:0\', \'val_0:1.0\', \'val_1:2.0\', \'val_param_nr:2\'])>'
  - 组 'DCU_1'.DCU_ModeSt data_type: 7 vs 0
  - 组 'DCU_1'.DCU_ModeSt bit_count: 64 vs 4
  - 组 'DCU_1'.DCU_ModeSt flags: 0 vs 16
  - 组 'DCU_1'.DCU_ModeSt conversion: 'None' vs '<ChannelConversion (name: , unit: , comment: , formula: , referenced blocks: {\'text_0\': b\'Init\', \'text_1\': b\'Standby\', \'text_2\': b\'Ready\', \'text_3\': b\'TrqCtrl\', \'text_4\': b\'HillholdCtrl or SpdCtrl\', \'text_5\': b\'Discharge\', \'text_6\': b\'AHF\', \'text_7\': b\'Failure\', \'text_8\': b\'Offsetcal\', \'text_9\': b\'Power off\', \'text_10\': b\'CapPrecharge\', \'text_11\': b\'Boost Charge\', \'text_12\': b\'BuckDischarge\', \'text_13\': b\'CapDischarge\', \'text_14\': b\'Emer_Discharge\', \'default_addr\': b\'\'}, address: 578920, fields: [\'_cache:None\', \'address:578920\', \'block_len:328\', \'comment:\', \'comment_addr:0\', \'conversion_type:7\', \'default_addr:0\', \'flags:0\', \'formula:\', "id:b\'##CC\'", \'inv_conv_addr:0\', \'is_user_defined:False\', \'links_nr:20\', \'max_phy_value:0.0\', \'min_phy_value:0.0\', \'name:\', \'name_addr:0\', \'precision:0\', \'ref_param_nr:16\', "referenced_blocks:{\'text_0\': b\'Init\', \'text_1\': b\'Standby\', \'text_2\': b\'Ready\', \'text_3\': b\'TrqCtrl\', \'text_4\': b\'HillholdCtrl or SpdCtrl\', \'text_5\': b\'Discharge\', \'text_6\': b\'AHF\', \'text_7\': b\'Failure\', \'text_8\': b\'Offsetcal\', \'text_9\': b\'Power off\', \'text_10\': b\'CapPrecharge\', \'text_11\': b\'Boost Charge\', \'text_12\': b\'BuckDischarge\', \'text_13\': b\'CapDischarge\', \'text_14\': b\'Emer_Discharge\', \'default_addr\': b\'\'}", \'reserved0:0\', \'text_0:578360\', \'text_1:578392\', \'text_10:578720\', \'text_11:578760\', \'text_12:578800\', \'text_13:578840\', \'text_14:578880\', \'text_2:578424\', \'text_3:578456\', \'text_4:578488\', \'text_5:578536\', \'text_6:578576\', \'text_7:578608\', \'text_8:578640\', \'text_9:578680\', \'unit:\', \'unit_addr:0\', \'val_0:1.0\', \'val_1:2.0\', \'val_10:11.0\', \'val_11:12.0\', \'val_12:13.0\', \'val_13:14.0\', \'val_14:15.0\', \'val_2:3.0\', \'val_3:4.0\', \'val_4:5.0\', \'val_5:6.0\', \'val_6:7.0\', \'val_7:8.0\', \'val_8:9.0\', \'val_9:10.0\', \'val_param_nr:15\'])>'
  - 组 'DCU_1'.DCU_TorqMax bit_count: 16 vs 10
  - 组 'DCU_1'.DCU_TorqMax flags: 0 vs 16
  - 组 'DCU_1'.DCU_TorqMax conversion: 'None' vs '<ChannelConversion (name: , unit: Nm, comment: , formula: , referenced blocks: {}, address: 580408, fields: [\'_cache:None\', \'address:580408\', \'block_len:80\', \'comment:\', \'comment_addr:0\', \'conversion_type:0\', \'flags:0\', \'formula:\', "id:b\'##CC\'", \'inv_conv_addr:0\', \'is_user_defined:False\', \'links_nr:4\', \'max_phy_value:0.0\', \'min_phy_value:0.0\', \'name:\', \'name_addr:0\', \'precision:0\', \'ref_param_nr:0\', \'referenced_blocks:{}\', \'reserved0:0\', \'unit:Nm\', \'unit_addr:580376\', \'val_param_nr:0\'])>'
  - 组 'DCU_1'.DCU_HvilSt data_type: 7 vs 0
  - 组 'DCU_1'.DCU_HvilSt bit_count: 64 vs 2
  - 组 'DCU_1'.DCU_HvilSt flags: 0 vs 16
  - 组 'DCU_1'.DCU_HvilSt conversion: 'None' vs '<ChannelConversion (name: , unit: , comment: , formula: , referenced blocks: {\'text_0\': b\'HVIL generator is ready but HVIL result is not available\', \'text_1\': b\'HVIL is closed\', \'text_2\': b\'HVIL is interrupted\', \'text_3\': b\'Failure\', \'default_addr\': b\'\'}, address: 579840, fields: [\'_cache:None\', \'address:579840\', \'block_len:152\', \'comment:\', \'comment_addr:0\', \'conversion_type:7\', \'default_addr:0\', \'flags:0\', \'formula:\', "id:b\'##CC\'", \'inv_conv_addr:0\', \'is_user_defined:False\', \'links_nr:9\', \'max_phy_value:0.0\', \'min_phy_value:0.0\', \'name:\', \'name_addr:0\', \'precision:0\', \'ref_param_nr:5\', "referenced_blocks:{\'text_0\': b\'HVIL generator is ready but HVIL result is not available\', \'text_1\': b\'HVIL is closed\', \'text_2\': b\'HVIL is interrupted\', \'text_3\': b\'Failure\', \'default_addr\': b\'\'}", \'reserved0:0\', \'text_0:579632\', \'text_1:579720\', \'text_2:579760\', \'text_3:579808\', \'unit:\', \'unit_addr:0\', \'val_0:0.0\', \'val_1:1.0\', \'val_2:2.0\', \'val_3:3.0\', \'val_param_nr:4\'])>'
  - 组 'DCU_1'.DCU_TorqMin data_type: 4 vs 0
  - 组 'DCU_1'.DCU_TorqMin bit_count: 64 vs 10
  - 组 'DCU_1'.DCU_TorqMin conversion: 'None' vs '<ChannelConversion (name: , unit: Nm, comment: , formula: , referenced blocks: {}, address: 580912, fields: [\'_cache:None\', \'a:1.0\', \'address:580912\', \'b:-1023.0\', \'block_len:96\', \'comment:\', \'comment_addr:0\', \'conversion_type:1\', \'flags:0\', \'formula:\', "id:b\'##CC\'", \'inv_conv_addr:0\', \'is_user_defined:False\', \'links_nr:4\', \'max_phy_value:0.0\', \'min_phy_value:0.0\', \'name:\', \'name_addr:0\', \'precision:0\', \'ref_param_nr:0\', \'referenced_blocks:{}\', \'reserved0:0\', \'unit:Nm\', \'unit_addr:580880\', \'val_param_nr:2\'])>'
  - 组 'DCU_1'.DCU_SelfTorqMax bit_count: 16 vs 10
  - 组 'DCU_1'.DCU_SelfTorqMax flags: 0 vs 16
  - 组 'DCU_1'.DCU_SelfTorqMax conversion: 'None' vs '<ChannelConversion (name: , unit: Nm, comment: , formula: , referenced blocks: {}, address: 581440, fields: [\'_cache:None\', \'address:581440\', \'block_len:80\', \'comment:\', \'comment_addr:0\', \'conversion_type:0\', \'flags:0\', \'formula:\', "id:b\'##CC\'", \'inv_conv_addr:0\', \'is_user_defined:False\', \'links_nr:4\', \'max_phy_value:0.0\', \'min_phy_value:0.0\', \'name:\', \'name_addr:0\', \'precision:0\', \'ref_param_nr:0\', \'referenced_blocks:{}\', \'reserved0:0\', \'unit:Nm\', \'unit_addr:581408\', \'val_param_nr:0\'])>'
  - 组 'DCU_1'.DCU_SelfTorqMin data_type: 4 vs 0
  - 组 'DCU_1'.DCU_SelfTorqMin bit_count: 64 vs 10
  - 组 'DCU_1'.DCU_SelfTorqMin conversion: 'None' vs '<ChannelConversion (name: , unit: Nm, comment: , formula: , referenced blocks: {}, address: 582544, fields: [\'_cache:None\', \'a:1.0\', \'address:582544\', \'b:-1023.0\', \'block_len:96\', \'comment:\', \'comment_addr:0\', \'conversion_type:1\', \'flags:0\', \'formula:\', "id:b\'##CC\'", \'inv_conv_addr:0\', \'is_user_defined:False\', \'links_nr:4\', \'max_phy_value:0.0\', \'min_phy_value:0.0\', \'name:\', \'name_addr:0\', \'precision:0\', \'ref_param_nr:0\', \'referenced_blocks:{}\', \'reserved0:0\', \'unit:Nm\', \'unit_addr:582512\', \'val_param_nr:2\'])>'
  - 组 'DCU_1'.DCU_DstActive data_type: 7 vs 0
  - 组 'DCU_1'.DCU_DstActive bit_count: 64 vs 1
  - 组 'DCU_1'.DCU_DstActive flags: 0 vs 16
  - 组 'DCU_1'.DCU_DstActive conversion: 'None' vs '<ChannelConversion (name: , unit: , comment: , formula: , referenced blocks: {\'text_0\': b\'No Active\', \'text_1\': b\'Active\', \'default_addr\': b\'\'}, address: 582008, fields: [\'_cache:None\', \'address:582008\', \'block_len:120\', \'comment:\', \'comment_addr:0\', \'conversion_type:7\', \'default_addr:0\', \'flags:0\', \'formula:\', "id:b\'##CC\'", \'inv_conv_addr:0\', \'is_user_defined:False\', \'links_nr:7\', \'max_phy_value:0.0\', \'min_phy_value:0.0\', \'name:\', \'name_addr:0\', \'precision:0\', \'ref_param_nr:3\', "referenced_blocks:{\'text_0\': b\'No Active\', \'text_1\': b\'Active\', \'default_addr\': b\'\'}", \'reserved0:0\', \'text_0:581936\', \'text_1:581976\', \'unit:\', \'unit_addr:0\', \'val_0:0.0\', \'val_1:1.0\', \'val_param_nr:2\'])>'
  - 组 'DCU_1'.DCU_DiagErrCode bit_count: 8 vs 6
  - 组 'DCU_1'.DCU_DiagErrCode flags: 0 vs 16
  - 组 'DCU_1'.DCU_TorqAct data_type: 4 vs 0
  - 组 'DCU_1'.DCU_TorqAct bit_count: 64 vs 13
  - 组 'DCU_1'.DCU_TorqAct flags: 0 vs 16
  - 组 'DCU_1'.DCU_TorqAct conversion: 'None' vs '<ChannelConversion (name: , unit: Nm, comment: , formula: , referenced blocks: {}, address: 583472, fields: [\'_cache:None\', \'a:0.2\', \'address:583472\', \'b:-819.0\', \'block_len:96\', \'comment:\', \'comment_addr:0\', \'conversion_type:1\', \'flags:0\', \'formula:\', "id:b\'##CC\'", \'inv_conv_addr:0\', \'is_user_defined:False\', \'links_nr:4\', \'max_phy_value:0.0\', \'min_phy_value:0.0\', \'name:\', \'name_addr:0\', \'precision:0\', \'ref_param_nr:0\', \'referenced_blocks:{}\', \'reserved0:0\', \'unit:Nm\', \'unit_addr:583440\', \'val_param_nr:2\'])>'
  - 组 'IPS_1': 组内信号序不同 ['IPS_1_CRC', 'IPS_1_Counter', 'IPS_DCDCDiagErrCode', 'IPS_DCDCModeSt', 'IPS_DCDCVoltLvAct', 'IPS_DCDCCurrHvAct', 'IPS_DCDCCurrLvAct', 'IPS_DCDCVoltHvAct']... vs ['IPS_1_CRC', 'IPS_1_Counter', 'IPS_DCDCDiagErrCode', 'IPS_DCDCModeSt', 'IPS_DCDCVoltLvAct', 'IPS_DCDCCurrHvAct', 'IPS_DCDCCurrLvAct', 'IPS_DCDCVoltHvAct']...
  - 组 'IPS_1'.t data_type: 4 vs 0
  - 组 'IPS_1'.t conversion: 'None' vs '<ChannelConversion (name: , unit: s, comment: , formula: , referenced blocks: {}, address: 1344, fields: [\'_cache:None\', \'a:1e-09\', \'address:1344\', \'b:0.0\', \'block_len:96\', \'comment:\', \'comment_addr:0\', \'conversion_type:1\', \'flags:0\', \'formula:\', "id:b\'##CC\'", \'inv_conv_addr:0\', \'is_user_defined:False\', \'links_nr:4\', \'max_phy_value:0.0\', \'min_phy_value:0.0\', \'name:\', \'name_addr:0\', \'precision:0\', \'ref_param_nr:0\', \'referenced_blocks:{}\', \'reserved0:0\', \'unit:s\', \'unit_addr:1312\', \'val_param_nr:2\'])>'
  - 组 'IPS_1'.IPS_1_CRC flags: 0 vs 16
  - 组 'IPS_1'.IPS_1_Counter flags: 0 vs 16
  - 组 'IPS_1'.IPS_DCDCDiagErrCode flags: 0 vs 16
  - 组 'IPS_1'.IPS_DCDCModeSt data_type: 7 vs 0
  - 组 'IPS_1'.IPS_DCDCModeSt bit_count: 64 vs 3
  - 组 'IPS_1'.IPS_DCDCModeSt flags: 0 vs 16
  - 组 'IPS_1'.IPS_DCDCModeSt conversion: 'None' vs '<ChannelConversion (name: , unit: , comment: , formula: , referenced blocks: {\'text_0\': b\'Init;- others : reserved\', \'text_1\': b\'Disconnected\', \'text_2\': b\'Connected (HV is active)\', \'text_3\': b\'Active - Buck Mode\', \'text_4\': b\'Failure\', \'default_addr\': b\'\'}, address: 645816, fields: [\'_cache:None\', \'address:645816\', \'block_len:168\', \'comment:\', \'comment_addr:0\', \'conversion_type:7\', \'default_addr:0\', \'flags:0\', \'formula:\', "id:b\'##CC\'", \'inv_conv_addr:0\', \'is_user_defined:False\', \'links_nr:10\', \'max_phy_value:0.0\', \'min_phy_value:0.0\', \'name:\', \'name_addr:0\', \'precision:0\', \'ref_param_nr:6\', "referenced_blocks:{\'text_0\': b\'Init;- others : reserved\', \'text_1\': b\'Disconnected\', \'text_2\': b\'Connected (HV is active)\', \'text_3\': b\'Active - Buck Mode\', \'text_4\': b\'Failure\', \'default_addr\': b\'\'}", \'reserved0:0\', \'text_0:645584\', \'text_1:645640\', \'text_2:645680\', \'text_3:645736\', \'text_4:645784\', \'unit:\', \'unit_addr:0\', \'val_0:0.0\', \'val_1:1.0\', \'val_2:2.0\', \'val_3:3.0\', \'val_4:7.0\', \'val_param_nr:5\'])>'
  - 组 'IPS_1'.IPS_DCDCVoltLvAct data_type: 4 vs 0
  - 组 'IPS_1'.IPS_DCDCVoltLvAct bit_count: 64 vs 10
  - 组 'IPS_1'.IPS_DCDCVoltLvAct flags: 0 vs 16
  - 组 'IPS_1'.IPS_DCDCVoltLvAct conversion: 'None' vs '<ChannelConversion (name: , unit: V, comment: , formula: , referenced blocks: {}, address: 646392, fields: [\'_cache:None\', \'a:0.1\', \'address:646392\', \'b:0.0\', \'block_len:96\', \'comment:\', \'comment_addr:0\', \'conversion_type:1\', \'flags:0\', \'formula:\', "id:b\'##CC\'", \'inv_conv_addr:0\', \'is_user_defined:False\', \'links_nr:4\', \'max_phy_value:0.0\', \'min_phy_value:0.0\', \'name:\', \'name_addr:0\', \'precision:0\', \'ref_param_nr:0\', \'referenced_blocks:{}\', \'reserved0:0\', \'unit:V\', \'unit_addr:646360\', \'val_param_nr:2\'])>'
  - 组 'IPS_1'.IPS_DCDCCurrHvAct data_type: 4 vs 0
  - 组 'IPS_1'.IPS_DCDCCurrHvAct bit_count: 64 vs 9
  - 组 'IPS_1'.IPS_DCDCCurrHvAct flags: 0 vs 16
  - 组 'IPS_1'.IPS_DCDCCurrHvAct conversion: 'None' vs '<ChannelConversion (name: , unit: A, comment: , formula: , referenced blocks: {}, address: 646912, fields: [\'_cache:None\', \'a:0.1\', \'address:646912\', \'b:0.0\', \'block_len:96\', \'comment:\', \'comment_addr:0\', \'conversion_type:1\', \'flags:0\', \'formula:\', "id:b\'##CC\'", \'inv_conv_addr:0\', \'is_user_defined:False\', \'links_nr:4\', \'max_phy_value:0.0\', \'min_phy_value:0.0\', \'name:\', \'name_addr:0\', \'precision:0\', \'ref_param_nr:0\', \'referenced_blocks:{}\', \'reserved0:0\', \'unit:A\', \'unit_addr:646880\', \'val_param_nr:2\'])>'
  - 组 'IPS_1'.IPS_DCDCCurrLvAct bit_count: 16 vs 9
  - 组 'IPS_1'.IPS_DCDCCurrLvAct flags: 0 vs 16
  - 组 'IPS_1'.IPS_DCDCCurrLvAct conversion: 'None' vs '<ChannelConversion (name: , unit: A, comment: , formula: , referenced blocks: {}, address: 647424, fields: [\'_cache:None\', \'address:647424\', \'block_len:80\', \'comment:\', \'comment_addr:0\', \'conversion_type:0\', \'flags:0\', \'formula:\', "id:b\'##CC\'", \'inv_conv_addr:0\', \'is_user_defined:False\', \'links_nr:4\', \'max_phy_value:0.0\', \'min_phy_value:0.0\', \'name:\', \'name_addr:0\', \'precision:0\', \'ref_param_nr:0\', \'referenced_blocks:{}\', \'reserved0:0\', \'unit:A\', \'unit_addr:647392\', \'val_param_nr:0\'])>'
  - 组 'IPS_1'.IPS_DCDCVoltHvAct bit_count: 16 vs 10
  - 组 'IPS_1'.IPS_DCDCVoltHvAct flags: 0 vs 16
  - 组 'IPS_1'.IPS_DCDCVoltHvAct conversion: 'None' vs '<ChannelConversion (name: , unit: V, comment: , formula: , referenced blocks: {}, address: 647920, fields: [\'_cache:None\', \'address:647920\', \'block_len:80\', \'comment:\', \'comment_addr:0\', \'conversion_type:0\', \'flags:0\', \'formula:\', "id:b\'##CC\'", \'inv_conv_addr:0\', \'is_user_defined:False\', \'links_nr:4\', \'max_phy_value:0.0\', \'min_phy_value:0.0\', \'name:\', \'name_addr:0\', \'precision:0\', \'ref_param_nr:0\', \'referenced_blocks:{}\', \'reserved0:0\', \'unit:V\', \'unit_addr:647888\', \'val_param_nr:0\'])>'
  - 组 'IPS_1'.IPS_OBCDiagErrCode flags: 0 vs 16
  - 组 'IPS_1'.IPS_OBCCC_St data_type: 7 vs 0
  - 组 'IPS_1'.IPS_OBCCC_St bit_count: 64 vs 3
  - 组 'IPS_1'.IPS_OBCCC_St flags: 0 vs 16
  - 组 'IPS_1'.IPS_OBCCC_St conversion: 'None' vs '<ChannelConversion (name: , unit: , comment: , formula: , referenced blocks: {\'text_0\': b\'disconnected;- others : reserved\', \'text_1\': b\'half connected charging/ V2V/ V2L\', \'text_2\': b\'Connected charging/ V2V\', \'text_3\': b\'Connected V2L\', \'text_4\': b\'Connected DC charing(European standard charging)\', \'text_5\': b\'charger connected(European standard charging)\', \'text_6\': b\'failure\', \'default_addr\': b\'\'}, address: 649184, fields: [\'_cache:None\', \'address:649184\', \'block_len:200\', \'comment:\', \'comment_addr:0\', \'conversion_type:7\', \'default_addr:0\', \'flags:0\', \'formula:\', "id:b\'##CC\'", \'inv_conv_addr:0\', \'is_user_defined:False\', \'links_nr:12\', \'max_phy_value:0.0\', \'min_phy_value:0.0\', \'name:\', \'name_addr:0\', \'precision:0\', \'ref_param_nr:8\', "referenced_blocks:{\'text_0\': b\'disconnected;- others : reserved\', \'text_1\': b\'half connected charging/ V2V/ V2L\', \'text_2\': b\'Connected charging/ V2V\', \'text_3\': b\'Connected V2L\', \'text_4\': b\'Connected DC charing(European standard charging)\', \'text_5\': b\'charger connected(European standard charging)\', \'text_6\': b\'failure\', \'default_addr\': b\'\'}", \'reserved0:0\', \'text_0:648784\', \'text_1:648848\', \'text_2:648912\', \'text_3:648960\', \'text_4:649000\', \'text_5:649080\', \'text_6:649152\', \'unit:\', \'unit_addr:0\', \'val_0:0.0\', \'val_1:1.0\', \'val_2:2.0\', \'val_3:4.0\', \'val_4:5.0\', \'val_5:6.0\', \'val_6:7.0\', \'val_param_nr:7\'])>'
  - 组 'IPS_1'.IPS_OBCCC_Res data_type: 4 vs 0
  - 组 'IPS_1'.IPS_OBCCC_Res bit_count: 64 vs 10
  - 组 'IPS_1'.IPS_OBCCC_Res flags: 0 vs 16
  - 组 'IPS_1'.IPS_OBCCC_Res conversion: 'None' vs '<ChannelConversion (name: , unit: Ohm, comment: , formula: , referenced blocks: {}, address: 651544, fields: [\'_cache:None\', \'a:10.0\', \'address:651544\', \'b:0.0\', \'block_len:96\', \'comment:\', \'comment_addr:0\', \'conversion_type:1\', \'flags:0\', \'formula:\', "id:b\'##CC\'", \'inv_conv_addr:0\', \'is_user_defined:False\', \'links_nr:4\', \'max_phy_value:0.0\', \'min_phy_value:0.0\', \'name:\', \'name_addr:0\', \'precision:0\', \'ref_param_nr:0\', \'referenced_blocks:{}\', \'reserved0:0\', \'unit:Ohm\', \'unit_addr:651512\', \'val_param_nr:2\'])>'
  - 组 'IPS_1'.IPS_OBCDschDisable data_type: 7 vs 0
  - 组 'IPS_1'.IPS_OBCDschDisable bit_count: 64 vs 1
  - 组 'IPS_1'.IPS_OBCDschDisable flags: 0 vs 16
  - 组 'IPS_1'.IPS_OBCDschDisable conversion: 'None' vs '<ChannelConversion (name: , unit: , comment: , formula: , referenced blocks: {\'text_0\': b\'CP state is not oK\', \'text_1\': b\'CP Duty&Frequency&Volt is OK\', \'default_addr\': b\'\'}, address: 650976, fields: [\'_cache:None\', \'address:650976\', \'block_len:120\', \'comment:\', \'comment_addr:0\', \'conversion_type:7\', \'default_addr:0\', \'flags:0\', \'formula:\', "id:b\'##CC\'", \'inv_conv_addr:0\', \'is_user_defined:False\', \'links_nr:7\', \'max_phy_value:0.0\', \'min_phy_value:0.0\', \'name:\', \'name_addr:0\', \'precision:0\', \'ref_param_nr:3\', "referenced_blocks:{\'text_0\': b\'CP state is not oK\', \'text_1\': b\'CP Duty&Frequency&Volt is OK\', \'default_addr\': b\'\'}", \'reserved0:0\', \'text_0:650872\', \'text_1:650920\', \'unit:\', \'unit_addr:0\', \'val_0:0.0\', \'val_1:1.0\', \'val_param_nr:2\'])>'
  - 组 'IPS_1'.IPS_DchgOverload bit_count: 8 vs 1
  - 组 'IPS_1'.IPS_DchgOverload flags: 0 vs 16
  - 组 'IPS_1'.IPS_OBCCpFreqSt data_type: 7 vs 0
  - 组 'IPS_1'.IPS_OBCCpFreqSt bit_count: 64 vs 1
  - 组 'IPS_1'.IPS_OBCCpFreqSt flags: 0 vs 16
  - 组 'IPS_1'.IPS_OBCCpFreqSt conversion: 'None' vs '<ChannelConversion (name: , unit: , comment: , formula: , referenced blocks: {\'text_0\': b\'The frequency is beyond 950HZ and 1050HZ\', \'text_1\': b\'The frequency is between 950HZ and 1050HZ\', \'default_addr\': b\'\'}, address: 649984, fields: [\'_cache:None\', \'address:649984\', \'block_len:120\', \'comment:\', \'comment_addr:0\', \'conversion_type:7\', \'default_addr:0\', \'flags:0\', \'formula:\', "id:b\'##CC\'", \'inv_conv_addr:0\', \'is_user_defined:False\', \'links_nr:7\', \'max_phy_value:0.0\', \'min_phy_value:0.0\', \'name:\', \'name_addr:0\', \'precision:0\', \'ref_param_nr:3\', "referenced_blocks:{\'text_0\': b\'The frequency is beyond 950HZ and 1050HZ\', \'text_1\': b\'The frequency is between 950HZ and 1050HZ\', \'default_addr\': b\'\'}", \'reserved0:0\', \'text_0:649840\', \'text_1:649912\', \'unit:\', \'unit_addr:0\', \'val_0:0.0\', \'val_1:1.0\', \'val_param_nr:2\'])>'
  - 组 'IPS_1'.IPS_OBCModeSt data_type: 7 vs 0
  - 组 'IPS_1'.IPS_OBCModeSt bit_count: 64 vs 4
  - 组 'IPS_1'.IPS_OBCModeSt flags: 0 vs 16
  - 组 'IPS_1'.IPS_OBCModeSt conversion: 'None' vs '<ChannelConversion (name: , unit: , comment: , formula: , referenced blocks: {\'text_0\': b\'Init\', \'text_1\': b\'Disconnected\', \'text_2\': b\'Connected (HV is active)\', \'text_3\': b\'Active - Charging\', \'text_4\': b\'Active - V2L discharging\', \'text_5\': b\'Active - V2V discharging\', \'text_6\': b\'Heating\', \'text_7\': b\'Failure\', \'default_addr\': b\'\'}, address: 652376, fields: [\'_cache:None\', \'address:652376\', \'block_len:216\', \'comment:\', \'comment_addr:0\', \'conversion_type:7\', \'default_addr:0\', \'flags:0\', \'formula:\', "id:b\'##CC\'", \'inv_conv_addr:0\', \'is_user_defined:False\', \'links_nr:13\', \'max_phy_value:0.0\', \'min_phy_value:0.0\', \'name:\', \'name_addr:0\', \'precision:0\', \'ref_param_nr:9\', "referenced_blocks:{\'text_0\': b\'Init\', \'text_1\': b\'Disconnected\', \'text_2\': b\'Connected (HV is active)\', \'text_3\': b\'Active - Charging\', \'text_4\': b\'Active - V2L discharging\', \'text_5\': b\'Active - V2V discharging\', \'text_6\': b\'Heating\', \'text_7\': b\'Failure\', \'default_addr\': b\'\'}", \'reserved0:0\', \'text_0:652024\', \'text_1:652056\', \'text_2:652096\', \'text_3:652152\', \'text_4:652200\', \'text_5:652256\', \'text_6:652312\', \'text_7:652344\', \'unit:\', \'unit_addr:0\', \'val_0:0.0\', \'val_1:1.0\', \'val_2:2.0\', \'val_3:3.0\', \'val_4:4.0\', \'val_5:5.0\', \'val_6:6.0\', \'val_7:7.0\', \'val_param_nr:8\'])>'
  - 组 'IPS_1'.IPS_OBCHvDcCurrAct data_type: 4 vs 0
  - 组 'IPS_1'.IPS_OBCHvDcCurrAct bit_count: 64 vs 11
  - 组 'IPS_1'.IPS_OBCHvDcCurrAct flags: 0 vs 16
  - 组 'IPS_1'.IPS_OBCHvDcCurrAct conversion: 'None' vs '<ChannelConversion (name: , unit: A, comment: , formula: , referenced blocks: {}, address: 652992, fields: [\'_cache:None\', \'a:0.1\', \'address:652992\', \'b:-102.4\', \'block_len:96\', \'comment:\', \'comment_addr:0\', \'conversion_type:1\', \'flags:0\', \'formula:\', "id:b\'##CC\'", \'inv_conv_addr:0\', \'is_user_defined:False\', \'links_nr:4\', \'max_phy_value:0.0\', \'min_phy_value:0.0\', \'name:\', \'name_addr:0\', \'precision:0\', \'ref_param_nr:0\', \'referenced_blocks:{}\', \'reserved0:0\', \'unit:A\', \'unit_addr:652960\', \'val_param_nr:2\'])>'
  - 组 'IPS_1'.IPS_OBCHvDcVoltAct bit_count: 16 vs 10
  - 组 'IPS_1'.IPS_OBCHvDcVoltAct flags: 0 vs 16
  - 组 'IPS_1'.IPS_OBCHvDcVoltAct conversion: 'None' vs '<ChannelConversion (name: , unit: V, comment: , formula: , referenced blocks: {}, address: 655040, fields: [\'_cache:None\', \'address:655040\', \'block_len:80\', \'comment:\', \'comment_addr:0\', \'conversion_type:0\', \'flags:0\', \'formula:\', "id:b\'##CC\'", \'inv_conv_addr:0\', \'is_user_defined:False\', \'links_nr:4\', \'max_phy_value:0.0\', \'min_phy_value:0.0\', \'name:\', \'name_addr:0\', \'precision:0\', \'ref_param_nr:0\', \'referenced_blocks:{}\', \'reserved0:0\', \'unit:V\', \'unit_addr:655008\', \'val_param_nr:0\'])>'
  - 组 'IPS_1'.IPS_OBCCC_Cap data_type: 7 vs 0
  - 组 'IPS_1'.IPS_OBCCC_Cap bit_count: 64 vs 3
  - 组 'IPS_1'.IPS_OBCCC_Cap flags: 0 vs 16
  - 组 'IPS_1'.IPS_OBCCC_Cap conversion: 'None' vs '<ChannelConversion (name: , unit: , comment: , formula: , referenced blocks: {\'text_0\': b\'Not valid;- others : reserved\', \'text_1\': b\'10A\', \'text_2\': b\'16A\', \'text_3\': b\'32A\', \'text_4\': b\'64A\', \'default_addr\': b\'\'}, address: 654424, fields: [\'_cache:None\', \'address:654424\', \'block_len:168\', \'comment:\', \'comment_addr:0\', \'conversion_type:7\', \'default_addr:0\', \'flags:0\', \'formula:\', "id:b\'##CC\'", \'inv_conv_addr:0\', \'is_user_defined:False\', \'links_nr:10\', \'max_phy_value:0.0\', \'min_phy_value:0.0\', \'name:\', \'name_addr:0\', \'precision:0\', \'ref_param_nr:6\', "referenced_blocks:{\'text_0\': b\'Not valid;- others : reserved\', \'text_1\': b\'10A\', \'text_2\': b\'16A\', \'text_3\': b\'32A\', \'text_4\': b\'64A\', \'default_addr\': b\'\'}", \'reserved0:0\', \'text_0:654240\', \'text_1:654296\', \'text_2:654328\', \'text_3:654360\', \'text_4:654392\', \'unit:\', \'unit_addr:0\', \'val_0:0.0\', \'val_1:1.0\', \'val_2:2.0\', \'val_3:3.0\', \'val_4:4.0\', \'val_param_nr:5\'])>'
  - 组 'IPS_1'.IPS_OBCCPSt data_type: 7 vs 0
  - 组 'IPS_1'.IPS_OBCCPSt bit_count: 64 vs 1
  - 组 'IPS_1'.IPS_OBCCPSt flags: 0 vs 16
  - 组 'IPS_1'.IPS_OBCCPSt conversion: 'None' vs '<ChannelConversion (name: , unit: , comment: , formula: , referenced blocks: {\'text_0\': b\'CP state is not oK\', \'text_1\': b\'CP Duty&Frequency&Volt is OK\', \'default_addr\': b\'\'}, address: 653712, fields: [\'_cache:None\', \'address:653712\', \'block_len:120\', \'comment:\', \'comment_addr:0\', \'conversion_type:7\', \'default_addr:0\', \'flags:0\', \'formula:\', "id:b\'##CC\'", \'inv_conv_addr:0\', \'is_user_defined:False\', \'links_nr:7\', \'max_phy_value:0.0\', \'min_phy_value:0.0\', \'name:\', \'name_addr:0\', \'precision:0\', \'ref_param_nr:3\', "referenced_blocks:{\'text_0\': b\'CP state is not oK\', \'text_1\': b\'CP Duty&Frequency&Volt is OK\', \'default_addr\': b\'\'}", \'reserved0:0\', \'text_0:653608\', \'text_1:653656\', \'unit:\', \'unit_addr:0\', \'val_0:0.0\', \'val_1:1.0\', \'val_param_nr:2\'])>'
  - 组 'IPS_1'.IPS_OBCCp_DutyCycle data_type: 4 vs 0
  - 组 'IPS_1'.IPS_OBCCp_DutyCycle bit_count: 64 vs 10
  - 组 'IPS_1'.IPS_OBCCp_DutyCycle flags: 0 vs 16
  - 组 'IPS_1'.IPS_OBCCp_DutyCycle conversion: 'None' vs '<ChannelConversion (name: , unit: , comment: , formula: , referenced blocks: {}, address: 656072, fields: [\'_cache:None\', \'a:0.1\', \'address:656072\', \'b:0.0\', \'block_len:96\', \'comment:\', \'comment_addr:0\', \'conversion_type:1\', \'flags:0\', \'formula:\', "id:b\'##CC\'", \'inv_conv_addr:0\', \'is_user_defined:False\', \'links_nr:4\', \'max_phy_value:0.0\', \'min_phy_value:0.0\', \'name:\', \'name_addr:0\', \'precision:0\', \'ref_param_nr:0\', \'referenced_blocks:{}\', \'reserved0:0\', \'unit:\', \'unit_addr:0\', \'val_param_nr:2\'])>'
  - 组 'IPS_1'.IPS_OBCCpS2St data_type: 7 vs 0
  - 组 'IPS_1'.IPS_OBCCpS2St bit_count: 64 vs 1
  - 组 'IPS_1'.IPS_OBCCpS2St flags: 0 vs 16
  - 组 'IPS_1'.IPS_OBCCpS2St conversion: 'None' vs '<ChannelConversion (name: , unit: , comment: , formula: , referenced blocks: {\'text_0\': b\'S2 is off\', \'text_1\': b\'S2 is on\', \'default_addr\': b\'\'}, address: 655584, fields: [\'_cache:None\', \'address:655584\', \'block_len:120\', \'comment:\', \'comment_addr:0\', \'conversion_type:7\', \'default_addr:0\', \'flags:0\', \'formula:\', "id:b\'##CC\'", \'inv_conv_addr:0\', \'is_user_defined:False\', \'links_nr:7\', \'max_phy_value:0.0\', \'min_phy_value:0.0\', \'name:\', \'name_addr:0\', \'precision:0\', \'ref_param_nr:3\', "referenced_blocks:{\'text_0\': b\'S2 is off\', \'text_1\': b\'S2 is on\', \'default_addr\': b\'\'}", \'reserved0:0\', \'text_0:655504\', \'text_1:655544\', \'unit:\', \'unit_addr:0\', \'val_0:0.0\', \'val_1:1.0\', \'val_param_nr:2\'])>'
  - 组 'IPS_1'.IPS_OBCCPVolt data_type: 4 vs 0
  - 组 'IPS_1'.IPS_OBCCPVolt bit_count: 64 vs 8
  - 组 'IPS_1'.IPS_OBCCPVolt flags: 0 vs 16
  - 组 'IPS_1'.IPS_OBCCPVolt conversion: 'None' vs '<ChannelConversion (name: , unit: V, comment: , formula: , referenced blocks: {}, address: 656568, fields: [\'_cache:None\', \'a:0.1\', \'address:656568\', \'b:0.0\', \'block_len:96\', \'comment:\', \'comment_addr:0\', \'conversion_type:1\', \'flags:0\', \'formula:\', "id:b\'##CC\'", \'inv_conv_addr:0\', \'is_user_defined:False\', \'links_nr:4\', \'max_phy_value:0.0\', \'min_phy_value:0.0\', \'name:\', \'name_addr:0\', \'precision:0\', \'ref_param_nr:0\', \'referenced_blocks:{}\', \'reserved0:0\', \'unit:V\', \'unit_addr:656536\', \'val_param_nr:2\'])>'
  - 组 'IPS_1'.IPS_OBCUacActL1 bit_count: 16 vs 9
  - 组 'IPS_1'.IPS_OBCUacActL1 flags: 0 vs 16
  - 组 'IPS_1'.IPS_OBCUacActL1 conversion: 'None' vs '<ChannelConversion (name: , unit: V, comment: , formula: , referenced blocks: {}, address: 657064, fields: [\'_cache:None\', \'address:657064\', \'block_len:80\', \'comment:\', \'comment_addr:0\', \'conversion_type:0\', \'flags:0\', \'formula:\', "id:b\'##CC\'", \'inv_conv_addr:0\', \'is_user_defined:False\', \'links_nr:4\', \'max_phy_value:0.0\', \'min_phy_value:0.0\', \'name:\', \'name_addr:0\', \'precision:0\', \'ref_param_nr:0\', \'referenced_blocks:{}\', \'reserved0:0\', \'unit:V\', \'unit_addr:657032\', \'val_param_nr:0\'])>'
  - 组 'IPS_1'.IPS_OBCUacActL3 bit_count: 16 vs 9
  - 组 'IPS_1'.IPS_OBCUacActL3 flags: 0 vs 16
  - 组 'IPS_1'.IPS_OBCUacActL3 conversion: 'None' vs '<ChannelConversion (name: , unit: V, comment: , formula: , referenced blocks: {}, address: 657552, fields: [\'_cache:None\', \'address:657552\', \'block_len:80\', \'comment:\', \'comment_addr:0\', \'conversion_type:0\', \'flags:0\', \'formula:\', "id:b\'##CC\'", \'inv_conv_addr:0\', \'is_user_defined:False\', \'links_nr:4\', \'max_phy_value:0.0\', \'min_phy_value:0.0\', \'name:\', \'name_addr:0\', \'precision:0\', \'ref_param_nr:0\', \'referenced_blocks:{}\', \'reserved0:0\', \'unit:V\', \'unit_addr:657520\', \'val_param_nr:0\'])>'
  - 组 'IPS_1'.IPS_OBCCurrActL1 data_type: 4 vs 0
  - 组 'IPS_1'.IPS_OBCCurrActL1 bit_count: 64 vs 9
  - 组 'IPS_1'.IPS_OBCCurrActL1 flags: 0 vs 16
  - 组 'IPS_1'.IPS_OBCCurrActL1 conversion: 'None' vs '<ChannelConversion (name: , unit: A, comment: , formula: , referenced blocks: {}, address: 658040, fields: [\'_cache:None\', \'a:0.1\', \'address:658040\', \'b:0.0\', \'block_len:96\', \'comment:\', \'comment_addr:0\', \'conversion_type:1\', \'flags:0\', \'formula:\', "id:b\'##CC\'", \'inv_conv_addr:0\', \'is_user_defined:False\', \'links_nr:4\', \'max_phy_value:0.0\', \'min_phy_value:0.0\', \'name:\', \'name_addr:0\', \'precision:0\', \'ref_param_nr:0\', \'referenced_blocks:{}\', \'reserved0:0\', \'unit:A\', \'unit_addr:658008\', \'val_param_nr:2\'])>'
  - 组 'IPS_1'.IPS_OBCCurrActL2 data_type: 4 vs 0
  - 组 'IPS_1'.IPS_OBCCurrActL2 bit_count: 64 vs 9
  - 组 'IPS_1'.IPS_OBCCurrActL2 flags: 0 vs 16
  - 组 'IPS_1'.IPS_OBCCurrActL2 conversion: 'None' vs '<ChannelConversion (name: , unit: A, comment: , formula: , referenced blocks: {}, address: 658552, fields: [\'_cache:None\', \'a:0.1\', \'address:658552\', \'b:0.0\', \'block_len:96\', \'comment:\', \'comment_addr:0\', \'conversion_type:1\', \'flags:0\', \'formula:\', "id:b\'##CC\'", \'inv_conv_addr:0\', \'is_user_defined:False\', \'links_nr:4\', \'max_phy_value:0.0\', \'min_phy_value:0.0\', \'name:\', \'name_addr:0\', \'precision:0\', \'ref_param_nr:0\', \'referenced_blocks:{}\', \'reserved0:0\', \'unit:A\', \'unit_addr:658520\', \'val_param_nr:2\'])>'
  - 组 'IPS_1'.IPS_OBCCurrActL3 data_type: 4 vs 0
  - 组 'IPS_1'.IPS_OBCCurrActL3 bit_count: 64 vs 9
  - 组 'IPS_1'.IPS_OBCCurrActL3 flags: 0 vs 16
  - 组 'IPS_1'.IPS_OBCCurrActL3 conversion: 'None' vs '<ChannelConversion (name: , unit: A, comment: , formula: , referenced blocks: {}, address: 659064, fields: [\'_cache:None\', \'a:0.1\', \'address:659064\', \'b:0.0\', \'block_len:96\', \'comment:\', \'comment_addr:0\', \'conversion_type:1\', \'flags:0\', \'formula:\', "id:b\'##CC\'", \'inv_conv_addr:0\', \'is_user_defined:False\', \'links_nr:4\', \'max_phy_value:0.0\', \'min_phy_value:0.0\', \'name:\', \'name_addr:0\', \'precision:0\', \'ref_param_nr:0\', \'referenced_blocks:{}\', \'reserved0:0\', \'unit:A\', \'unit_addr:659032\', \'val_param_nr:2\'])>'
  - 组 'IPS_1'.IPS_OBCUacActL2 bit_count: 16 vs 9
  - 组 'IPS_1'.IPS_OBCUacActL2 flags: 0 vs 16
  - 组 'IPS_1'.IPS_OBCUacActL2 conversion: 'None' vs '<ChannelConversion (name: , unit: V, comment: , formula: , referenced blocks: {}, address: 659576, fields: [\'_cache:None\', \'address:659576\', \'block_len:80\', \'comment:\', \'comment_addr:0\', \'conversion_type:0\', \'flags:0\', \'formula:\', "id:b\'##CC\'", \'inv_conv_addr:0\', \'is_user_defined:False\', \'links_nr:4\', \'max_phy_value:0.0\', \'min_phy_value:0.0\', \'name:\', \'name_addr:0\', \'precision:0\', \'ref_param_nr:0\', \'referenced_blocks:{}\', \'reserved0:0\', \'unit:V\', \'unit_addr:659544\', \'val_param_nr:0\'])>'
  - 组 'CCU_2'.t data_type: 4 vs 0
  - 组 'CCU_2'.t conversion: 'None' vs '<ChannelConversion (name: , unit: s, comment: , formula: , referenced blocks: {}, address: 1344, fields: [\'_cache:None\', \'a:1e-09\', \'address:1344\', \'b:0.0\', \'block_len:96\', \'comment:\', \'comment_addr:0\', \'conversion_type:1\', \'flags:0\', \'formula:\', "id:b\'##CC\'", \'inv_conv_addr:0\', \'is_user_defined:False\', \'links_nr:4\', \'max_phy_value:0.0\', \'min_phy_value:0.0\', \'name:\', \'name_addr:0\', \'precision:0\', \'ref_param_nr:0\', \'referenced_blocks:{}\', \'reserved0:0\', \'unit:s\', \'unit_addr:1312\', \'val_param_nr:2\'])>'
  - 组 'CCU_2'.HVAC_WindExitSpd data_type: 7 vs 0
  - 组 'CCU_2'.HVAC_WindExitSpd bit_count: 64 vs 4
  - 组 'CCU_2'.HVAC_WindExitSpd flags: 0 vs 16
  - 组 'CCU_2'.HVAC_WindExitSpd conversion: 'None' vs '<ChannelConversion (name: , unit: , comment: , formula: , referenced blocks: {\'text_0\': b\'Off\', \'text_1\': b\'Level 1(Min)\', \'text_2\': b\'Level 2\', \'text_3\': b\'Level 3\', \'text_4\': b\'Level 4\', \'text_5\': b\'Level 5\', \'text_6\': b\'Level6\', \'text_7\': b\'Level 7\', \'text_8\': b\'Level8\', \'text_9\': b\'Level9\', \'text_10\': b\'Level10(Max)\', \'default_addr\': b\'\'}, address: 712184, fields: [\'_cache:None\', \'address:712184\', \'block_len:264\', \'comment:\', \'comment_addr:0\', \'conversion_type:7\', \'default_addr:0\', \'flags:0\', \'formula:\', "id:b\'##CC\'", \'inv_conv_addr:0\', \'is_user_defined:False\', \'links_nr:16\', \'max_phy_value:0.0\', \'min_phy_value:0.0\', \'name:\', \'name_addr:0\', \'precision:0\', \'ref_param_nr:12\', "referenced_blocks:{\'text_0\': b\'Off\', \'text_1\': b\'Level 1(Min)\', \'text_2\': b\'Level 2\', \'text_3\': b\'Level 3\', \'text_4\': b\'Level 4\', \'text_5\': b\'Level 5\', \'text_6\': b\'Level6\', \'text_7\': b\'Level 7\', \'text_8\': b\'Level8\', \'text_9\': b\'Level9\', \'text_10\': b\'Level10(Max)\', \'default_addr\': b\'\'}", \'reserved0:0\', \'text_0:711816\', \'text_1:711848\', \'text_10:712144\', \'text_2:711888\', \'text_3:711920\', \'text_4:711952\', \'text_5:711984\', \'text_6:712016\', \'text_7:712048\', \'text_8:712080\', \'text_9:712112\', \'unit:\', \'unit_addr:0\', \'val_0:0.0\', \'val_1:1.0\', \'val_10:10.0\', \'val_2:2.0\', \'val_3:3.0\', \'val_4:4.0\', \'val_5:5.0\', \'val_6:6.0\', \'val_7:7.0\', \'val_8:8.0\', \'val_9:9.0\', \'val_param_nr:11\'])>'
  - 组 'IPS_2': 组内信号序不同 ['IPS_2_CRC', 'IPS_2_Counter', 'IPS_HwSt', 'IPS_RemoteDiagCode', 'IPS_DCDCFaultLampInd', 'IPS_DCDCFlowReq', 'IPS_TempAct', 'IPS_HVDCHVilSt']... vs ['IPS_2_CRC', 'IPS_2_Counter', 'IPS_RemoteDiagCode', 'IPS_HwSt', 'IPS_DCDCFlowReq', 'IPS_DCDCFaultLampInd', 'IPS_TempAct', 'IPS_HVDCHVilSt']...
  - 组 'IPS_2'.t data_type: 4 vs 0
  - 组 'IPS_2'.t conversion: 'None' vs '<ChannelConversion (name: , unit: s, comment: , formula: , referenced blocks: {}, address: 1344, fields: [\'_cache:None\', \'a:1e-09\', \'address:1344\', \'b:0.0\', \'block_len:96\', \'comment:\', \'comment_addr:0\', \'conversion_type:1\', \'flags:0\', \'formula:\', "id:b\'##CC\'", \'inv_conv_addr:0\', \'is_user_defined:False\', \'links_nr:4\', \'max_phy_value:0.0\', \'min_phy_value:0.0\', \'name:\', \'name_addr:0\', \'precision:0\', \'ref_param_nr:0\', \'referenced_blocks:{}\', \'reserved0:0\', \'unit:s\', \'unit_addr:1312\', \'val_param_nr:2\'])>'
  - 组 'IPS_2'.IPS_2_CRC flags: 0 vs 16
  - 组 'IPS_2'.IPS_2_Counter flags: 0 vs 16
  - 组 'IPS_2'.IPS_HwSt data_type: 7 vs 0
  - 组 'IPS_2'.IPS_HwSt bit_count: 64 vs 4
  - 组 'IPS_2'.IPS_HwSt flags: 0 vs 16
  - 组 'IPS_2'.IPS_HwSt conversion: 'None' vs '<ChannelConversion (name: , unit: , comment: , formula: , referenced blocks: {\'text_0\': b\'DCDC\', \'text_1\': b\'IPS\', \'text_2\': b\'Bi-IPS\', \'text_3\': b\'Bi-DCDC\', \'default_addr\': b\'\'}, address: 731288, fields: [\'_cache:None\', \'address:731288\', \'block_len:152\', \'comment:\', \'comment_addr:0\', \'conversion_type:7\', \'default_addr:0\', \'flags:0\', \'formula:\', "id:b\'##CC\'", \'inv_conv_addr:0\', \'is_user_defined:False\', \'links_nr:9\', \'max_phy_value:0.0\', \'min_phy_value:0.0\', \'name:\', \'name_addr:0\', \'precision:0\', \'ref_param_nr:5\', "referenced_blocks:{\'text_0\': b\'DCDC\', \'text_1\': b\'IPS\', \'text_2\': b\'Bi-IPS\', \'text_3\': b\'Bi-DCDC\', \'default_addr\': b\'\'}", \'reserved0:0\', \'text_0:731160\', \'text_1:731192\', \'text_2:731224\', \'text_3:731256\', \'unit:\', \'unit_addr:0\', \'val_0:0.0\', \'val_1:1.0\', \'val_2:2.0\', \'val_3:3.0\', \'val_param_nr:4\'])>'
  - 组 'IPS_2'.IPS_RemoteDiagCode bit_count: 8 vs 2
  - 组 'IPS_2'.IPS_RemoteDiagCode flags: 0 vs 16
  - 组 'IPS_2'.IPS_DCDCFaultLampInd data_type: 7 vs 0
  - 组 'IPS_2'.IPS_DCDCFaultLampInd bit_count: 64 vs 1
  - 组 'IPS_2'.IPS_DCDCFaultLampInd flags: 0 vs 16
  - 组 'IPS_2'.IPS_DCDCFaultLampInd conversion: 'None' vs '<ChannelConversion (name: , unit: , comment: , formula: , referenced blocks: {\'text_0\': b\'No prompt\', \'text_1\': b\'Prompt\', \'default_addr\': b\'\'}, address: 732432, fields: [\'_cache:None\', \'address:732432\', \'block_len:120\', \'comment:\', \'comment_addr:0\', \'conversion_type:7\', \'default_addr:0\', \'flags:0\', \'formula:\', "id:b\'##CC\'", \'inv_conv_addr:0\', \'is_user_defined:False\', \'links_nr:7\', \'max_phy_value:0.0\', \'min_phy_value:0.0\', \'name:\', \'name_addr:0\', \'precision:0\', \'ref_param_nr:3\', "referenced_blocks:{\'text_0\': b\'No prompt\', \'text_1\': b\'Prompt\', \'default_addr\': b\'\'}", \'reserved0:0\', \'text_0:732360\', \'text_1:732400\', \'unit:\', \'unit_addr:0\', \'val_0:0.0\', \'val_1:1.0\', \'val_param_nr:2\'])>'
  - 组 'IPS_2'.IPS_DCDCFlowReq bit_count: 8 vs 4
  - 组 'IPS_2'.IPS_DCDCFlowReq flags: 0 vs 16
  - 组 'IPS_2'.IPS_DCDCFlowReq conversion: 'None' vs '<ChannelConversion (name: , unit: L/min, comment: , formula: , referenced blocks: {}, address: 731880, fields: [\'_cache:None\', \'address:731880\', \'block_len:80\', \'comment:\', \'comment_addr:0\', \'conversion_type:0\', \'flags:0\', \'formula:\', "id:b\'##CC\'", \'inv_conv_addr:0\', \'is_user_defined:False\', \'links_nr:4\', \'max_phy_value:0.0\', \'min_phy_value:0.0\', \'name:\', \'name_addr:0\', \'precision:0\', \'ref_param_nr:0\', \'referenced_blocks:{}\', \'reserved0:0\', \'unit:L/min\', \'unit_addr:731848\', \'val_param_nr:0\'])>'
  - 组 'IPS_2'.IPS_TempAct data_type: 4 vs 0
  - 组 'IPS_2'.IPS_TempAct bit_count: 64 vs 8
  - 组 'IPS_2'.IPS_TempAct flags: 0 vs 16
  - 组 'IPS_2'.IPS_TempAct conversion: 'None' vs '<ChannelConversion (name: , unit: degC, comment: , formula: , referenced blocks: {}, address: 732920, fields: [\'_cache:None\', \'a:1.0\', \'address:732920\', \'b:-40.0\', \'block_len:96\', \'comment:\', \'comment_addr:0\', \'conversion_type:1\', \'flags:0\', \'formula:\', "id:b\'##CC\'", \'inv_conv_addr:0\', \'is_user_defined:False\', \'links_nr:4\', \'max_phy_value:0.0\', \'min_phy_value:0.0\', \'name:\', \'name_addr:0\', \'precision:0\', \'ref_param_nr:0\', \'referenced_blocks:{}\', \'reserved0:0\', \'unit:degC\', \'unit_addr:732888\', \'val_param_nr:2\'])>'
  - 组 'IPS_2'.IPS_HVDCHVilSt data_type: 7 vs 0
  - 组 'IPS_2'.IPS_HVDCHVilSt bit_count: 64 vs 2
  - 组 'IPS_2'.IPS_HVDCHVilSt flags: 0 vs 16
  - 组 'IPS_2'.IPS_HVDCHVilSt conversion: 'None' vs '<ChannelConversion (name: , unit: , comment: , formula: , referenced blocks: {\'text_0\': b\'HVIL generator is ready but HVIL result is not available\', \'text_1\': b\'HVIL is closed\', \'text_2\': b\'HVIL is interrupted\', \'text_3\': b\'Failure\', \'default_addr\': b\'\'}, address: 733632, fields: [\'_cache:None\', \'address:733632\', \'block_len:152\', \'comment:\', \'comment_addr:0\', \'conversion_type:7\', \'default_addr:0\', \'flags:0\', \'formula:\', "id:b\'##CC\'", \'inv_conv_addr:0\', \'is_user_defined:False\', \'links_nr:9\', \'max_phy_value:0.0\', \'min_phy_value:0.0\', \'name:\', \'name_addr:0\', \'precision:0\', \'ref_param_nr:5\', "referenced_blocks:{\'text_0\': b\'HVIL generator is ready but HVIL result is not available\', \'text_1\': b\'HVIL is closed\', \'text_2\': b\'HVIL is interrupted\', \'text_3\': b\'Failure\', \'default_addr\': b\'\'}", \'reserved0:0\', \'text_0:733424\', \'text_1:733512\', \'text_2:733552\', \'text_3:733600\', \'unit:\', \'unit_addr:0\', \'val_0:0.0\', \'val_1:1.0\', \'val_2:2.0\', \'val_3:3.0\', \'val_param_nr:4\'])>'
  - 组 'IPS_2'.IPS_OBCChgPwrMax data_type: 4 vs 0
  - 组 'IPS_2'.IPS_OBCChgPwrMax bit_count: 64 vs 10
  - 组 'IPS_2'.IPS_OBCChgPwrMax flags: 0 vs 16
  - 组 'IPS_2'.IPS_OBCChgPwrMax conversion: 'None' vs '<ChannelConversion (name: , unit: kW, comment: , formula: , referenced blocks: {}, address: 735256, fields: [\'_cache:None\', \'a:0.05\', \'address:735256\', \'b:0.0\', \'block_len:96\', \'comment:\', \'comment_addr:0\', \'conversion_type:1\', \'flags:0\', \'formula:\', "id:b\'##CC\'", \'inv_conv_addr:0\', \'is_user_defined:False\', \'links_nr:4\', \'max_phy_value:0.0\', \'min_phy_value:0.0\', \'name:\', \'name_addr:0\', \'precision:0\', \'ref_param_nr:0\', \'referenced_blocks:{}\', \'reserved0:0\', \'unit:kW\', \'unit_addr:735224\', \'val_param_nr:2\'])>'
  - 组 'IPS_2'.IPS_OBCFlowReq bit_count: 8 vs 4
  - 组 'IPS_2'.IPS_OBCFlowReq flags: 0 vs 16
  - 组 'IPS_2'.IPS_OBCFlowReq conversion: 'None' vs '<ChannelConversion (name: , unit: L/min, comment: , formula: , referenced blocks: {}, address: 734744, fields: [\'_cache:None\', \'address:734744\', \'block_len:80\', \'comment:\', \'comment_addr:0\', \'conversion_type:0\', \'flags:0\', \'formula:\', "id:b\'##CC\'", \'inv_conv_addr:0\', \'is_user_defined:False\', \'links_nr:4\', \'max_phy_value:0.0\', \'min_phy_value:0.0\', \'name:\', \'name_addr:0\', \'precision:0\', \'ref_param_nr:0\', \'referenced_blocks:{}\', \'reserved0:0\', \'unit:L/min\', \'unit_addr:734712\', \'val_param_nr:0\'])>'
  - 组 'IPS_2'.IPS_OBCFaultLampInd data_type: 7 vs 0
  - 组 'IPS_2'.IPS_OBCFaultLampInd bit_count: 64 vs 1
  - 组 'IPS_2'.IPS_OBCFaultLampInd flags: 0 vs 16
  - 组 'IPS_2'.IPS_OBCFaultLampInd conversion: 'None' vs '<ChannelConversion (name: , unit: , comment: , formula: , referenced blocks: {\'text_0\': b\'No prompt\', \'text_1\': b\'Prompt\', \'default_addr\': b\'\'}, address: 734256, fields: [\'_cache:None\', \'address:734256\', \'block_len:120\', \'comment:\', \'comment_addr:0\', \'conversion_type:7\', \'default_addr:0\', \'flags:0\', \'formula:\', "id:b\'##CC\'", \'inv_conv_addr:0\', \'is_user_defined:False\', \'links_nr:7\', \'max_phy_value:0.0\', \'min_phy_value:0.0\', \'name:\', \'name_addr:0\', \'precision:0\', \'ref_param_nr:3\', "referenced_blocks:{\'text_0\': b\'No prompt\', \'text_1\': b\'Prompt\', \'default_addr\': b\'\'}", \'reserved0:0\', \'text_0:734184\', \'text_1:734224\', \'unit:\', \'unit_addr:0\', \'val_0:0.0\', \'val_1:1.0\', \'val_param_nr:2\'])>'
  - 组 'IPS_2'.IPS_ACHvilSt data_type: 7 vs 0
  - 组 'IPS_2'.IPS_ACHvilSt bit_count: 64 vs 2
  - 组 'IPS_2'.IPS_ACHvilSt flags: 0 vs 16
  - 组 'IPS_2'.IPS_ACHvilSt conversion: 'None' vs '<ChannelConversion (name: , unit: , comment: , formula: , referenced blocks: {\'text_0\': b\'HVIL generator is ready but HVIL result is not available\', \'text_1\': b\'HVIL is closed\', \'text_2\': b\'HVIL is interrupted\', \'text_3\': b\'Failure\', \'default_addr\': b\'\'}, address: 736072, fields: [\'_cache:None\', \'address:736072\', \'block_len:152\', \'comment:\', \'comment_addr:0\', \'conversion_type:7\', \'default_addr:0\', \'flags:0\', \'formula:\', "id:b\'##CC\'", \'inv_conv_addr:0\', \'is_user_defined:False\', \'links_nr:9\', \'max_phy_value:0.0\', \'min_phy_value:0.0\', \'name:\', \'name_addr:0\', \'precision:0\', \'ref_param_nr:5\', "referenced_blocks:{\'text_0\': b\'HVIL generator is ready but HVIL result is not available\', \'text_1\': b\'HVIL is closed\', \'text_2\': b\'HVIL is interrupted\', \'text_3\': b\'Failure\', \'default_addr\': b\'\'}", \'reserved0:0\', \'text_0:735864\', \'text_1:735952\', \'text_2:735992\', \'text_3:736040\', \'unit:\', \'unit_addr:0\', \'val_0:0.0\', \'val_1:1.0\', \'val_2:2.0\', \'val_3:3.0\', \'val_param_nr:4\'])>'
  - 组 'VCU_2': 组内信号序不同 ['VCU_2_CRC', 'VCU_2_Counter', 'VCU_VehElcConspInst', 'VCU_WarmTimeNotice', 'VCU_DischgSt', 'VCU_DischgAvai', 'VCU_HVAC_PTCdelayEn', 'VCU_ENSModeAvail']... vs ['VCU_2_CRC', 'VCU_2_Counter', 'VCU_ENSModeAvail', 'VCU_HVAC_PTCdelayEn', 'VCU_DischgAvai', 'VCU_DischgSt', 'VCU_WarmTimeNotice', 'VCU_VehElcConspInst']...
  - 组 'VCU_2'.t data_type: 4 vs 0
  - 组 'VCU_2'.t conversion: 'None' vs '<ChannelConversion (name: , unit: s, comment: , formula: , referenced blocks: {}, address: 1344, fields: [\'_cache:None\', \'a:1e-09\', \'address:1344\', \'b:0.0\', \'block_len:96\', \'comment:\', \'comment_addr:0\', \'conversion_type:1\', \'flags:0\', \'formula:\', "id:b\'##CC\'", \'inv_conv_addr:0\', \'is_user_defined:False\', \'links_nr:4\', \'max_phy_value:0.0\', \'min_phy_value:0.0\', \'name:\', \'name_addr:0\', \'precision:0\', \'ref_param_nr:0\', \'referenced_blocks:{}\', \'reserved0:0\', \'unit:s\', \'unit_addr:1312\', \'val_param_nr:2\'])>'
  - 组 'VCU_2'.VCU_2_CRC flags: 0 vs 16
  - 组 'VCU_2'.VCU_2_Counter flags: 0 vs 16
  - 组 'VCU_2'.VCU_VehElcConspInst data_type: 4 vs 0
  - 组 'VCU_2'.VCU_VehElcConspInst bit_count: 64 vs 10
  - 组 'VCU_2'.VCU_VehElcConspInst flags: 0 vs 16
  - 组 'VCU_2'.VCU_VehElcConspInst conversion: 'None' vs '<ChannelConversion (name: , unit: kWh/100km, comment: , formula: , referenced blocks: {}, address: 754864, fields: [\'_cache:None\', \'a:0.1\', \'address:754864\', \'b:0.0\', \'block_len:96\', \'comment:\', \'comment_addr:0\', \'conversion_type:1\', \'flags:0\', \'formula:\', "id:b\'##CC\'", \'inv_conv_addr:0\', \'is_user_defined:False\', \'links_nr:4\', \'max_phy_value:0.0\', \'min_phy_value:0.0\', \'name:\', \'name_addr:0\', \'precision:0\', \'ref_param_nr:0\', \'referenced_blocks:{}\', \'reserved0:0\', \'unit:kWh/100km\', \'unit_addr:754824\', \'val_param_nr:2\'])>'
  - 组 'VCU_2'.VCU_WarmTimeNotice data_type: 7 vs 0
  - 组 'VCU_2'.VCU_WarmTimeNotice bit_count: 64 vs 1
  - 组 'VCU_2'.VCU_WarmTimeNotice flags: 0 vs 16
  - 组 'VCU_2'.VCU_WarmTimeNotice conversion: 'None' vs '<ChannelConversion (name: , unit: , comment: , formula: , referenced blocks: {\'text_0\': b\'No Request\', \'text_1\': b\'Request\', \'default_addr\': b\'\'}, address: 754288, fields: [\'_cache:None\', \'address:754288\', \'block_len:120\', \'comment:\', \'comment_addr:0\', \'conversion_type:7\', \'default_addr:0\', \'flags:0\', \'formula:\', "id:b\'##CC\'", \'inv_conv_addr:0\', \'is_user_defined:False\', \'links_nr:7\', \'max_phy_value:0.0\', \'min_phy_value:0.0\', \'name:\', \'name_addr:0\', \'precision:0\', \'ref_param_nr:3\', "referenced_blocks:{\'text_0\': b\'No Request\', \'text_1\': b\'Request\', \'default_addr\': b\'\'}", \'reserved0:0\', \'text_0:754216\', \'text_1:754256\', \'unit:\', \'unit_addr:0\', \'val_0:0.0\', \'val_1:1.0\', \'val_param_nr:2\'])>'
  - 组 'VCU_2'.VCU_DischgSt data_type: 7 vs 0
  - 组 'VCU_2'.VCU_DischgSt bit_count: 64 vs 2
  - 组 'VCU_2'.VCU_DischgSt flags: 0 vs 16
  - 组 'VCU_2'.VCU_DischgSt conversion: 'None' vs '<ChannelConversion (name: , unit: , comment: , formula: , referenced blocks: {\'text_0\': b\'No command\', \'text_1\': b\'ON\', \'text_2\': b\'OFF\', \'default_addr\': b\'\'}, address: 753664, fields: [\'_cache:None\', \'address:753664\', \'block_len:136\', \'comment:\', \'comment_addr:0\', \'conversion_type:7\', \'default_addr:0\', \'flags:0\', \'formula:\', "id:b\'##CC\'", \'inv_conv_addr:0\', \'is_user_defined:False\', \'links_nr:8\', \'max_phy_value:0.0\', \'min_phy_value:0.0\', \'name:\', \'name_addr:0\', \'precision:0\', \'ref_param_nr:4\', "referenced_blocks:{\'text_0\': b\'No command\', \'text_1\': b\'ON\', \'text_2\': b\'OFF\', \'default_addr\': b\'\'}", \'reserved0:0\', \'text_0:753560\', \'text_1:753600\', \'text_2:753632\', \'unit:\', \'unit_addr:0\', \'val_0:0.0\', \'val_1:1.0\', \'val_2:2.0\', \'val_param_nr:3\'])>'
  - 组 'VCU_2'.VCU_DischgAvai data_type: 7 vs 0
  - 组 'VCU_2'.VCU_DischgAvai bit_count: 64 vs 1
  - 组 'VCU_2'.VCU_DischgAvai flags: 0 vs 16
  - 组 'VCU_2'.VCU_DischgAvai conversion: 'None' vs '<ChannelConversion (name: , unit: , comment: , formula: , referenced blocks: {\'text_0\': b\'Not Avail\', \'text_1\': b\'Avail\', \'default_addr\': b\'\'}, address: 753016, fields: [\'_cache:None\', \'address:753016\', \'block_len:120\', \'comment:\', \'comment_addr:0\', \'conversion_type:7\', \'default_addr:0\', \'flags:0\', \'formula:\', "id:b\'##CC\'", \'inv_conv_addr:0\', \'is_user_defined:False\', \'links_nr:7\', \'max_phy_value:0.0\', \'min_phy_value:0.0\', \'name:\', \'name_addr:0\', \'precision:0\', \'ref_param_nr:3\', "referenced_blocks:{\'text_0\': b\'Not Avail\', \'text_1\': b\'Avail\', \'default_addr\': b\'\'}", \'reserved0:0\', \'text_0:752944\', \'text_1:752984\', \'unit:\', \'unit_addr:0\', \'val_0:0.0\', \'val_1:1.0\', \'val_param_nr:2\'])>'
  - 组 'VCU_2'.VCU_HVAC_PTCdelayEn data_type: 7 vs 0
  - 组 'VCU_2'.VCU_HVAC_PTCdelayEn bit_count: 64 vs 1
  - 组 'VCU_2'.VCU_HVAC_PTCdelayEn flags: 0 vs 16
  - 组 'VCU_2'.VCU_HVAC_PTCdelayEn conversion: 'None' vs '<ChannelConversion (name: , unit: , comment: , formula: , referenced blocks: {\'text_0\': b\'Disable delay\', \'text_1\': b\'Enable delay\', \'default_addr\': b\'\'}, address: 752368, fields: [\'_cache:None\', \'address:752368\', \'block_len:120\', \'comment:\', \'comment_addr:0\', \'conversion_type:7\', \'default_addr:0\', \'flags:0\', \'formula:\', "id:b\'##CC\'", \'inv_conv_addr:0\', \'is_user_defined:False\', \'links_nr:7\', \'max_phy_value:0.0\', \'min_phy_value:0.0\', \'name:\', \'name_addr:0\', \'precision:0\', \'ref_param_nr:3\', "referenced_blocks:{\'text_0\': b\'Disable delay\', \'text_1\': b\'Enable delay\', \'default_addr\': b\'\'}", \'reserved0:0\', \'text_0:752288\', \'text_1:752328\', \'unit:\', \'unit_addr:0\', \'val_0:0.0\', \'val_1:1.0\', \'val_param_nr:2\'])>'
  - 组 'VCU_2'.VCU_ENSModeAvail data_type: 7 vs 0
  - 组 'VCU_2'.VCU_ENSModeAvail bit_count: 64 vs 1
  - 组 'VCU_2'.VCU_ENSModeAvail flags: 0 vs 16
  - 组 'VCU_2'.VCU_ENSModeAvail conversion: 'None' vs '<ChannelConversion (name: , unit: , comment: , formula: , referenced blocks: {\'text_0\': b\'Not available\', \'text_1\': b\'Available\', \'default_addr\': b\'\'}, address: 751736, fields: [\'_cache:None\', \'address:751736\', \'block_len:120\', \'comment:\', \'comment_addr:0\', \'conversion_type:7\', \'default_addr:0\', \'flags:0\', \'formula:\', "id:b\'##CC\'", \'inv_conv_addr:0\', \'is_user_defined:False\', \'links_nr:7\', \'max_phy_value:0.0\', \'min_phy_value:0.0\', \'name:\', \'name_addr:0\', \'precision:0\', \'ref_param_nr:3\', "referenced_blocks:{\'text_0\': b\'Not available\', \'text_1\': b\'Available\', \'default_addr\': b\'\'}", \'reserved0:0\', \'text_0:751656\', \'text_1:751696\', \'unit:\', \'unit_addr:0\', \'val_0:0.0\', \'val_1:1.0\', \'val_param_nr:2\'])>'
  - 组 'VCU_2'.VCU_WarmSt data_type: 7 vs 0
  - 组 'VCU_2'.VCU_WarmSt bit_count: 64 vs 2
  - 组 'VCU_2'.VCU_WarmSt flags: 0 vs 16
  - 组 'VCU_2'.VCU_WarmSt conversion: 'None' vs '<ChannelConversion (name: , unit: , comment: , formula: , referenced blocks: {\'text_0\': b\'OFF,can be seleted;- others : reserved\', \'text_1\': b\'ON,can not be seleted\', \'default_addr\': b\'\'}, address: 757336, fields: [\'_cache:None\', \'address:757336\', \'block_len:120\', \'comment:\', \'comment_addr:0\', \'conversion_type:7\', \'default_addr:0\', \'flags:0\', \'formula:\', "id:b\'##CC\'", \'inv_conv_addr:0\', \'is_user_defined:False\', \'links_nr:7\', \'max_phy_value:0.0\', \'min_phy_value:0.0\', \'name:\', \'name_addr:0\', \'precision:0\', \'ref_param_nr:3\', "referenced_blocks:{\'text_0\': b\'OFF,can be seleted;- others : reserved\', \'text_1\': b\'ON,can not be seleted\', \'default_addr\': b\'\'}", \'reserved0:0\', \'text_0:757224\', \'text_1:757288\', \'unit:\', \'unit_addr:0\', \'val_0:0.0\', \'val_1:1.0\', \'val_param_nr:2\'])>'
  - 组 'VCU_2'.VCU_WarmTimeCfgResp data_type: 7 vs 0
  - 组 'VCU_2'.VCU_WarmTimeCfgResp bit_count: 64 vs 4
  - 组 'VCU_2'.VCU_WarmTimeCfgResp flags: 0 vs 16
  - 组 'VCU_2'.VCU_WarmTimeCfgResp conversion: 'None' vs '<ChannelConversion (name: , unit: , comment: , formula: , referenced blocks: {\'text_0\': b\'No command\', \'text_1\': b\'1h\', \'text_2\': b\'2h\', \'text_3\': b\'3h\', \'text_4\': b\'4h\', \'text_5\': b\'5h\', \'text_6\': b\'6h\', \'text_7\': b\'7h\', \'text_8\': b\'8h\', \'text_9\': b\'9h\', \'text_10\': b\'10h\', \'text_11\': b\'11h\', \'text_12\': b\'12h\', \'text_13\': b\'ON\', \'text_14\': b\'OFF\', \'default_addr\': b\'\'}, address: 756472, fields: [\'_cache:None\', \'address:756472\', \'block_len:328\', \'comment:\', \'comment_addr:0\', \'conversion_type:7\', \'default_addr:0\', \'flags:0\', \'formula:\', "id:b\'##CC\'", \'inv_conv_addr:0\', \'is_user_defined:False\', \'links_nr:20\', \'max_phy_value:0.0\', \'min_phy_value:0.0\', \'name:\', \'name_addr:0\', \'precision:0\', \'ref_param_nr:16\', "referenced_blocks:{\'text_0\': b\'No command\', \'text_1\': b\'1h\', \'text_2\': b\'2h\', \'text_3\': b\'3h\', \'text_4\': b\'4h\', \'text_5\': b\'5h\', \'text_6\': b\'6h\', \'text_7\': b\'7h\', \'text_8\': b\'8h\', \'text_9\': b\'9h\', \'text_10\': b\'10h\', \'text_11\': b\'11h\', \'text_12\': b\'12h\', \'text_13\': b\'ON\', \'text_14\': b\'OFF\', \'default_addr\': b\'\'}", \'reserved0:0\', \'text_0:755984\', \'text_1:756024\', \'text_10:756312\', \'text_11:756344\', \'text_12:756376\', \'text_13:756408\', \'text_14:756440\', \'text_2:756056\', \'text_3:756088\', \'text_4:756120\', \'text_5:756152\', \'text_6:756184\', \'text_7:756216\', \'text_8:756248\', \'text_9:756280\', \'unit:\', \'unit_addr:0\', \'val_0:0.0\', \'val_1:1.0\', \'val_10:10.0\', \'val_11:11.0\', \'val_12:12.0\', \'val_13:14.0\', \'val_14:15.0\', \'val_2:2.0\', \'val_3:3.0\', \'val_4:4.0\', \'val_5:5.0\', \'val_6:6.0\', \'val_7:7.0\', \'val_8:8.0\', \'val_9:9.0\', \'val_param_nr:15\'])>'
  - 组 'VCU_2'.VCU_CreepAvail data_type: 7 vs 0
  - 组 'VCU_2'.VCU_CreepAvail bit_count: 64 vs 1
  - 组 'VCU_2'.VCU_CreepAvail flags: 0 vs 16
  - 组 'VCU_2'.VCU_CreepAvail conversion: 'None' vs '<ChannelConversion (name: , unit: , comment: , formula: , referenced blocks: {\'text_0\': b\'Not available\', \'text_1\': b\'Available\', \'default_addr\': b\'\'}, address: 755448, fields: [\'_cache:None\', \'address:755448\', \'block_len:120\', \'comment:\', \'comment_addr:0\', \'conversion_type:7\', \'default_addr:0\', \'flags:0\', \'formula:\', "id:b\'##CC\'", \'inv_conv_addr:0\', \'is_user_defined:False\', \'links_nr:7\', \'max_phy_value:0.0\', \'min_phy_value:0.0\', \'name:\', \'name_addr:0\', \'precision:0\', \'ref_param_nr:3\', "referenced_blocks:{\'text_0\': b\'Not available\', \'text_1\': b\'Available\', \'default_addr\': b\'\'}", \'reserved0:0\', \'text_0:755368\', \'text_1:755408\', \'unit:\', \'unit_addr:0\', \'val_0:0.0\', \'val_1:1.0\', \'val_param_nr:2\'])>'
  - 组 'VCU_2'.VCU_RecpLevelAvail data_type: 7 vs 0
  - 组 'VCU_2'.VCU_RecpLevelAvail bit_count: 64 vs 2
  - 组 'VCU_2'.VCU_RecpLevelAvail flags: 0 vs 16
  - 组 'VCU_2'.VCU_RecpLevelAvail conversion: 'None' vs '<ChannelConversion (name: , unit: , comment: , formula: , referenced blocks: {\'text_0\': b\'smart and manual NA\', \'text_1\': b\'manual NA\', \'text_2\': b\'smart NA\', \'text_3\': b\'All Available\', \'default_addr\': b\'\'}, address: 758808, fields: [\'_cache:None\', \'address:758808\', \'block_len:152\', \'comment:\', \'comment_addr:0\', \'conversion_type:7\', \'default_addr:0\', \'flags:0\', \'formula:\', "id:b\'##CC\'", \'inv_conv_addr:0\', \'is_user_defined:False\', \'links_nr:9\', \'max_phy_value:0.0\', \'min_phy_value:0.0\', \'name:\', \'name_addr:0\', \'precision:0\', \'ref_param_nr:5\', "referenced_blocks:{\'text_0\': b\'smart and manual NA\', \'text_1\': b\'manual NA\', \'text_2\': b\'smart NA\', \'text_3\': b\'All Available\', \'default_addr\': b\'\'}", \'reserved0:0\', \'text_0:758640\', \'text_1:758688\', \'text_2:758728\', \'text_3:758768\', \'unit:\', \'unit_addr:0\', \'val_0:0.0\', \'val_1:1.0\', \'val_2:2.0\', \'val_3:3.0\', \'val_param_nr:4\'])>'
  - 组 'VCU_2'.VCU_GearLvlDisp data_type: 7 vs 0
  - 组 'VCU_2'.VCU_GearLvlDisp bit_count: 64 vs 4
  - 组 'VCU_2'.VCU_GearLvlDisp flags: 0 vs 16
  - 组 'VCU_2'.VCU_GearLvlDisp conversion: 'None' vs '<ChannelConversion (name: , unit: , comment: , formula: , referenced blocks: {\'text_0\': b\'Invalid;- others : reserved\', \'text_1\': b"\'D\' Drive gear", \'text_2\': b"\'N\' Neutral gear", \'text_3\': b"\'R\' Reverse gear", \'text_4\': b"\'P\' Park gear", \'default_addr\': b\'\'}, address: 758080, fields: [\'_cache:None\', \'address:758080\', \'block_len:168\', \'comment:\', \'comment_addr:0\', \'conversion_type:7\', \'default_addr:0\', \'flags:0\', \'formula:\', "id:b\'##CC\'", \'inv_conv_addr:0\', \'is_user_defined:False\', \'links_nr:10\', \'max_phy_value:0.0\', \'min_phy_value:0.0\', \'name:\', \'name_addr:0\', \'precision:0\', \'ref_param_nr:6\', \'referenced_blocks:{\\\'text_0\\\': b\\\'Invalid;- others : reserved\\\', \\\'text_1\\\': b"\\\'D\\\' Drive gear", \\\'text_2\\\': b"\\\'N\\\' Neutral gear", \\\'text_3\\\': b"\\\'R\\\' Reverse gear", \\\'text_4\\\': b"\\\'P\\\' Park gear", \\\'default_addr\\\': b\\\'\\\'}\', \'reserved0:0\', \'text_0:757848\', \'text_1:757904\', \'text_2:757944\', \'text_3:757992\', \'text_4:758040\', \'unit:\', \'unit_addr:0\', \'val_0:0.0\', \'val_1:1.0\', \'val_2:2.0\', \'val_3:3.0\', \'val_4:4.0\', \'val_param_nr:5\'])>'
  - 组 'VCU_2'.VCU_DCU_ChgDisChgCapVoltReq bit_count: 16 vs 10
  - 组 'VCU_2'.VCU_DCU_ChgDisChgCapVoltReq flags: 0 vs 16
  - 组 'VCU_2'.VCU_DCU_ChgDisChgCapVoltReq conversion: 'None' vs '<ChannelConversion (name: , unit: V, comment: , formula: , referenced blocks: {}, address: 760048, fields: [\'_cache:None\', \'address:760048\', \'block_len:80\', \'comment:\', \'comment_addr:0\', \'conversion_type:0\', \'flags:0\', \'formula:\', "id:b\'##CC\'", \'inv_conv_addr:0\', \'is_user_defined:False\', \'links_nr:4\', \'max_phy_value:0.0\', \'min_phy_value:0.0\', \'name:\', \'name_addr:0\', \'precision:0\', \'ref_param_nr:0\', \'referenced_blocks:{}\', \'reserved0:0\', \'unit:V\', \'unit_addr:760016\', \'val_param_nr:0\'])>'
  - 组 'VCU_2'.VCU_IpedalModeAvail data_type: 7 vs 0
  - 组 'VCU_2'.VCU_IpedalModeAvail bit_count: 64 vs 1
  - 组 'VCU_2'.VCU_IpedalModeAvail flags: 0 vs 16
  - 组 'VCU_2'.VCU_IpedalModeAvail conversion: 'None' vs '<ChannelConversion (name: , unit: , comment: , formula: , referenced blocks: {\'text_0\': b\'Not available\', \'text_1\': b\'Available\', \'default_addr\': b\'\'}, address: 759472, fields: [\'_cache:None\', \'address:759472\', \'block_len:120\', \'comment:\', \'comment_addr:0\', \'conversion_type:7\', \'default_addr:0\', \'flags:0\', \'formula:\', "id:b\'##CC\'", \'inv_conv_addr:0\', \'is_user_defined:False\', \'links_nr:7\', \'max_phy_value:0.0\', \'min_phy_value:0.0\', \'name:\', \'name_addr:0\', \'precision:0\', \'ref_param_nr:3\', "referenced_blocks:{\'text_0\': b\'Not available\', \'text_1\': b\'Available\', \'default_addr\': b\'\'}", \'reserved0:0\', \'text_0:759392\', \'text_1:759432\', \'unit:\', \'unit_addr:0\', \'val_0:0.0\', \'val_1:1.0\', \'val_param_nr:2\'])>'
  - 组 'VCU_2'.VCU_ElcSysFault data_type: 7 vs 0
  - 组 'VCU_2'.VCU_ElcSysFault bit_count: 64 vs 5
  - 组 'VCU_2'.VCU_ElcSysFault flags: 0 vs 16
  - 组 'VCU_2'.VCU_ElcSysFault conversion: 'None' vs '<ChannelConversion (name: , unit: , comment: , formula: , referenced blocks: {\'text_0\': b\'No error;- others : reserved\', \'text_1\': b\'Reduce Power\', \'text_2\': b\'System fault, please contact the maintenance\', \'default_addr\': b\'\'}, address: 760744, fields: [\'_cache:None\', \'address:760744\', \'block_len:136\', \'comment:\', \'comment_addr:0\', \'conversion_type:7\', \'default_addr:0\', \'flags:0\', \'formula:\', "id:b\'##CC\'", \'inv_conv_addr:0\', \'is_user_defined:False\', \'links_nr:8\', \'max_phy_value:0.0\', \'min_phy_value:0.0\', \'name:\', \'name_addr:0\', \'precision:0\', \'ref_param_nr:4\', "referenced_blocks:{\'text_0\': b\'No error;- others : reserved\', \'text_1\': b\'Reduce Power\', \'text_2\': b\'System fault, please contact the maintenance\', \'default_addr\': b\'\'}", \'reserved0:0\', \'text_0:760576\', \'text_1:760632\', \'text_2:760672\', \'unit:\', \'unit_addr:0\', \'val_0:0.0\', \'val_1:1.0\', \'val_2:5.0\', \'val_param_nr:3\'])>'
  - 组 'VCU_2'.VCU_DspChgSt data_type: 7 vs 0
  - 组 'VCU_2'.VCU_DspChgSt bit_count: 64 vs 2
  - 组 'VCU_2'.VCU_DspChgSt flags: 0 vs 16
  - 组 'VCU_2'.VCU_DspChgSt conversion: 'None' vs '<ChannelConversion (name: , unit: , comment: , formula: , referenced blocks: {\'text_0\': b\'Blank module interface\', \'text_1\': b\'Charge current and voltage interface;- others : reserved\', \'default_addr\': b\'\'}, address: 762064, fields: [\'_cache:None\', \'address:762064\', \'block_len:120\', \'comment:\', \'comment_addr:0\', \'conversion_type:7\', \'default_addr:0\', \'flags:0\', \'formula:\', "id:b\'##CC\'", \'inv_conv_addr:0\', \'is_user_defined:False\', \'links_nr:7\', \'max_phy_value:0.0\', \'min_phy_value:0.0\', \'name:\', \'name_addr:0\', \'precision:0\', \'ref_param_nr:3\', "referenced_blocks:{\'text_0\': b\'Blank module interface\', \'text_1\': b\'Charge current and voltage interface;- others : reserved\', \'default_addr\': b\'\'}", \'reserved0:0\', \'text_0:761928\', \'text_1:761976\', \'unit:\', \'unit_addr:0\', \'val_0:0.0\', \'val_1:1.0\', \'val_param_nr:2\'])>'
  - 组 'VCU_2'.VCU_DspDischgSt data_type: 7 vs 0
  - 组 'VCU_2'.VCU_DspDischgSt bit_count: 64 vs 2
  - 组 'VCU_2'.VCU_DspDischgSt flags: 0 vs 16
  - 组 'VCU_2'.VCU_DspDischgSt conversion: 'None' vs '<ChannelConversion (name: , unit: , comment: , formula: , referenced blocks: {\'text_0\': b\'Blank module interface\', \'text_1\': b\'Discharge current and voltage interface;- others : reserved\', \'default_addr\': b\'\'}, address: 761416, fields: [\'_cache:None\', \'address:761416\', \'block_len:120\', \'comment:\', \'comment_addr:0\', \'conversion_type:7\', \'default_addr:0\', \'flags:0\', \'formula:\', "id:b\'##CC\'", \'inv_conv_addr:0\', \'is_user_defined:False\', \'links_nr:7\', \'max_phy_value:0.0\', \'min_phy_value:0.0\', \'name:\', \'name_addr:0\', \'precision:0\', \'ref_param_nr:3\', "referenced_blocks:{\'text_0\': b\'Blank module interface\', \'text_1\': b\'Discharge current and voltage interface;- others : reserved\', \'default_addr\': b\'\'}", \'reserved0:0\', \'text_0:761280\', \'text_1:761328\', \'unit:\', \'unit_addr:0\', \'val_0:0.0\', \'val_1:1.0\', \'val_param_nr:2\'])>'
  - 组 'VCU_2'.VCU_SOCDynamicDspSt data_type: 7 vs 0
  - 组 'VCU_2'.VCU_SOCDynamicDspSt bit_count: 64 vs 2
  - 组 'VCU_2'.VCU_SOCDynamicDspSt flags: 0 vs 16
  - 组 'VCU_2'.VCU_SOCDynamicDspSt conversion: 'None' vs '<ChannelConversion (name: , unit: , comment: , formula: , referenced blocks: {\'text_0\': b\'Current grid\', \'text_1\': b\'Progressive charging grid\', \'text_2\': b\'Evasive dischargeing grid;- others : reserved\', \'default_addr\': b\'\'}, address: 762744, fields: [\'_cache:None\', \'address:762744\', \'block_len:136\', \'comment:\', \'comment_addr:0\', \'conversion_type:7\', \'default_addr:0\', \'flags:0\', \'formula:\', "id:b\'##CC\'", \'inv_conv_addr:0\', \'is_user_defined:False\', \'links_nr:8\', \'max_phy_value:0.0\', \'min_phy_value:0.0\', \'name:\', \'name_addr:0\', \'precision:0\', \'ref_param_nr:4\', "referenced_blocks:{\'text_0\': b\'Current grid\', \'text_1\': b\'Progressive charging grid\', \'text_2\': b\'Evasive dischargeing grid;- others : reserved\', \'default_addr\': b\'\'}", \'reserved0:0\', \'text_0:762576\', \'text_1:762616\', \'text_2:762672\', \'unit:\', \'unit_addr:0\', \'val_0:0.0\', \'val_1:1.0\', \'val_2:2.0\', \'val_param_nr:3\'])>'
  - 组 'VCU_2'.VCU_DspChgVolt bit_count: 16 vs 10
  - 组 'VCU_2'.VCU_DspChgVolt flags: 0 vs 16
  - 组 'VCU_2'.VCU_DspChgVolt conversion: 'None' vs '<ChannelConversion (name: , unit: V, comment: , formula: , referenced blocks: {}, address: 764616, fields: [\'_cache:None\', \'address:764616\', \'block_len:80\', \'comment:\', \'comment_addr:0\', \'conversion_type:0\', \'flags:0\', \'formula:\', "id:b\'##CC\'", \'inv_conv_addr:0\', \'is_user_defined:False\', \'links_nr:4\', \'max_phy_value:0.0\', \'min_phy_value:0.0\', \'name:\', \'name_addr:0\', \'precision:0\', \'ref_param_nr:0\', \'referenced_blocks:{}\', \'reserved0:0\', \'unit:V\', \'unit_addr:764584\', \'val_param_nr:0\'])>'
  - 组 'VCU_2'.VCU_BookChgLampInd data_type: 7 vs 0
  - 组 'VCU_2'.VCU_BookChgLampInd bit_count: 64 vs 2
  - 组 'VCU_2'.VCU_BookChgLampInd flags: 0 vs 16
  - 组 'VCU_2'.VCU_BookChgLampInd conversion: 'None' vs '<ChannelConversion (name: , unit: , comment: , formula: , referenced blocks: {\'text_0\': b\'Lamp off;- others : reserved\', \'text_1\': b\'Green Lamp\', \'text_2\': b\'White Lamp\', \'default_addr\': b\'\'}, address: 764032, fields: [\'_cache:None\', \'address:764032\', \'block_len:136\', \'comment:\', \'comment_addr:0\', \'conversion_type:7\', \'default_addr:0\', \'flags:0\', \'formula:\', "id:b\'##CC\'", \'inv_conv_addr:0\', \'is_user_defined:False\', \'links_nr:8\', \'max_phy_value:0.0\', \'min_phy_value:0.0\', \'name:\', \'name_addr:0\', \'precision:0\', \'ref_param_nr:4\', "referenced_blocks:{\'text_0\': b\'Lamp off;- others : reserved\', \'text_1\': b\'Green Lamp\', \'text_2\': b\'White Lamp\', \'default_addr\': b\'\'}", \'reserved0:0\', \'text_0:763896\', \'text_1:763952\', \'text_2:763992\', \'unit:\', \'unit_addr:0\', \'val_0:0.0\', \'val_1:1.0\', \'val_2:2.0\', \'val_param_nr:3\'])>'
  - 组 'VCU_2'.VCU_TEL_VacSensorErr data_type: 7 vs 0
  - 组 'VCU_2'.VCU_TEL_VacSensorErr bit_count: 64 vs 1
  - 组 'VCU_2'.VCU_TEL_VacSensorErr flags: 0 vs 16
  - 组 'VCU_2'.VCU_TEL_VacSensorErr conversion: 'None' vs '<ChannelConversion (name: , unit: , comment: , formula: , referenced blocks: {\'text_0\': b\'Not Error\', \'text_1\': b\'Error\', \'default_addr\': b\'\'}, address: 763352, fields: [\'_cache:None\', \'address:763352\', \'block_len:120\', \'comment:\', \'comment_addr:0\', \'conversion_type:7\', \'default_addr:0\', \'flags:0\', \'formula:\', "id:b\'##CC\'", \'inv_conv_addr:0\', \'is_user_defined:False\', \'links_nr:7\', \'max_phy_value:0.0\', \'min_phy_value:0.0\', \'name:\', \'name_addr:0\', \'precision:0\', \'ref_param_nr:3\', "referenced_blocks:{\'text_0\': b\'Not Error\', \'text_1\': b\'Error\', \'default_addr\': b\'\'}", \'reserved0:0\', \'text_0:763280\', \'text_1:763320\', \'unit:\', \'unit_addr:0\', \'val_0:0.0\', \'val_1:1.0\', \'val_param_nr:2\'])>'
  - 组 'VCU_2'.VCU_DspChgCurr data_type: 4 vs 0
  - 组 'VCU_2'.VCU_DspChgCurr bit_count: 64 vs 12
  - 组 'VCU_2'.VCU_DspChgCurr flags: 0 vs 16
  - 组 'VCU_2'.VCU_DspChgCurr conversion: 'None' vs '<ChannelConversion (name: , unit: A, comment: , formula: , referenced blocks: {}, address: 765120, fields: [\'_cache:None\', \'a:0.1\', \'address:765120\', \'b:0.0\', \'block_len:96\', \'comment:\', \'comment_addr:0\', \'conversion_type:1\', \'flags:0\', \'formula:\', "id:b\'##CC\'", \'inv_conv_addr:0\', \'is_user_defined:False\', \'links_nr:4\', \'max_phy_value:0.0\', \'min_phy_value:0.0\', \'name:\', \'name_addr:0\', \'precision:0\', \'ref_param_nr:0\', \'referenced_blocks:{}\', \'reserved0:0\', \'unit:A\', \'unit_addr:765088\', \'val_param_nr:2\'])>'
  - 组 'VCU_2'.VCU_DspDischgVolt bit_count: 16 vs 10
  - 组 'VCU_2'.VCU_DspDischgVolt flags: 0 vs 16
  - 组 'VCU_2'.VCU_DspDischgVolt conversion: 'None' vs '<ChannelConversion (name: , unit: V, comment: , formula: , referenced blocks: {}, address: 766312, fields: [\'_cache:None\', \'address:766312\', \'block_len:80\', \'comment:\', \'comment_addr:0\', \'conversion_type:0\', \'flags:0\', \'formula:\', "id:b\'##CC\'", \'inv_conv_addr:0\', \'is_user_defined:False\', \'links_nr:4\', \'max_phy_value:0.0\', \'min_phy_value:0.0\', \'name:\', \'name_addr:0\', \'precision:0\', \'ref_param_nr:0\', \'referenced_blocks:{}\', \'reserved0:0\', \'unit:V\', \'unit_addr:766280\', \'val_param_nr:0\'])>'
  - 组 'VCU_2'.VCU_Released data_type: 7 vs 0
  - 组 'VCU_2'.VCU_Released bit_count: 64 vs 2
  - 组 'VCU_2'.VCU_Released flags: 0 vs 16
  - 组 'VCU_2'.VCU_Released conversion: 'None' vs '<ChannelConversion (name: , unit: , comment: , formula: , referenced blocks: {\'text_0\': b\'Not used;- others : reserved\', \'text_1\': b\'VCU locked\', \'text_2\': b\'VCU released\', \'default_addr\': b\'\'}, address: 765744, fields: [\'_cache:None\', \'address:765744\', \'block_len:136\', \'comment:\', \'comment_addr:0\', \'conversion_type:7\', \'default_addr:0\', \'flags:0\', \'formula:\', "id:b\'##CC\'", \'inv_conv_addr:0\', \'is_user_defined:False\', \'links_nr:8\', \'max_phy_value:0.0\', \'min_phy_value:0.0\', \'name:\', \'name_addr:0\', \'precision:0\', \'ref_param_nr:4\', "referenced_blocks:{\'text_0\': b\'Not used;- others : reserved\', \'text_1\': b\'VCU locked\', \'text_2\': b\'VCU released\', \'default_addr\': b\'\'}", \'reserved0:0\', \'text_0:765608\', \'text_1:765664\', \'text_2:765704\', \'unit:\', \'unit_addr:0\', \'val_0:0.0\', \'val_1:1.0\', \'val_2:2.0\', \'val_param_nr:3\'])>'
  - 组 'VCU_2'.VCU_BrkLightOn data_type: 7 vs 0
  - 组 'VCU_2'.VCU_BrkLightOn bit_count: 64 vs 1
  - 组 'VCU_2'.VCU_BrkLightOn flags: 0 vs 16
  - 组 'VCU_2'.VCU_BrkLightOn conversion: 'None' vs '<ChannelConversion (name: , unit: , comment: , formula: , referenced blocks: {\'text_0\': b\'OFF\', \'text_1\': b\'ON\', \'default_addr\': b\'\'}, address: 768112, fields: [\'_cache:None\', \'address:768112\', \'block_len:120\', \'comment:\', \'comment_addr:0\', \'conversion_type:7\', \'default_addr:0\', \'flags:0\', \'formula:\', "id:b\'##CC\'", \'inv_conv_addr:0\', \'is_user_defined:False\', \'links_nr:7\', \'max_phy_value:0.0\', \'min_phy_value:0.0\', \'name:\', \'name_addr:0\', \'precision:0\', \'ref_param_nr:3\', "referenced_blocks:{\'text_0\': b\'OFF\', \'text_1\': b\'ON\', \'default_addr\': b\'\'}", \'reserved0:0\', \'text_0:768048\', \'text_1:768080\', \'unit:\', \'unit_addr:0\', \'val_0:0.0\', \'val_1:1.0\', \'val_param_nr:2\'])>'
  - 组 'VCU_2'.VCU_BCMhazardLampOn data_type: 7 vs 0
  - 组 'VCU_2'.VCU_BCMhazardLampOn bit_count: 64 vs 1
  - 组 'VCU_2'.VCU_BCMhazardLampOn flags: 0 vs 16
  - 组 'VCU_2'.VCU_BCMhazardLampOn conversion: 'None' vs '<ChannelConversion (name: , unit: , comment: , formula: , referenced blocks: {\'text_0\': b\'No request\', \'text_1\': b\'Request On\', \'default_addr\': b\'\'}, address: 767504, fields: [\'_cache:None\', \'address:767504\', \'block_len:120\', \'comment:\', \'comment_addr:0\', \'conversion_type:7\', \'default_addr:0\', \'flags:0\', \'formula:\', "id:b\'##CC\'", \'inv_conv_addr:0\', \'is_user_defined:False\', \'links_nr:7\', \'max_phy_value:0.0\', \'min_phy_value:0.0\', \'name:\', \'name_addr:0\', \'precision:0\', \'ref_param_nr:3\', "referenced_blocks:{\'text_0\': b\'No request\', \'text_1\': b\'Request On\', \'default_addr\': b\'\'}", \'reserved0:0\', \'text_0:767424\', \'text_1:767464\', \'unit:\', \'unit_addr:0\', \'val_0:0.0\', \'val_1:1.0\', \'val_param_nr:2\'])>'
  - 组 'VCU_2'.VCU_EcoPlusModeAvail data_type: 7 vs 0
  - 组 'VCU_2'.VCU_EcoPlusModeAvail bit_count: 64 vs 1
  - 组 'VCU_2'.VCU_EcoPlusModeAvail flags: 0 vs 16
  - 组 'VCU_2'.VCU_EcoPlusModeAvail conversion: 'None' vs '<ChannelConversion (name: , unit: , comment: , formula: , referenced blocks: {\'text_0\': b\'Not available\', \'text_1\': b\'Available\', \'default_addr\': b\'\'}, address: 766880, fields: [\'_cache:None\', \'address:766880\', \'block_len:120\', \'comment:\', \'comment_addr:0\', \'conversion_type:7\', \'default_addr:0\', \'flags:0\', \'formula:\', "id:b\'##CC\'", \'inv_conv_addr:0\', \'is_user_defined:False\', \'links_nr:7\', \'max_phy_value:0.0\', \'min_phy_value:0.0\', \'name:\', \'name_addr:0\', \'precision:0\', \'ref_param_nr:3\', "referenced_blocks:{\'text_0\': b\'Not available\', \'text_1\': b\'Available\', \'default_addr\': b\'\'}", \'reserved0:0\', \'text_0:766800\', \'text_1:766840\', \'unit:\', \'unit_addr:0\', \'val_0:0.0\', \'val_1:1.0\', \'val_param_nr:2\'])>'
  - 组 'VCU_2'.VCU_DspDischgCurr data_type: 4 vs 0
  - 组 'VCU_2'.VCU_DspDischgCurr bit_count: 64 vs 12
  - 组 'VCU_2'.VCU_DspDischgCurr flags: 0 vs 16
  - 组 'VCU_2'.VCU_DspDischgCurr conversion: 'None' vs '<ChannelConversion (name: , unit: A, comment: , formula: , referenced blocks: {}, address: 769280, fields: [\'_cache:None\', \'a:0.1\', \'address:769280\', \'b:0.0\', \'block_len:96\', \'comment:\', \'comment_addr:0\', \'conversion_type:1\', \'flags:0\', \'formula:\', "id:b\'##CC\'", \'inv_conv_addr:0\', \'is_user_defined:False\', \'links_nr:4\', \'max_phy_value:0.0\', \'min_phy_value:0.0\', \'name:\', \'name_addr:0\', \'precision:0\', \'ref_param_nr:0\', \'referenced_blocks:{}\', \'reserved0:0\', \'unit:A\', \'unit_addr:769248\', \'val_param_nr:2\'])>'
  - 组 'VCU_2'.VCU_DragModeOffReq data_type: 7 vs 0
  - 组 'VCU_2'.VCU_DragModeOffReq bit_count: 64 vs 1
  - 组 'VCU_2'.VCU_DragModeOffReq flags: 0 vs 16
  - 组 'VCU_2'.VCU_DragModeOffReq conversion: 'None' vs '<ChannelConversion (name: , unit: , comment: , formula: , referenced blocks: {\'text_0\': b\'No request\', \'text_1\': b\'Request\', \'default_addr\': b\'\'}, address: 768712, fields: [\'_cache:None\', \'address:768712\', \'block_len:120\', \'comment:\', \'comment_addr:0\', \'conversion_type:7\', \'default_addr:0\', \'flags:0\', \'formula:\', "id:b\'##CC\'", \'inv_conv_addr:0\', \'is_user_defined:False\', \'links_nr:7\', \'max_phy_value:0.0\', \'min_phy_value:0.0\', \'name:\', \'name_addr:0\', \'precision:0\', \'ref_param_nr:3\', "referenced_blocks:{\'text_0\': b\'No request\', \'text_1\': b\'Request\', \'default_addr\': b\'\'}", \'reserved0:0\', \'text_0:768640\', \'text_1:768680\', \'unit:\', \'unit_addr:0\', \'val_0:0.0\', \'val_1:1.0\', \'val_param_nr:2\'])>'
  - 组 'VCU_2'.VCU_DriverNoticeDisp data_type: 7 vs 0
  - 组 'VCU_2'.VCU_DriverNoticeDisp bit_count: 64 vs 4
  - 组 'VCU_2'.VCU_DriverNoticeDisp flags: 0 vs 16
  - 组 'VCU_2'.VCU_DriverNoticeDisp conversion: 'None' vs '<ChannelConversion (name: , unit: , comment: , formula: , referenced blocks: {\'text_0\': b\'No request\', \'text_1\': b\'Press brake to shift gear\', \'text_2\': b\'Ready and shift D gear\', \'text_3\': b\'Ready and shift R gear\', \'text_4\': b\'Park and shift P gear\', \'text_5\': b\'Close door or fasten seatbelt before shift gear\', \'text_6\': b\'High speed avoid reverse shift\', \'text_7\': b\'Please release acceleration pedal to shift gear\', \'text_8\': b\'Hold down and shift N gear\', \'text_9\': b\'Vehicle shift N gear,attention to driving safety\', \'default_addr\': b\'\'}, address: 771936, fields: [\'_cache:None\', \'address:771936\', \'block_len:248\', \'comment:\', \'comment_addr:0\', \'conversion_type:7\', \'default_addr:0\', \'flags:0\', \'formula:\', "id:b\'##CC\'", \'inv_conv_addr:0\', \'is_user_defined:False\', \'links_nr:15\', \'max_phy_value:0.0\', \'min_phy_value:0.0\', \'name:\', \'name_addr:0\', \'precision:0\', \'ref_param_nr:11\', "referenced_blocks:{\'text_0\': b\'No request\', \'text_1\': b\'Press brake to shift gear\', \'text_2\': b\'Ready and shift D gear\', \'text_3\': b\'Ready and shift R gear\', \'text_4\': b\'Park and shift P gear\', \'text_5\': b\'Close door or fasten seatbelt before shift gear\', \'text_6\': b\'High speed avoid reverse shift\', \'text_7\': b\'Please release acceleration pedal to shift gear\', \'text_8\': b\'Hold down and shift N gear\', \'text_9\': b\'Vehicle shift N gear,attention to driving safety\', \'default_addr\': b\'\'}", \'reserved0:0\', \'text_0:771360\', \'text_1:771400\', \'text_2:771456\', \'text_3:771504\', \'text_4:771552\', \'text_5:771600\', \'text_6:771672\', \'text_7:771728\', \'text_8:771800\', \'text_9:771856\', \'unit:\', \'unit_addr:0\', \'val_0:0.0\', \'val_1:1.0\', \'val_2:2.0\', \'val_3:3.0\', \'val_4:4.0\', \'val_5:5.0\', \'val_6:6.0\', \'val_7:7.0\', \'val_8:8.0\', \'val_9:9.0\', \'val_param_nr:10\'])>'
  - 组 'VCU_2'.VCU_ICM_RecActSt data_type: 7 vs 0
  - 组 'VCU_2'.VCU_ICM_RecActSt bit_count: 64 vs 2
  - 组 'VCU_2'.VCU_ICM_RecActSt flags: 0 vs 16
  - 组 'VCU_2'.VCU_ICM_RecActSt conversion: 'None' vs '<ChannelConversion (name: , unit: , comment: , formula: , referenced blocks: {\'text_0\': b\'Invalid\', \'text_1\': b\'Function OFF\', \'text_2\': b\'Function ON(have recuperation when E-pedal on, green lamp on ICM)\', \'text_3\': b\'Function ON(No recuperation when E-pedal on, white lamp on ICM)\', \'default_addr\': b\'\'}, address: 770696, fields: [\'_cache:None\', \'address:770696\', \'block_len:152\', \'comment:\', \'comment_addr:0\', \'conversion_type:7\', \'default_addr:0\', \'flags:0\', \'formula:\', "id:b\'##CC\'", \'inv_conv_addr:0\', \'is_user_defined:False\', \'links_nr:9\', \'max_phy_value:0.0\', \'min_phy_value:0.0\', \'name:\', \'name_addr:0\', \'precision:0\', \'ref_param_nr:5\', "referenced_blocks:{\'text_0\': b\'Invalid\', \'text_1\': b\'Function OFF\', \'text_2\': b\'Function ON(have recuperation when E-pedal on, green lamp on ICM)\', \'text_3\': b\'Function ON(No recuperation when E-pedal on, white lamp on ICM)\', \'default_addr\': b\'\'}", \'reserved0:0\', \'text_0:770440\', \'text_1:770472\', \'text_2:770512\', \'text_3:770608\', \'unit:\', \'unit_addr:0\', \'val_0:0.0\', \'val_1:1.0\', \'val_2:2.0\', \'val_3:3.0\', \'val_param_nr:4\'])>'
  - 组 'VCU_2'.VCU_DrvChgDchgDsp data_type: 7 vs 0
  - 组 'VCU_2'.VCU_DrvChgDchgDsp bit_count: 64 vs 2
  - 组 'VCU_2'.VCU_DrvChgDchgDsp flags: 0 vs 16
  - 组 'VCU_2'.VCU_DrvChgDchgDsp conversion: 'None' vs '<ChannelConversion (name: , unit: , comment: , formula: , referenced blocks: {\'text_0\': b\'Driving interface\', \'text_1\': b\'Charge and discharge interface;- others : reserved\', \'default_addr\': b\'\'}, address: 769912, fields: [\'_cache:None\', \'address:769912\', \'block_len:120\', \'comment:\', \'comment_addr:0\', \'conversion_type:7\', \'default_addr:0\', \'flags:0\', \'formula:\', "id:b\'##CC\'", \'inv_conv_addr:0\', \'is_user_defined:False\', \'links_nr:7\', \'max_phy_value:0.0\', \'min_phy_value:0.0\', \'name:\', \'name_addr:0\', \'precision:0\', \'ref_param_nr:3\', "referenced_blocks:{\'text_0\': b\'Driving interface\', \'text_1\': b\'Charge and discharge interface;- others : reserved\', \'default_addr\': b\'\'}", \'reserved0:0\', \'text_0:769784\', \'text_1:769832\', \'unit:\', \'unit_addr:0\', \'val_0:0.0\', \'val_1:1.0\', \'val_param_nr:2\'])>'
  - 组 'VCU_2'.VCU_CruExitNotice data_type: 7 vs 0
  - 组 'VCU_2'.VCU_CruExitNotice bit_count: 64 vs 2
  - 组 'VCU_2'.VCU_CruExitNotice flags: 0 vs 16
  - 组 'VCU_2'.VCU_CruExitNotice conversion: 'None' vs '<ChannelConversion (name: , unit: , comment: , formula: , referenced blocks: {\'text_0\': b\'Normal\', \'text_1\': b\'Exit\', \'default_addr\': b\'\'}, address: 772664, fields: [\'_cache:None\', \'address:772664\', \'block_len:120\', \'comment:\', \'comment_addr:0\', \'conversion_type:7\', \'default_addr:0\', \'flags:0\', \'formula:\', "id:b\'##CC\'", \'inv_conv_addr:0\', \'is_user_defined:False\', \'links_nr:7\', \'max_phy_value:0.0\', \'min_phy_value:0.0\', \'name:\', \'name_addr:0\', \'precision:0\', \'ref_param_nr:3\', "referenced_blocks:{\'text_0\': b\'Normal\', \'text_1\': b\'Exit\', \'default_addr\': b\'\'}", \'reserved0:0\', \'text_0:772600\', \'text_1:772632\', \'unit:\', \'unit_addr:0\', \'val_0:0.0\', \'val_1:1.0\', \'val_param_nr:2\'])>'
  - 组 'VCU_2'.VCU_DischgEndVehRng bit_count: 16 vs 10
  - 组 'VCU_2'.VCU_DischgEndVehRng flags: 0 vs 16
  - 组 'VCU_2'.VCU_DischgEndVehRng conversion: 'None' vs '<ChannelConversion (name: , unit: km, comment: , formula: , referenced blocks: {}, address: 773824, fields: [\'_cache:None\', \'address:773824\', \'block_len:80\', \'comment:\', \'comment_addr:0\', \'conversion_type:0\', \'flags:0\', \'formula:\', "id:b\'##CC\'", \'inv_conv_addr:0\', \'is_user_defined:False\', \'links_nr:4\', \'max_phy_value:0.0\', \'min_phy_value:0.0\', \'name:\', \'name_addr:0\', \'precision:0\', \'ref_param_nr:0\', \'referenced_blocks:{}\', \'reserved0:0\', \'unit:km\', \'unit_addr:773792\', \'val_param_nr:0\'])>'
  - 组 'VCU_2'.VCU_AppChgErr data_type: 7 vs 0
  - 组 'VCU_2'.VCU_AppChgErr bit_count: 64 vs 1
  - 组 'VCU_2'.VCU_AppChgErr flags: 0 vs 16
  - 组 'VCU_2'.VCU_AppChgErr conversion: 'None' vs '<ChannelConversion (name: , unit: , comment: , formula: , referenced blocks: {\'text_0\': b\'Normal\', \'text_1\': b\'Error\', \'default_addr\': b\'\'}, address: 773256, fields: [\'_cache:None\', \'address:773256\', \'block_len:120\', \'comment:\', \'comment_addr:0\', \'conversion_type:7\', \'default_addr:0\', \'flags:0\', \'formula:\', "id:b\'##CC\'", \'inv_conv_addr:0\', \'is_user_defined:False\', \'links_nr:7\', \'max_phy_value:0.0\', \'min_phy_value:0.0\', \'name:\', \'name_addr:0\', \'precision:0\', \'ref_param_nr:3\', "referenced_blocks:{\'text_0\': b\'Normal\', \'text_1\': b\'Error\', \'default_addr\': b\'\'}", \'reserved0:0\', \'text_0:773192\', \'text_1:773224\', \'unit:\', \'unit_addr:0\', \'val_0:0.0\', \'val_1:1.0\', \'val_param_nr:2\'])>'
  - 组 'VCU_2'.VCU_DischgSocResp bit_count: 8 vs 7
  - 组 'VCU_2'.VCU_DischgSocResp flags: 0 vs 16
  - 组 'VCU_2'.VCU_DischgSocResp conversion: 'None' vs '<ChannelConversion (name: , unit: %, comment: , formula: , referenced blocks: {}, address: 774376, fields: [\'_cache:None\', \'address:774376\', \'block_len:80\', \'comment:\', \'comment_addr:0\', \'conversion_type:0\', \'flags:0\', \'formula:\', "id:b\'##CC\'", \'inv_conv_addr:0\', \'is_user_defined:False\', \'links_nr:4\', \'max_phy_value:0.0\', \'min_phy_value:0.0\', \'name:\', \'name_addr:0\', \'precision:0\', \'ref_param_nr:0\', \'referenced_blocks:{}\', \'reserved0:0\', \'unit:%\', \'unit_addr:774344\', \'val_param_nr:0\'])>'
  - 组 'VCU_2'.VCU_VehElcConspAvg data_type: 4 vs 0
  - 组 'VCU_2'.VCU_VehElcConspAvg bit_count: 64 vs 9
  - 组 'VCU_2'.VCU_VehElcConspAvg flags: 0 vs 16
  - 组 'VCU_2'.VCU_VehElcConspAvg conversion: 'None' vs '<ChannelConversion (name: , unit: kWh/100km, comment: , formula: , referenced blocks: {}, address: 774912, fields: [\'_cache:None\', \'a:0.1\', \'address:774912\', \'b:0.0\', \'block_len:96\', \'comment:\', \'comment_addr:0\', \'conversion_type:1\', \'flags:0\', \'formula:\', "id:b\'##CC\'", \'inv_conv_addr:0\', \'is_user_defined:False\', \'links_nr:4\', \'max_phy_value:0.0\', \'min_phy_value:0.0\', \'name:\', \'name_addr:0\', \'precision:0\', \'ref_param_nr:0\', \'referenced_blocks:{}\', \'reserved0:0\', \'unit:kWh/100km\', \'unit_addr:774872\', \'val_param_nr:2\'])>'
  - 组 'VCU_2'.VCU_VehElcConspAccumAvg data_type: 4 vs 0
  - 组 'VCU_2'.VCU_VehElcConspAccumAvg bit_count: 64 vs 9
  - 组 'VCU_2'.VCU_VehElcConspAccumAvg flags: 0 vs 16
  - 组 'VCU_2'.VCU_VehElcConspAccumAvg conversion: 'None' vs '<ChannelConversion (name: , unit: kWh/100km, comment: , formula: , referenced blocks: {}, address: 778016, fields: [\'_cache:None\', \'a:0.1\', \'address:778016\', \'b:0.0\', \'block_len:96\', \'comment:\', \'comment_addr:0\', \'conversion_type:1\', \'flags:0\', \'formula:\', "id:b\'##CC\'", \'inv_conv_addr:0\', \'is_user_defined:False\', \'links_nr:4\', \'max_phy_value:0.0\', \'min_phy_value:0.0\', \'name:\', \'name_addr:0\', \'precision:0\', \'ref_param_nr:0\', \'referenced_blocks:{}\', \'reserved0:0\', \'unit:kWh/100km\', \'unit_addr:777976\', \'val_param_nr:2\'])>'
  - 组 'VCU_2'.VCU_AppWarmErr data_type: 7 vs 0
  - 组 'VCU_2'.VCU_AppWarmErr bit_count: 64 vs 1
  - 组 'VCU_2'.VCU_AppWarmErr flags: 0 vs 16
  - 组 'VCU_2'.VCU_AppWarmErr conversion: 'None' vs '<ChannelConversion (name: , unit: , comment: , formula: , referenced blocks: {\'text_0\': b\'Normal\', \'text_1\': b\'Error\', \'default_addr\': b\'\'}, address: 777432, fields: [\'_cache:None\', \'address:777432\', \'block_len:120\', \'comment:\', \'comment_addr:0\', \'conversion_type:7\', \'default_addr:0\', \'flags:0\', \'formula:\', "id:b\'##CC\'", \'inv_conv_addr:0\', \'is_user_defined:False\', \'links_nr:7\', \'max_phy_value:0.0\', \'min_phy_value:0.0\', \'name:\', \'name_addr:0\', \'precision:0\', \'ref_param_nr:3\', "referenced_blocks:{\'text_0\': b\'Normal\', \'text_1\': b\'Error\', \'default_addr\': b\'\'}", \'reserved0:0\', \'text_0:777368\', \'text_1:777400\', \'unit:\', \'unit_addr:0\', \'val_0:0.0\', \'val_1:1.0\', \'val_param_nr:2\'])>'
  - 组 'VCU_2'.VCU_HVAC_RelaySwitchSt data_type: 7 vs 0
  - 组 'VCU_2'.VCU_HVAC_RelaySwitchSt bit_count: 64 vs 1
  - 组 'VCU_2'.VCU_HVAC_RelaySwitchSt flags: 0 vs 16
  - 组 'VCU_2'.VCU_HVAC_RelaySwitchSt conversion: 'None' vs '<ChannelConversion (name: , unit: , comment: , formula: , referenced blocks: {\'text_0\': b\'Relay open\', \'text_1\': b\'Relay closed\', \'default_addr\': b\'\'}, address: 776840, fields: [\'_cache:None\', \'address:776840\', \'block_len:120\', \'comment:\', \'comment_addr:0\', \'conversion_type:7\', \'default_addr:0\', \'flags:0\', \'formula:\', "id:b\'##CC\'", \'inv_conv_addr:0\', \'is_user_defined:False\', \'links_nr:7\', \'max_phy_value:0.0\', \'min_phy_value:0.0\', \'name:\', \'name_addr:0\', \'precision:0\', \'ref_param_nr:3\', "referenced_blocks:{\'text_0\': b\'Relay open\', \'text_1\': b\'Relay closed\', \'default_addr\': b\'\'}", \'reserved0:0\', \'text_0:776760\', \'text_1:776800\', \'unit:\', \'unit_addr:0\', \'val_0:0.0\', \'val_1:1.0\', \'val_param_nr:2\'])>'
  - 组 'VCU_2'.VCU_GearLvlBlink data_type: 7 vs 0
  - 组 'VCU_2'.VCU_GearLvlBlink bit_count: 64 vs 1
  - 组 'VCU_2'.VCU_GearLvlBlink flags: 0 vs 16
  - 组 'VCU_2'.VCU_GearLvlBlink conversion: 'None' vs '<ChannelConversion (name: , unit: , comment: , formula: , referenced blocks: {\'text_0\': b\'Off\', \'text_1\': b\'Blink\', \'default_addr\': b\'\'}, address: 776104, fields: [\'_cache:None\', \'address:776104\', \'block_len:120\', \'comment:\', \'comment_addr:0\', \'conversion_type:7\', \'default_addr:0\', \'flags:0\', \'formula:\', "id:b\'##CC\'", \'inv_conv_addr:0\', \'is_user_defined:False\', \'links_nr:7\', \'max_phy_value:0.0\', \'min_phy_value:0.0\', \'name:\', \'name_addr:0\', \'precision:0\', \'ref_param_nr:3\', "referenced_blocks:{\'text_0\': b\'Off\', \'text_1\': b\'Blink\', \'default_addr\': b\'\'}", \'reserved0:0\', \'text_0:776040\', \'text_1:776072\', \'unit:\', \'unit_addr:0\', \'val_0:0.0\', \'val_1:1.0\', \'val_param_nr:2\'])>'
  - 组 'VCU_2'.VCU_EcoModeAvail data_type: 7 vs 0
  - 组 'VCU_2'.VCU_EcoModeAvail bit_count: 64 vs 1
  - 组 'VCU_2'.VCU_EcoModeAvail flags: 0 vs 16
  - 组 'VCU_2'.VCU_EcoModeAvail conversion: 'None' vs '<ChannelConversion (name: , unit: , comment: , formula: , referenced blocks: {\'text_0\': b\'Not Available\', \'text_1\': b\'Available\', \'default_addr\': b\'\'}, address: 775496, fields: [\'_cache:None\', \'address:775496\', \'block_len:120\', \'comment:\', \'comment_addr:0\', \'conversion_type:7\', \'default_addr:0\', \'flags:0\', \'formula:\', "id:b\'##CC\'", \'inv_conv_addr:0\', \'is_user_defined:False\', \'links_nr:7\', \'max_phy_value:0.0\', \'min_phy_value:0.0\', \'name:\', \'name_addr:0\', \'precision:0\', \'ref_param_nr:3\', "referenced_blocks:{\'text_0\': b\'Not Available\', \'text_1\': b\'Available\', \'default_addr\': b\'\'}", \'reserved0:0\', \'text_0:775416\', \'text_1:775456\', \'unit:\', \'unit_addr:0\', \'val_0:0.0\', \'val_1:1.0\', \'val_param_nr:2\'])>'
  - 组 'VCU_2'.VCU_VehChgDischgMode data_type: 7 vs 0
  - 组 'VCU_2'.VCU_VehChgDischgMode bit_count: 64 vs 4
  - 组 'VCU_2'.VCU_VehChgDischgMode flags: 0 vs 16
  - 组 'VCU_2'.VCU_VehChgDischgMode conversion: 'None' vs '<ChannelConversion (name: , unit: , comment: , formula: , referenced blocks: {\'text_0\': b\'Not connect\', \'text_1\': b\'DC equipment\', \'text_2\': b\'AC equipment\', \'text_3\': b\'V2V/V2L equipment\', \'text_4\': b\'V2G equipment\', \'default_addr\': b\'\'}, address: 780264, fields: [\'_cache:None\', \'address:780264\', \'block_len:168\', \'comment:\', \'comment_addr:0\', \'conversion_type:7\', \'default_addr:0\', \'flags:0\', \'formula:\', "id:b\'##CC\'", \'inv_conv_addr:0\', \'is_user_defined:False\', \'links_nr:10\', \'max_phy_value:0.0\', \'min_phy_value:0.0\', \'name:\', \'name_addr:0\', \'precision:0\', \'ref_param_nr:6\', "referenced_blocks:{\'text_0\': b\'Not connect\', \'text_1\': b\'DC equipment\', \'text_2\': b\'AC equipment\', \'text_3\': b\'V2V/V2L equipment\', \'text_4\': b\'V2G equipment\', \'default_addr\': b\'\'}", \'reserved0:0\', \'text_0:780056\', \'text_1:780096\', \'text_2:780136\', \'text_3:780176\', \'text_4:780224\', \'unit:\', \'unit_addr:0\', \'val_0:0.0\', \'val_1:1.0\', \'val_2:2.0\', \'val_3:3.0\', \'val_4:4.0\', \'val_param_nr:5\'])>'
  - 组 'VCU_2'.VCU_PGearErrNotice data_type: 7 vs 0
  - 组 'VCU_2'.VCU_PGearErrNotice bit_count: 64 vs 2
  - 组 'VCU_2'.VCU_PGearErrNotice flags: 0 vs 16
  - 组 'VCU_2'.VCU_PGearErrNotice conversion: 'None' vs '<ChannelConversion (name: , unit: , comment: , formula: , referenced blocks: {\'text_0\': b\'No request;- others : reserved\', \'text_1\': b\'P gear lock fault\', \'text_2\': b\'P gear unlock fault\', \'default_addr\': b\'\'}, address: 779464, fields: [\'_cache:None\', \'address:779464\', \'block_len:136\', \'comment:\', \'comment_addr:0\', \'conversion_type:7\', \'default_addr:0\', \'flags:0\', \'formula:\', "id:b\'##CC\'", \'inv_conv_addr:0\', \'is_user_defined:False\', \'links_nr:8\', \'max_phy_value:0.0\', \'min_phy_value:0.0\', \'name:\', \'name_addr:0\', \'precision:0\', \'ref_param_nr:4\', "referenced_blocks:{\'text_0\': b\'No request;- others : reserved\', \'text_1\': b\'P gear lock fault\', \'text_2\': b\'P gear unlock fault\', \'default_addr\': b\'\'}", \'reserved0:0\', \'text_0:779312\', \'text_1:779368\', \'text_2:779416\', \'unit:\', \'unit_addr:0\', \'val_0:0.0\', \'val_1:1.0\', \'val_2:2.0\', \'val_param_nr:3\'])>'
  - 组 'VCU_2'.VCU_VehCrusSt data_type: 7 vs 0
  - 组 'VCU_2'.VCU_VehCrusSt bit_count: 64 vs 2
  - 组 'VCU_2'.VCU_VehCrusSt flags: 0 vs 16
  - 组 'VCU_2'.VCU_VehCrusSt conversion: 'None' vs '<ChannelConversion (name: , unit: , comment: , formula: , referenced blocks: {\'text_0\': b\'Off\', \'text_1\': b\'Cruise control function on(Lamp white)\', \'text_2\': b\'Cruise controlling(Lamp green)\', \'text_3\': b\'Cruise control error(Lamp yellow)\', \'default_addr\': b\'\'}, address: 778752, fields: [\'_cache:None\', \'address:778752\', \'block_len:152\', \'comment:\', \'comment_addr:0\', \'conversion_type:7\', \'default_addr:0\', \'flags:0\', \'formula:\', "id:b\'##CC\'", \'inv_conv_addr:0\', \'is_user_defined:False\', \'links_nr:9\', \'max_phy_value:0.0\', \'min_phy_value:0.0\', \'name:\', \'name_addr:0\', \'precision:0\', \'ref_param_nr:5\', "referenced_blocks:{\'text_0\': b\'Off\', \'text_1\': b\'Cruise control function on(Lamp white)\', \'text_2\': b\'Cruise controlling(Lamp green)\', \'text_3\': b\'Cruise control error(Lamp yellow)\', \'default_addr\': b\'\'}", \'reserved0:0\', \'text_0:778536\', \'text_1:778568\', \'text_2:778632\', \'text_3:778688\', \'unit:\', \'unit_addr:0\', \'val_0:0.0\', \'val_1:1.0\', \'val_2:2.0\', \'val_3:3.0\', \'val_param_nr:4\'])>'
  - 组 'VCU_2'.VCU_PwrFlowMode data_type: 7 vs 0
  - 组 'VCU_2'.VCU_PwrFlowMode bit_count: 64 vs 5
  - 组 'VCU_2'.VCU_PwrFlowMode flags: 0 vs 16
  - 组 'VCU_2'.VCU_PwrFlowMode conversion: 'None' vs '<ChannelConversion (name: , unit: , comment: , formula: , referenced blocks: {\'text_0\': b\'Vehicle initial;- others : reserved\', \'text_1\': b\'Vehicle standby\', \'text_2\': b\'Idle charge\', \'text_3\': b\'EV\', \'text_4\': b\'Range extend mode1\', \'text_5\': b\'Range extend mode2\', \'text_6\': b\'Engine mode\', \'text_7\': b\'HEV mode\', \'text_8\': b\'Regeneration mode\', \'text_9\': b\'Range extend mode3\', \'default_addr\': b\'\'}, address: 782560, fields: [\'_cache:None\', \'address:782560\', \'block_len:248\', \'comment:\', \'comment_addr:0\', \'conversion_type:7\', \'default_addr:0\', \'flags:0\', \'formula:\', "id:b\'##CC\'", \'inv_conv_addr:0\', \'is_user_defined:False\', \'links_nr:15\', \'max_phy_value:0.0\', \'min_phy_value:0.0\', \'name:\', \'name_addr:0\', \'precision:0\', \'ref_param_nr:11\', "referenced_blocks:{\'text_0\': b\'Vehicle initial;- others : reserved\', \'text_1\': b\'Vehicle standby\', \'text_2\': b\'Idle charge\', \'text_3\': b\'EV\', \'text_4\': b\'Range extend mode1\', \'text_5\': b\'Range extend mode2\', \'text_6\': b\'Engine mode\', \'text_7\': b\'HEV mode\', \'text_8\': b\'Regeneration mode\', \'text_9\': b\'Range extend mode3\', \'default_addr\': b\'\'}", \'reserved0:0\', \'text_0:782112\', \'text_1:782176\', \'text_2:782216\', \'text_3:782256\', \'text_4:782288\', \'text_5:782336\', \'text_6:782384\', \'text_7:782424\', \'text_8:782464\', \'text_9:782512\', \'unit:\', \'unit_addr:0\', \'val_0:0.0\', \'val_1:1.0\', \'val_2:2.0\', \'val_3:3.0\', \'val_4:4.0\', \'val_5:5.0\', \'val_6:6.0\', \'val_7:7.0\', \'val_8:8.0\', \'val_9:9.0\', \'val_param_nr:10\'])>'
  - 组 'VCU_2'.VCU_FaultLampInd data_type: 7 vs 0
  - 组 'VCU_2'.VCU_FaultLampInd bit_count: 64 vs 2
  - 组 'VCU_2'.VCU_FaultLampInd flags: 0 vs 16
  - 组 'VCU_2'.VCU_FaultLampInd conversion: 'None' vs '<ChannelConversion (name: , unit: , comment: , formula: , referenced blocks: {\'text_0\': b\'Off;- others : reserved\', \'text_1\': b\'Lamp on\', \'text_2\': b\'Lamp blink\', \'default_addr\': b\'\'}, address: 781560, fields: [\'_cache:None\', \'address:781560\', \'block_len:136\', \'comment:\', \'comment_addr:0\', \'conversion_type:7\', \'default_addr:0\', \'flags:0\', \'formula:\', "id:b\'##CC\'", \'inv_conv_addr:0\', \'is_user_defined:False\', \'links_nr:8\', \'max_phy_value:0.0\', \'min_phy_value:0.0\', \'name:\', \'name_addr:0\', \'precision:0\', \'ref_param_nr:4\', "referenced_blocks:{\'text_0\': b\'Off;- others : reserved\', \'text_1\': b\'Lamp on\', \'text_2\': b\'Lamp blink\', \'default_addr\': b\'\'}", \'reserved0:0\', \'text_0:781440\', \'text_1:781488\', \'text_2:781520\', \'unit:\', \'unit_addr:0\', \'val_0:0.0\', \'val_1:1.0\', \'val_2:2.0\', \'val_param_nr:3\'])>'
  - 组 'VCU_2'.VCU_ElcVcuuPumpErr data_type: 7 vs 0
  - 组 'VCU_2'.VCU_ElcVcuuPumpErr bit_count: 64 vs 1
  - 组 'VCU_2'.VCU_ElcVcuuPumpErr flags: 0 vs 16
  - 组 'VCU_2'.VCU_ElcVcuuPumpErr conversion: 'None' vs '<ChannelConversion (name: , unit: , comment: , formula: , referenced blocks: {\'text_0\': b\'Normal\', \'text_1\': b\'Error\', \'default_addr\': b\'\'}, address: 780912, fields: [\'_cache:None\', \'address:780912\', \'block_len:120\', \'comment:\', \'comment_addr:0\', \'conversion_type:7\', \'default_addr:0\', \'flags:0\', \'formula:\', "id:b\'##CC\'", \'inv_conv_addr:0\', \'is_user_defined:False\', \'links_nr:7\', \'max_phy_value:0.0\', \'min_phy_value:0.0\', \'name:\', \'name_addr:0\', \'precision:0\', \'ref_param_nr:3\', "referenced_blocks:{\'text_0\': b\'Normal\', \'text_1\': b\'Error\', \'default_addr\': b\'\'}", \'reserved0:0\', \'text_0:780848\', \'text_1:780880\', \'unit:\', \'unit_addr:0\', \'val_0:0.0\', \'val_1:1.0\', \'val_param_nr:2\'])>'
  - 组 'VCU_2'.VCU_VehDrvMod data_type: 7 vs 0
  - 组 'VCU_2'.VCU_VehDrvMod bit_count: 64 vs 3
  - 组 'VCU_2'.VCU_VehDrvMod flags: 0 vs 16
  - 组 'VCU_2'.VCU_VehDrvMod conversion: 'None' vs '<ChannelConversion (name: , unit: , comment: , formula: , referenced blocks: {\'text_0\': b\'Invalid\', \'text_1\': b\'ECO+ Mode\', \'text_2\': b\'ECO Mode\', \'text_3\': b\'Comfort Mode\', \'text_4\': b\'Driving Mode\', \'text_5\': b\'SPORT Mode\', \'text_6\': b\'I-pedal Mode\', \'text_7\': b\'Individual\', \'default_addr\': b\'\'}, address: 786000, fields: [\'_cache:None\', \'address:786000\', \'block_len:216\', \'comment:\', \'comment_addr:0\', \'conversion_type:7\', \'default_addr:0\', \'flags:0\', \'formula:\', "id:b\'##CC\'", \'inv_conv_addr:0\', \'is_user_defined:False\', \'links_nr:13\', \'max_phy_value:0.0\', \'min_phy_value:0.0\', \'name:\', \'name_addr:0\', \'precision:0\', \'ref_param_nr:9\', "referenced_blocks:{\'text_0\': b\'Invalid\', \'text_1\': b\'ECO+ Mode\', \'text_2\': b\'ECO Mode\', \'text_3\': b\'Comfort Mode\', \'text_4\': b\'Driving Mode\', \'text_5\': b\'SPORT Mode\', \'text_6\': b\'I-pedal Mode\', \'text_7\': b\'Individual\', \'default_addr\': b\'\'}", \'reserved0:0\', \'text_0:785688\', \'text_1:785720\', \'text_2:785760\', \'text_3:785800\', \'text_4:785840\', \'text_5:785880\', \'text_6:785920\', \'text_7:785960\', \'unit:\', \'unit_addr:0\', \'val_0:0.0\', \'val_1:1.0\', \'val_2:2.0\', \'val_3:3.0\', \'val_4:4.0\', \'val_5:5.0\', \'val_6:6.0\', \'val_7:7.0\', \'val_param_nr:8\'])>'
  - 组 'VCU_2'.VCU_DrvModeLimitNotice data_type: 7 vs 0
  - 组 'VCU_2'.VCU_DrvModeLimitNotice bit_count: 64 vs 1
  - 组 'VCU_2'.VCU_DrvModeLimitNotice flags: 0 vs 16
  - 组 'VCU_2'.VCU_DrvModeLimitNotice conversion: 'None' vs '<ChannelConversion (name: , unit: , comment: , formula: , referenced blocks: {\'text_0\': b\'No request\', \'text_1\': b\'Shift driving mode please decelerate vehicle speed\', \'default_addr\': b\'\'}, address: 785128, fields: [\'_cache:None\', \'address:785128\', \'block_len:120\', \'comment:\', \'comment_addr:0\', \'conversion_type:7\', \'default_addr:0\', \'flags:0\', \'formula:\', "id:b\'##CC\'", \'inv_conv_addr:0\', \'is_user_defined:False\', \'links_nr:7\', \'max_phy_value:0.0\', \'min_phy_value:0.0\', \'name:\', \'name_addr:0\', \'precision:0\', \'ref_param_nr:3\', "referenced_blocks:{\'text_0\': b\'No request\', \'text_1\': b\'Shift driving mode please decelerate vehicle speed\', \'default_addr\': b\'\'}", \'reserved0:0\', \'text_0:785008\', \'text_1:785048\', \'unit:\', \'unit_addr:0\', \'val_0:0.0\', \'val_1:1.0\', \'val_param_nr:2\'])>'
  - 组 'VCU_2'.VCU_ARBWarnNotice data_type: 7 vs 0
  - 组 'VCU_2'.VCU_ARBWarnNotice bit_count: 64 vs 1
  - 组 'VCU_2'.VCU_ARBWarnNotice flags: 0 vs 16
  - 组 'VCU_2'.VCU_ARBWarnNotice conversion: 'None' vs '<ChannelConversion (name: , unit: , comment: , formula: , referenced blocks: {\'text_0\': b\'No request\', \'text_1\': b\'Please press brake pedal to prevent slipping\', \'default_addr\': b\'\'}, address: 784480, fields: [\'_cache:None\', \'address:784480\', \'block_len:120\', \'comment:\', \'comment_addr:0\', \'conversion_type:7\', \'default_addr:0\', \'flags:0\', \'formula:\', "id:b\'##CC\'", \'inv_conv_addr:0\', \'is_user_defined:False\', \'links_nr:7\', \'max_phy_value:0.0\', \'min_phy_value:0.0\', \'name:\', \'name_addr:0\', \'precision:0\', \'ref_param_nr:3\', "referenced_blocks:{\'text_0\': b\'No request\', \'text_1\': b\'Please press brake pedal to prevent slipping\', \'default_addr\': b\'\'}", \'reserved0:0\', \'text_0:784368\', \'text_1:784408\', \'unit:\', \'unit_addr:0\', \'val_0:0.0\', \'val_1:1.0\', \'val_param_nr:2\'])>'
  - 组 'VCU_2'.VCU_BuzReq data_type: 7 vs 0
  - 组 'VCU_2'.VCU_BuzReq bit_count: 64 vs 1
  - 组 'VCU_2'.VCU_BuzReq flags: 0 vs 16
  - 组 'VCU_2'.VCU_BuzReq conversion: 'None' vs '<ChannelConversion (name: , unit: , comment: , formula: , referenced blocks: {\'text_0\': b\'Off\', \'text_1\': b\'Buzzer sound on\', \'default_addr\': b\'\'}, address: 783864, fields: [\'_cache:None\', \'address:783864\', \'block_len:120\', \'comment:\', \'comment_addr:0\', \'conversion_type:7\', \'default_addr:0\', \'flags:0\', \'formula:\', "id:b\'##CC\'", \'inv_conv_addr:0\', \'is_user_defined:False\', \'links_nr:7\', \'max_phy_value:0.0\', \'min_phy_value:0.0\', \'name:\', \'name_addr:0\', \'precision:0\', \'ref_param_nr:3\', "referenced_blocks:{\'text_0\': b\'Off\', \'text_1\': b\'Buzzer sound on\', \'default_addr\': b\'\'}", \'reserved0:0\', \'text_0:783792\', \'text_1:783824\', \'unit:\', \'unit_addr:0\', \'val_0:0.0\', \'val_1:1.0\', \'val_param_nr:2\'])>'
  - 组 'VCU_2'.VCU_VehRdySt data_type: 7 vs 0
  - 组 'VCU_2'.VCU_VehRdySt bit_count: 64 vs 1
  - 组 'VCU_2'.VCU_VehRdySt flags: 0 vs 16
  - 组 'VCU_2'.VCU_VehRdySt conversion: 'None' vs '<ChannelConversion (name: , unit: , comment: , formula: , referenced blocks: {\'text_0\': b\'Not ready\', \'text_1\': b\'Ready\', \'default_addr\': b\'\'}, address: 783280, fields: [\'_cache:None\', \'address:783280\', \'block_len:120\', \'comment:\', \'comment_addr:0\', \'conversion_type:7\', \'default_addr:0\', \'flags:0\', \'formula:\', "id:b\'##CC\'", \'inv_conv_addr:0\', \'is_user_defined:False\', \'links_nr:7\', \'max_phy_value:0.0\', \'min_phy_value:0.0\', \'name:\', \'name_addr:0\', \'precision:0\', \'ref_param_nr:3\', "referenced_blocks:{\'text_0\': b\'Not ready\', \'text_1\': b\'Ready\', \'default_addr\': b\'\'}", \'reserved0:0\', \'text_0:783208\', \'text_1:783248\', \'unit:\', \'unit_addr:0\', \'val_0:0.0\', \'val_1:1.0\', \'val_param_nr:2\'])>'
  - 组 'VCU_2'.VCU_RecpActvStNotice data_type: 7 vs 0
  - 组 'VCU_2'.VCU_RecpActvStNotice bit_count: 64 vs 2
  - 组 'VCU_2'.VCU_RecpActvStNotice flags: 0 vs 16
  - 组 'VCU_2'.VCU_RecpActvStNotice conversion: 'None' vs '<ChannelConversion (name: , unit: , comment: , formula: , referenced blocks: {\'text_0\': b\'No request;- others : reserved\', \'text_1\': b\'I-pedal recuperation weak ,break to slow down\', \'text_2\': b\'RBS Recuperation deactivation\', \'default_addr\': b\'\'}, address: 789320, fields: [\'_cache:None\', \'address:789320\', \'block_len:136\', \'comment:\', \'comment_addr:0\', \'conversion_type:7\', \'default_addr:0\', \'flags:0\', \'formula:\', "id:b\'##CC\'", \'inv_conv_addr:0\', \'is_user_defined:False\', \'links_nr:8\', \'max_phy_value:0.0\', \'min_phy_value:0.0\', \'name:\', \'name_addr:0\', \'precision:0\', \'ref_param_nr:4\', "referenced_blocks:{\'text_0\': b\'No request;- others : reserved\', \'text_1\': b\'I-pedal recuperation weak ,break to slow down\', \'text_2\': b\'RBS Recuperation deactivation\', \'default_addr\': b\'\'}", \'reserved0:0\', \'text_0:789136\', \'text_1:789192\', \'text_2:789264\', \'unit:\', \'unit_addr:0\', \'val_0:0.0\', \'val_1:1.0\', \'val_2:2.0\', \'val_param_nr:3\'])>'
  - 组 'VCU_2'.VCU_ICMSpdLimitNotice data_type: 7 vs 0
  - 组 'VCU_2'.VCU_ICMSpdLimitNotice bit_count: 64 vs 3
  - 组 'VCU_2'.VCU_ICMSpdLimitNotice flags: 0 vs 16
  - 组 'VCU_2'.VCU_ICMSpdLimitNotice conversion: 'None' vs '<ChannelConversion (name: , unit: , comment: , formula: , referenced blocks: {\'text_0\': b\'No request\', \'text_1\': b\'Limit vehicle speed under 130km/h at current driving mode\', \'text_2\': b\'Limit vehicle speed under 120km/h at current driving mode\', \'text_3\': b\'Limit vehicle speed under 110km/h at current driving mode\', \'text_4\': b\'Limit vehicle speed under 100km/h at current driving mode\', \'text_5\': b\'Limit vehicle speed under 90km/h at current driving mode\', \'text_6\': b\'Limit vehicle speed under 80km/h at current driving mode\', \'text_7\': b\'Limit vehicle speed under 70km/h at current driving mode\', \'default_addr\': b\'\'}, address: 788488, fields: [\'_cache:None\', \'address:788488\', \'block_len:216\', \'comment:\', \'comment_addr:0\', \'conversion_type:7\', \'default_addr:0\', \'flags:0\', \'formula:\', "id:b\'##CC\'", \'inv_conv_addr:0\', \'is_user_defined:False\', \'links_nr:13\', \'max_phy_value:0.0\', \'min_phy_value:0.0\', \'name:\', \'name_addr:0\', \'precision:0\', \'ref_param_nr:9\', "referenced_blocks:{\'text_0\': b\'No request\', \'text_1\': b\'Limit vehicle speed under 130km/h at current driving mode\', \'text_2\': b\'Limit vehicle speed under 120km/h at current driving mode\', \'text_3\': b\'Limit vehicle speed under 110km/h at current driving mode\', \'text_4\': b\'Limit vehicle speed under 100km/h at current driving mode\', \'text_5\': b\'Limit vehicle speed under 90km/h at current driving mode\', \'text_6\': b\'Limit vehicle speed under 80km/h at current driving mode\', \'text_7\': b\'Limit vehicle speed under 70km/h at current driving mode\', \'default_addr\': b\'\'}", \'reserved0:0\', \'text_0:787832\', \'text_1:787872\', \'text_2:787960\', \'text_3:788048\', \'text_4:788136\', \'text_5:788224\', \'text_6:788312\', \'text_7:788400\', \'unit:\', \'unit_addr:0\', \'val_0:0.0\', \'val_1:1.0\', \'val_2:2.0\', \'val_3:3.0\', \'val_4:4.0\', \'val_5:5.0\', \'val_6:6.0\', \'val_7:7.0\', \'val_param_nr:8\'])>'
  - 组 'VCU_2'.VCU_EVPRepair data_type: 7 vs 0
  - 组 'VCU_2'.VCU_EVPRepair bit_count: 64 vs 1
  - 组 'VCU_2'.VCU_EVPRepair flags: 0 vs 16
  - 组 'VCU_2'.VCU_EVPRepair conversion: 'None' vs '<ChannelConversion (name: , unit: , comment: , formula: , referenced blocks: {\'text_0\': b\'Normal\', \'text_1\': b\'EVP service\', \'default_addr\': b\'\'}, address: 787288, fields: [\'_cache:None\', \'address:787288\', \'block_len:120\', \'comment:\', \'comment_addr:0\', \'conversion_type:7\', \'default_addr:0\', \'flags:0\', \'formula:\', "id:b\'##CC\'", \'inv_conv_addr:0\', \'is_user_defined:False\', \'links_nr:7\', \'max_phy_value:0.0\', \'min_phy_value:0.0\', \'name:\', \'name_addr:0\', \'precision:0\', \'ref_param_nr:3\', "referenced_blocks:{\'text_0\': b\'Normal\', \'text_1\': b\'EVP service\', \'default_addr\': b\'\'}", \'reserved0:0\', \'text_0:787216\', \'text_1:787248\', \'unit:\', \'unit_addr:0\', \'val_0:0.0\', \'val_1:1.0\', \'val_param_nr:2\'])>'
  - 组 'VCU_2'.VCU_VehRdySt_Rddy data_type: 7 vs 0
  - 组 'VCU_2'.VCU_VehRdySt_Rddy bit_count: 64 vs 1
  - 组 'VCU_2'.VCU_VehRdySt_Rddy flags: 0 vs 16
  - 组 'VCU_2'.VCU_VehRdySt_Rddy conversion: 'None' vs '<ChannelConversion (name: , unit: , comment: , formula: , referenced blocks: {\'text_0\': b\'Not ready\', \'text_1\': b\'Ready\', \'default_addr\': b\'\'}, address: 786680, fields: [\'_cache:None\', \'address:786680\', \'block_len:120\', \'comment:\', \'comment_addr:0\', \'conversion_type:7\', \'default_addr:0\', \'flags:0\', \'formula:\', "id:b\'##CC\'", \'inv_conv_addr:0\', \'is_user_defined:False\', \'links_nr:7\', \'max_phy_value:0.0\', \'min_phy_value:0.0\', \'name:\', \'name_addr:0\', \'precision:0\', \'ref_param_nr:3\', "referenced_blocks:{\'text_0\': b\'Not ready\', \'text_1\': b\'Ready\', \'default_addr\': b\'\'}", \'reserved0:0\', \'text_0:786608\', \'text_1:786648\', \'unit:\', \'unit_addr:0\', \'val_0:0.0\', \'val_1:1.0\', \'val_param_nr:2\'])>'
  - 组 'VCU_2'.VCU_VehCrusTgtSpd flags: 0 vs 16
  - 组 'VCU_2'.VCU_VehCrusTgtSpd conversion: 'None' vs '<ChannelConversion (name: , unit: km/h, comment: , formula: , referenced blocks: {}, address: 789912, fields: [\'_cache:None\', \'address:789912\', \'block_len:80\', \'comment:\', \'comment_addr:0\', \'conversion_type:0\', \'flags:0\', \'formula:\', "id:b\'##CC\'", \'inv_conv_addr:0\', \'is_user_defined:False\', \'links_nr:4\', \'max_phy_value:0.0\', \'min_phy_value:0.0\', \'name:\', \'name_addr:0\', \'precision:0\', \'ref_param_nr:0\', \'referenced_blocks:{}\', \'reserved0:0\', \'unit:km/h\', \'unit_addr:789880\', \'val_param_nr:0\'])>'
  - 组 'VCU_2'.VCU_GearLvl data_type: 7 vs 0
  - 组 'VCU_2'.VCU_GearLvl bit_count: 64 vs 4
  - 组 'VCU_2'.VCU_GearLvl flags: 0 vs 16
  - 组 'VCU_2'.VCU_GearLvl conversion: 'None' vs '<ChannelConversion (name: , unit: , comment: , formula: , referenced blocks: {\'text_0\': b\'Invalid;- others : reserved\', \'text_1\': b"\'D\' Drive gear", \'text_2\': b"\'N\' Neutral gear", \'text_3\': b"\'R\' Reverse gear", \'text_4\': b"\'P\' Park gear", \'default_addr\': b\'\'}, address: 792152, fields: [\'_cache:None\', \'address:792152\', \'block_len:168\', \'comment:\', \'comment_addr:0\', \'conversion_type:7\', \'default_addr:0\', \'flags:0\', \'formula:\', "id:b\'##CC\'", \'inv_conv_addr:0\', \'is_user_defined:False\', \'links_nr:10\', \'max_phy_value:0.0\', \'min_phy_value:0.0\', \'name:\', \'name_addr:0\', \'precision:0\', \'ref_param_nr:6\', \'referenced_blocks:{\\\'text_0\\\': b\\\'Invalid;- others : reserved\\\', \\\'text_1\\\': b"\\\'D\\\' Drive gear", \\\'text_2\\\': b"\\\'N\\\' Neutral gear", \\\'text_3\\\': b"\\\'R\\\' Reverse gear", \\\'text_4\\\': b"\\\'P\\\' Park gear", \\\'default_addr\\\': b\\\'\\\'}\', \'reserved0:0\', \'text_0:791920\', \'text_1:791976\', \'text_2:792016\', \'text_3:792064\', \'text_4:792112\', \'unit:\', \'unit_addr:0\', \'val_0:0.0\', \'val_1:1.0\', \'val_2:2.0\', \'val_3:3.0\', \'val_4:4.0\', \'val_param_nr:5\'])>'
  - 组 'VCU_2'.VCU_DischgSetInfo data_type: 7 vs 0
  - 组 'VCU_2'.VCU_DischgSetInfo bit_count: 64 vs 2
  - 组 'VCU_2'.VCU_DischgSetInfo flags: 0 vs 16
  - 组 'VCU_2'.VCU_DischgSetInfo conversion: 'None' vs '<ChannelConversion (name: , unit: , comment: , formula: , referenced blocks: {\'text_0\': b\'No information\', \'text_1\': b\'Set succeed,discharge allow\', \'text_2\': b\'SOC is lower than Set value, discharge not allow\', \'default_addr\': b\'\'}, address: 791352, fields: [\'_cache:None\', \'address:791352\', \'block_len:136\', \'comment:\', \'comment_addr:0\', \'conversion_type:7\', \'default_addr:0\', \'flags:0\', \'formula:\', "id:b\'##CC\'", \'inv_conv_addr:0\', \'is_user_defined:False\', \'links_nr:8\', \'max_phy_value:0.0\', \'min_phy_value:0.0\', \'name:\', \'name_addr:0\', \'precision:0\', \'ref_param_nr:4\', "referenced_blocks:{\'text_0\': b\'No information\', \'text_1\': b\'Set succeed,discharge allow\', \'text_2\': b\'SOC is lower than Set value, discharge not allow\', \'default_addr\': b\'\'}", \'reserved0:0\', \'text_0:791176\', \'text_1:791216\', \'text_2:791272\', \'unit:\', \'unit_addr:0\', \'val_0:0.0\', \'val_1:1.0\', \'val_2:2.0\', \'val_param_nr:3\'])>'
  - 组 'VCU_2'.VCU_PrecResHotMsg data_type: 7 vs 0
  - 组 'VCU_2'.VCU_PrecResHotMsg bit_count: 64 vs 2
  - 组 'VCU_2'.VCU_PrecResHotMsg flags: 0 vs 16
  - 组 'VCU_2'.VCU_PrecResHotMsg conversion: 'None' vs '<ChannelConversion (name: , unit: , comment: , formula: , referenced blocks: {\'text_0\': b\'No Fault;- others : reserved\', \'text_1\': b\'Frequent operation, try again later\', \'text_2\': b\'Allow re-powered up\', \'default_addr\': b\'\'}, address: 790592, fields: [\'_cache:None\', \'address:790592\', \'block_len:136\', \'comment:\', \'comment_addr:0\', \'conversion_type:7\', \'default_addr:0\', \'flags:0\', \'formula:\', "id:b\'##CC\'", \'inv_conv_addr:0\', \'is_user_defined:False\', \'links_nr:8\', \'max_phy_value:0.0\', \'min_phy_value:0.0\', \'name:\', \'name_addr:0\', \'precision:0\', \'ref_param_nr:4\', "referenced_blocks:{\'text_0\': b\'No Fault;- others : reserved\', \'text_1\': b\'Frequent operation, try again later\', \'text_2\': b\'Allow re-powered up\', \'default_addr\': b\'\'}", \'reserved0:0\', \'text_0:790424\', \'text_1:790480\', \'text_2:790544\', \'unit:\', \'unit_addr:0\', \'val_0:0.0\', \'val_1:1.0\', \'val_2:2.0\', \'val_param_nr:3\'])>'
  - 组 'VCU_2'.VCU_VehChgDischgSt data_type: 7 vs 0
  - 组 'VCU_2'.VCU_VehChgDischgSt bit_count: 64 vs 8
  - 组 'VCU_2'.VCU_VehChgDischgSt flags: 0 vs 16
  - 组 'VCU_2'.VCU_VehChgDischgSt conversion: 'None' vs '<ChannelConversion (name: , unit: , comment: , formula: , referenced blocks: {\'text_0\': b\'No message\', \'text_1\': b\'Preparing\', \'text_2\': b\'Charging\', \'text_3\': b\'Fully charged\', \'text_4\': b\'Charge end\', \'text_5\': b\'Charging facilities voltage is too low, please change to another charging facility\', \'text_6\': b\'Charge system fault\', \'text_7\': b\'Power equipment stop working\', \'text_8\': b\'Disharging\', \'text_9\': b\'Stop Discharging\', \'text_10\': b\'Discharge system fault\', \'text_11\': b\'Low power, discharge is unavailable\', \'text_12\': b\'Charging facility fault, please change another\', \'text_13\': b\'Low power, attention please\', \'text_14\': b\'Battery heating, charging rate rises after the heating is over\', \'text_15\': b\'Battery warming\', \'text_16\': b\'Remove the connector before start\', \'text_17\': b\'Charging(reactivation mode)\', \'text_18\': b\'Please connect load\', \'text_19\': b\'Connector over temperature, please change charging or discharging port\', \'text_20\': b\'Please check the connector\', \'text_21\': b\'Function startup failure,please reoperate\', \'text_22\': b\'Plug unlock failed,Please unlock again\', \'text_23\': b\'Unlock succeed,please remove the connector\', \'text_24\': b\'Operating mistake, please reoperate\', \'text_25\': b\'Remove the connectorbefore shift gears\', \'text_26\': b\'Charging(Discharging) system fault\', \'text_27\': b\'Waiting for charging appointment\', \'text_28\': b\'External equipment over load\', \'text_29\': b\'Plug lock failed,Power reduction charging\', \'text_30\': b\'Attention please,Plug lock failed\', \'text_31\': b\'Charging facilities voltage is too high, please change to AC charging\', \'text_32\': b\'Charging facilities voltage is too high, please change to another type DC charging\', \'text_33\': b\'Reset the value of discharge SOC\', \'text_34\': b\'Connect the plug ASAP\', \'text_35\': b\'Unlock succeed, please remove the connector, lock after three minutes, charging power is restored\', \'text_36\': b\'Caution, discharge is about to reach the set limit\', \'text_37\': b\'The battery heating function is limited. Please change to a higher power charger.\', \'text_38\': b\'The battery capacity is limited and will not discharge\', \'text_39\': b\'Discharge device stopped working\', \'default_addr\': b\'\'}, address: 795344, fields: [\'_cache:None\', \'address:795344\', \'block_len:728\', \'comment:\', \'comment_addr:0\', \'conversion_type:7\', \'default_addr:0\', \'flags:0\', \'formula:\', "id:b\'##CC\'", \'inv_conv_addr:0\', \'is_user_defined:False\', \'links_nr:45\', \'max_phy_value:0.0\', \'min_phy_value:0.0\', \'name:\', \'name_addr:0\', \'precision:0\', \'ref_param_nr:41\', "referenced_blocks:{\'text_0\': b\'No message\', \'text_1\': b\'Preparing\', \'text_2\': b\'Charging\', \'text_3\': b\'Fully charged\', \'text_4\': b\'Charge end\', \'text_5\': b\'Charging facilities voltage is too low, please change to another charging facility\', \'text_6\': b\'Charge system fault\', \'text_7\': b\'Power equipment stop working\', \'text_8\': b\'Disharging\', \'text_9\': b\'Stop Discharging\', \'text_10\': b\'Discharge system fault\', \'text_11\': b\'Low power, discharge is unavailable\', \'text_12\': b\'Charging facility fault, please change another\', \'text_13\': b\'Low power, attention please\', \'text_14\': b\'Battery heating, charging rate rises after the heating is over\', \'text_15\': b\'Battery warming\', \'text_16\': b\'Remove the connector before start\', \'text_17\': b\'Charging(reactivation mode)\', \'text_18\': b\'Please connect load\', \'text_19\': b\'Connector over temperature, please change charging or discharging port\', \'text_20\': b\'Please check the connector\', \'text_21\': b\'Function startup failure,please reoperate\', \'text_22\': b\'Plug unlock failed,Please unlock again\', \'text_23\': b\'Unlock succeed,please remove the connector\', \'text_24\': b\'Operating mistake, please reoperate\', \'text_25\': b\'Remove the connectorbefore shift gears\', \'text_26\': b\'Charging(Discharging) system fault\', \'text_27\': b\'Waiting for charging appointment\', \'text_28\': b\'External equipment over load\', \'text_29\': b\'Plug lock failed,Power reduction charging\', \'text_30\': b\'Attention please,Plug lock failed\', \'text_31\': b\'Charging facilities voltage is too high, please change to AC charging\', \'text_32\': b\'Charging facilities voltage is too high, please change to another type DC charging\', \'text_33\': b\'Reset the value of discharge SOC\', \'text_34\': b\'Connect the plug ASAP\', \'text_35\': b\'Unlock succeed, please remove the connector, lock after three minutes, charging power is restored\', \'text_36\': b\'Caution, discharge is about to reach the set limit\', \'text_37\': b\'The battery heating function is limited. Please change to a higher power charger.\', \'text_38\': b\'The battery capacity is limited and will not discharge\', \'text_39\': b\'Discharge device stopped working\', \'default_addr\': b\'\'}", \'reserved0:0\', \'text_0:792712\', \'text_1:792752\', \'text_10:793216\', \'text_11:793264\', \'text_12:793328\', \'text_13:793400\', \'text_14:793456\', \'text_15:793544\', \'text_16:793584\', \'text_17:793648\', \'text_18:793704\', \'text_19:793752\', \'text_2:792792\', \'text_20:793848\', \'text_21:793904\', \'text_22:793976\', \'text_23:794040\', \'text_24:794112\', \'text_25:794176\', \'text_26:794240\', \'text_27:794304\', \'text_28:794368\', \'text_29:794424\', \'text_3:792832\', \'text_30:794496\', \'text_31:794560\', \'text_32:794656\', \'text_33:794768\', \'text_34:794832\', \'text_35:794880\', \'text_36:795008\', \'text_37:795088\', \'text_38:795200\', \'text_39:795280\', \'text_4:792872\', \'text_5:792912\', \'text_6:793024\', \'text_7:793072\', \'text_8:793128\', \'text_9:793168\', \'unit:\', \'unit_addr:0\', \'val_0:0.0\', \'val_1:1.0\', \'val_10:10.0\', \'val_11:11.0\', \'val_12:12.0\', \'val_13:13.0\', \'val_14:14.0\', \'val_15:15.0\', \'val_16:16.0\', \'val_17:17.0\', \'val_18:18.0\', \'val_19:19.0\', \'val_2:2.0\', \'val_20:20.0\', \'val_21:21.0\', \'val_22:22.0\', \'val_23:23.0\', \'val_24:24.0\', \'val_25:25.0\', \'val_26:26.0\', \'val_27:27.0\', \'val_28:28.0\', \'val_29:29.0\', \'val_3:3.0\', \'val_30:30.0\', \'val_31:31.0\', \'val_32:32.0\', \'val_33:33.0\', \'val_34:34.0\', \'val_35:35.0\', \'val_36:36.0\', \'val_37:37.0\', \'val_38:38.0\', \'val_39:39.0\', \'val_4:4.0\', \'val_5:5.0\', \'val_6:6.0\', \'val_7:7.0\', \'val_8:8.0\', \'val_9:9.0\', \'val_param_nr:40\'])>'
  - 组 'VCU_2'.VCU_ChgTimeDspType data_type: 7 vs 0
  - 组 'VCU_2'.VCU_ChgTimeDspType bit_count: 64 vs 3
  - 组 'VCU_2'.VCU_ChgTimeDspType flags: 0 vs 16
  - 组 'VCU_2'.VCU_ChgTimeDspType conversion: 'None' vs '<ChannelConversion (name: , unit: , comment: , formula: , referenced blocks: {\'text_0\': b\'Null;- others : reserved\', \'text_1\': b\'Book charge\', \'text_2\': b\'Charging\', \'text_3\': b\'Invalid time\', \'default_addr\': b\'\'}, address: 798760, fields: [\'_cache:None\', \'address:798760\', \'block_len:152\', \'comment:\', \'comment_addr:0\', \'conversion_type:7\', \'default_addr:0\', \'flags:0\', \'formula:\', "id:b\'##CC\'", \'inv_conv_addr:0\', \'is_user_defined:False\', \'links_nr:9\', \'max_phy_value:0.0\', \'min_phy_value:0.0\', \'name:\', \'name_addr:0\', \'precision:0\', \'ref_param_nr:5\', "referenced_blocks:{\'text_0\': b\'Null;- others : reserved\', \'text_1\': b\'Book charge\', \'text_2\': b\'Charging\', \'text_3\': b\'Invalid time\', \'default_addr\': b\'\'}", \'reserved0:0\', \'text_0:798584\', \'text_1:798640\', \'text_2:798680\', \'text_3:798720\', \'unit:\', \'unit_addr:0\', \'val_0:0.0\', \'val_1:1.0\', \'val_2:2.0\', \'val_3:3.0\', \'val_param_nr:4\'])>'
  - 组 'VCU_2'.VCU_VehAvailDriveStMsgWarn data_type: 7 vs 0
  - 组 'VCU_2'.VCU_VehAvailDriveStMsgWarn bit_count: 64 vs 1
  - 组 'VCU_2'.VCU_VehAvailDriveStMsgWarn flags: 0 vs 16
  - 组 'VCU_2'.VCU_VehAvailDriveStMsgWarn conversion: 'None' vs '<ChannelConversion (name: , unit: , comment: , formula: , referenced blocks: {\'text_0\': b\'No request\', \'text_1\': b\'Available drive state warn\', \'default_addr\': b\'\'}, address: 798024, fields: [\'_cache:None\', \'address:798024\', \'block_len:120\', \'comment:\', \'comment_addr:0\', \'conversion_type:7\', \'default_addr:0\', \'flags:0\', \'formula:\', "id:b\'##CC\'", \'inv_conv_addr:0\', \'is_user_defined:False\', \'links_nr:7\', \'max_phy_value:0.0\', \'min_phy_value:0.0\', \'name:\', \'name_addr:0\', \'precision:0\', \'ref_param_nr:3\', "referenced_blocks:{\'text_0\': b\'No request\', \'text_1\': b\'Available drive state warn\', \'default_addr\': b\'\'}", \'reserved0:0\', \'text_0:797928\', \'text_1:797968\', \'unit:\', \'unit_addr:0\', \'val_0:0.0\', \'val_1:1.0\', \'val_param_nr:2\'])>'
  - 组 'VCU_2'.VCU_DerateLampSt data_type: 7 vs 0
  - 组 'VCU_2'.VCU_DerateLampSt bit_count: 64 vs 2
  - 组 'VCU_2'.VCU_DerateLampSt flags: 0 vs 16
  - 组 'VCU_2'.VCU_DerateLampSt conversion: 'None' vs '<ChannelConversion (name: , unit: , comment: , formula: , referenced blocks: {\'text_0\': b\'Lamp off;- others : reserved\', \'text_1\': b\'Lamp on\', \'text_2\': b\'Lamp blink\', \'default_addr\': b\'\'}, address: 797264, fields: [\'_cache:None\', \'address:797264\', \'block_len:136\', \'comment:\', \'comment_addr:0\', \'conversion_type:7\', \'default_addr:0\', \'flags:0\', \'formula:\', "id:b\'##CC\'", \'inv_conv_addr:0\', \'is_user_defined:False\', \'links_nr:8\', \'max_phy_value:0.0\', \'min_phy_value:0.0\', \'name:\', \'name_addr:0\', \'precision:0\', \'ref_param_nr:4\', "referenced_blocks:{\'text_0\': b\'Lamp off;- others : reserved\', \'text_1\': b\'Lamp on\', \'text_2\': b\'Lamp blink\', \'default_addr\': b\'\'}", \'reserved0:0\', \'text_0:797136\', \'text_1:797192\', \'text_2:797224\', \'unit:\', \'unit_addr:0\', \'val_0:0.0\', \'val_1:1.0\', \'val_2:2.0\', \'val_param_nr:3\'])>'
  - 组 'VCU_2'.VCU_PlgConnSt data_type: 7 vs 0
  - 组 'VCU_2'.VCU_PlgConnSt bit_count: 64 vs 1
  - 组 'VCU_2'.VCU_PlgConnSt flags: 0 vs 16
  - 组 'VCU_2'.VCU_PlgConnSt conversion: 'None' vs '<ChannelConversion (name: , unit: , comment: , formula: , referenced blocks: {\'text_0\': b\'Not connected\', \'text_1\': b\'Plug connector connected\', \'default_addr\': b\'\'}, address: 796608, fields: [\'_cache:None\', \'address:796608\', \'block_len:120\', \'comment:\', \'comment_addr:0\', \'conversion_type:7\', \'default_addr:0\', \'flags:0\', \'formula:\', "id:b\'##CC\'", \'inv_conv_addr:0\', \'is_user_defined:False\', \'links_nr:7\', \'max_phy_value:0.0\', \'min_phy_value:0.0\', \'name:\', \'name_addr:0\', \'precision:0\', \'ref_param_nr:3\', "referenced_blocks:{\'text_0\': b\'Not connected\', \'text_1\': b\'Plug connector connected\', \'default_addr\': b\'\'}", \'reserved0:0\', \'text_0:796512\', \'text_1:796552\', \'unit:\', \'unit_addr:0\', \'val_0:0.0\', \'val_1:1.0\', \'val_param_nr:2\'])>'
  - 组 'VCU_2'.VCU_VehPwrDisp data_type: 4 vs 0
  - 组 'VCU_2'.VCU_VehPwrDisp bit_count: 64 vs 8
  - 组 'VCU_2'.VCU_VehPwrDisp flags: 0 vs 16
  - 组 'VCU_2'.VCU_VehPwrDisp conversion: 'None' vs '<ChannelConversion (name: , unit: %, comment: , formula: , referenced blocks: {}, address: 799352, fields: [\'_cache:None\', \'a:1.0\', \'address:799352\', \'b:-100.0\', \'block_len:96\', \'comment:\', \'comment_addr:0\', \'conversion_type:1\', \'flags:0\', \'formula:\', "id:b\'##CC\'", \'inv_conv_addr:0\', \'is_user_defined:False\', \'links_nr:4\', \'max_phy_value:0.0\', \'min_phy_value:0.0\', \'name:\', \'name_addr:0\', \'precision:0\', \'ref_param_nr:0\', \'referenced_blocks:{}\', \'reserved0:0\', \'unit:%\', \'unit_addr:799320\', \'val_param_nr:2\'])>'
  - 组 'VCU_2'.VCU_ARBSt data_type: 7 vs 0
  - 组 'VCU_2'.VCU_ARBSt bit_count: 64 vs 3
  - 组 'VCU_2'.VCU_ARBSt flags: 0 vs 16
  - 组 'VCU_2'.VCU_ARBSt conversion: 'None' vs '<ChannelConversion (name: , unit: , comment: , formula: , referenced blocks: {\'text_0\': b\'ARB off (ARB Lamp off+HOLD Lamp off);- others : reserved\', \'text_1\': b\'ARB on (ARB Lamp green+HOLD Lamp off)\', \'text_2\': b\'ARB active ((ARB Lamp green+HOLD Lamp green)\', \'text_3\': b\'ARB active and HOLD flashing (ARB Lamp green +HOLD flashing)\', \'text_4\': b\'ARB can not active (ARB Lamp white+HOLD Lamp off)\', \'default_addr\': b\'\'}, address: 800248, fields: [\'_cache:None\', \'address:800248\', \'block_len:168\', \'comment:\', \'comment_addr:0\', \'conversion_type:7\', \'default_addr:0\', \'flags:0\', \'formula:\', "id:b\'##CC\'", \'inv_conv_addr:0\', \'is_user_defined:False\', \'links_nr:10\', \'max_phy_value:0.0\', \'min_phy_value:0.0\', \'name:\', \'name_addr:0\', \'precision:0\', \'ref_param_nr:6\', "referenced_blocks:{\'text_0\': b\'ARB off (ARB Lamp off+HOLD Lamp off);- others : reserved\', \'text_1\': b\'ARB on (ARB Lamp green+HOLD Lamp off)\', \'text_2\': b\'ARB active ((ARB Lamp green+HOLD Lamp green)\', \'text_3\': b\'ARB active and HOLD flashing (ARB Lamp green +HOLD flashing)\', \'text_4\': b\'ARB can not active (ARB Lamp white+HOLD Lamp off)\', \'default_addr\': b\'\'}", \'reserved0:0\', \'text_0:799856\', \'text_1:799944\', \'text_2:800008\', \'text_3:800080\', \'text_4:800168\', \'unit:\', \'unit_addr:0\', \'val_0:0.0\', \'val_1:1.0\', \'val_2:2.0\', \'val_3:3.0\', \'val_4:4.0\', \'val_param_nr:5\'])>'
  - 组 'VCU_2'.VCU_RngwghdVAL bit_count: 16 vs 11
  - 组 'VCU_2'.VCU_RngwghdVAL flags: 0 vs 16
  - 组 'VCU_2'.VCU_RngwghdVAL conversion: 'None' vs '<ChannelConversion (name: , unit: km, comment: , formula: , referenced blocks: {}, address: 801536, fields: [\'_cache:None\', \'address:801536\', \'block_len:80\', \'comment:\', \'comment_addr:0\', \'conversion_type:0\', \'flags:0\', \'formula:\', "id:b\'##CC\'", \'inv_conv_addr:0\', \'is_user_defined:False\', \'links_nr:4\', \'max_phy_value:0.0\', \'min_phy_value:0.0\', \'name:\', \'name_addr:0\', \'precision:0\', \'ref_param_nr:0\', \'referenced_blocks:{}\', \'reserved0:0\', \'unit:km\', \'unit_addr:801504\', \'val_param_nr:0\'])>'
  - 组 'VCU_2'.VCU_ChgPlugRelSt data_type: 7 vs 0
  - 组 'VCU_2'.VCU_ChgPlugRelSt bit_count: 64 vs 2
  - 组 'VCU_2'.VCU_ChgPlugRelSt flags: 0 vs 16
  - 组 'VCU_2'.VCU_ChgPlugRelSt conversion: 'None' vs '<ChannelConversion (name: , unit: , comment: , formula: , referenced blocks: {\'text_0\': b\'Invalid\', \'text_1\': b\'Auto lock(ON)\', \'text_2\': b\'Auto unlock(OFF)\', \'default_addr\': b\'\'}, address: 800928, fields: [\'_cache:None\', \'address:800928\', \'block_len:136\', \'comment:\', \'comment_addr:0\', \'conversion_type:7\', \'default_addr:0\', \'flags:0\', \'formula:\', "id:b\'##CC\'", \'inv_conv_addr:0\', \'is_user_defined:False\', \'links_nr:8\', \'max_phy_value:0.0\', \'min_phy_value:0.0\', \'name:\', \'name_addr:0\', \'precision:0\', \'ref_param_nr:4\', "referenced_blocks:{\'text_0\': b\'Invalid\', \'text_1\': b\'Auto lock(ON)\', \'text_2\': b\'Auto unlock(OFF)\', \'default_addr\': b\'\'}", \'reserved0:0\', \'text_0:800808\', \'text_1:800840\', \'text_2:800880\', \'unit:\', \'unit_addr:0\', \'val_0:0.0\', \'val_1:1.0\', \'val_2:2.0\', \'val_param_nr:3\'])>'
  - 组 'VCU_2'.VCU_GearPosition data_type: 7 vs 0
  - 组 'VCU_2'.VCU_GearPosition bit_count: 64 vs 3
  - 组 'VCU_2'.VCU_GearPosition flags: 0 vs 16
  - 组 'VCU_2'.VCU_GearPosition conversion: 'None' vs '<ChannelConversion (name: , unit: , comment: , formula: , referenced blocks: {\'text_0\': b\'Undefined;- others : reserved\', \'text_1\': b\'P_Pending\', \'text_2\': b"\'P\' Park gear", \'text_3\': b"\'N\' Neutral gear", \'text_4\': b"\'R\' Reverse gear", \'text_5\': b"\'D\' Drive gear", \'text_6\': b"EPB Locking failure, return \'N\' gear", \'default_addr\': b\'\'}, address: 803568, fields: [\'_cache:None\', \'address:803568\', \'block_len:200\', \'comment:\', \'comment_addr:0\', \'conversion_type:7\', \'default_addr:0\', \'flags:0\', \'formula:\', "id:b\'##CC\'", \'inv_conv_addr:0\', \'is_user_defined:False\', \'links_nr:12\', \'max_phy_value:0.0\', \'min_phy_value:0.0\', \'name:\', \'name_addr:0\', \'precision:0\', \'ref_param_nr:8\', \'referenced_blocks:{\\\'text_0\\\': b\\\'Undefined;- others : reserved\\\', \\\'text_1\\\': b\\\'P_Pending\\\', \\\'text_2\\\': b"\\\'P\\\' Park gear", \\\'text_3\\\': b"\\\'N\\\' Neutral gear", \\\'text_4\\\': b"\\\'R\\\' Reverse gear", \\\'text_5\\\': b"\\\'D\\\' Drive gear", \\\'text_6\\\': b"EPB Locking failure, return \\\'N\\\' gear", \\\'default_addr\\\': b\\\'\\\'}\', \'reserved0:0\', \'text_0:803232\', \'text_1:803288\', \'text_2:803328\', \'text_3:803368\', \'text_4:803416\', \'text_5:803464\', \'text_6:803504\', \'unit:\', \'unit_addr:0\', \'val_0:0.0\', \'val_1:1.0\', \'val_2:2.0\', \'val_3:3.0\', \'val_4:4.0\', \'val_5:5.0\', \'val_6:6.0\', \'val_param_nr:7\'])>'
  - 组 'VCU_2'.VCU_LVBatFillSt data_type: 7 vs 0
  - 组 'VCU_2'.VCU_LVBatFillSt bit_count: 64 vs 4
  - 组 'VCU_2'.VCU_LVBatFillSt flags: 0 vs 16
  - 组 'VCU_2'.VCU_LVBatFillSt conversion: 'None' vs '<ChannelConversion (name: , unit: , comment: , formula: , referenced blocks: {\'text_0\': b\'Not active\', \'text_1\': b\'Ongoing\', \'text_2\': b\'Rejected : Low Power\', \'text_3\': b\'Rejected : Vehicle is ready\', \'text_4\': b\'Rejected : Error\', \'text_5\': b\'Aborted : Low power\', \'text_6\': b\'Aborted : Crank received\', \'text_7\': b\'Aborted : Energy accumulation\', \'text_8\': b\'Aborted : Max time reached\', \'text_9\': b\'Aborted : Error\', \'text_10\': b\'Stop : Received stop request\', \'default_addr\': b\'\'}, address: 802552, fields: [\'_cache:None\', \'address:802552\', \'block_len:264\', \'comment:\', \'comment_addr:0\', \'conversion_type:7\', \'default_addr:0\', \'flags:0\', \'formula:\', "id:b\'##CC\'", \'inv_conv_addr:0\', \'is_user_defined:False\', \'links_nr:16\', \'max_phy_value:0.0\', \'min_phy_value:0.0\', \'name:\', \'name_addr:0\', \'precision:0\', \'ref_param_nr:12\', "referenced_blocks:{\'text_0\': b\'Not active\', \'text_1\': b\'Ongoing\', \'text_2\': b\'Rejected : Low Power\', \'text_3\': b\'Rejected : Vehicle is ready\', \'text_4\': b\'Rejected : Error\', \'text_5\': b\'Aborted : Low power\', \'text_6\': b\'Aborted : Crank received\', \'text_7\': b\'Aborted : Energy accumulation\', \'text_8\': b\'Aborted : Max time reached\', \'text_9\': b\'Aborted : Error\', \'text_10\': b\'Stop : Received stop request\', \'default_addr\': b\'\'}", \'reserved0:0\', \'text_0:802016\', \'text_1:802056\', \'text_10:802496\', \'text_2:802088\', \'text_3:802136\', \'text_4:802192\', \'text_5:802240\', \'text_6:802288\', \'text_7:802344\', \'text_8:802400\', \'text_9:802456\', \'unit:\', \'unit_addr:0\', \'val_0:0.0\', \'val_1:1.0\', \'val_10:10.0\', \'val_2:2.0\', \'val_3:3.0\', \'val_4:4.0\', \'val_5:5.0\', \'val_6:6.0\', \'val_7:7.0\', \'val_8:8.0\', \'val_9:9.0\', \'val_param_nr:11\'])>'
  - 组 'VCU_2'.VCU_DCU_BoostChgTargCurr data_type: 4 vs 0
  - 组 'VCU_2'.VCU_DCU_BoostChgTargCurr bit_count: 64 vs 12
  - 组 'VCU_2'.VCU_DCU_BoostChgTargCurr flags: 0 vs 16
  - 组 'VCU_2'.VCU_DCU_BoostChgTargCurr conversion: 'None' vs '<ChannelConversion (name: , unit: A, comment: , formula: , referenced blocks: {}, address: 805888, fields: [\'_cache:None\', \'a:0.1\', \'address:805888\', \'b:0.0\', \'block_len:96\', \'comment:\', \'comment_addr:0\', \'conversion_type:1\', \'flags:0\', \'formula:\', "id:b\'##CC\'", \'inv_conv_addr:0\', \'is_user_defined:False\', \'links_nr:4\', \'max_phy_value:0.0\', \'min_phy_value:0.0\', \'name:\', \'name_addr:0\', \'precision:0\', \'ref_param_nr:0\', \'referenced_blocks:{}\', \'reserved0:0\', \'unit:A\', \'unit_addr:805856\', \'val_param_nr:2\'])>'
  - 组 'VCU_2'.VCU_IDC_VehSwapModIntf data_type: 7 vs 0
  - 组 'VCU_2'.VCU_IDC_VehSwapModIntf bit_count: 64 vs 4
  - 组 'VCU_2'.VCU_IDC_VehSwapModIntf flags: 0 vs 16
  - 组 'VCU_2'.VCU_IDC_VehSwapModIntf conversion: 'None' vs '<ChannelConversion (name: , unit: , comment: , formula: , referenced blocks: {\'text_0\': b\'Invalid\', \'text_1\': b\'Authorization interface\', \'text_2\': b\'Swap wait interface\', \'text_3\': b\'Swap prepare interface\', \'text_4\': b\'Swap work interface\', \'text_5\': b\'Swap pause interface\', \'text_6\': b\'Swap complete1 interface\', \'text_7\': b\'Swap complete2 interface\', \'text_8\': b\'quit interface\', \'default_addr\': b\'\'}, address: 805216, fields: [\'_cache:None\', \'address:805216\', \'block_len:232\', \'comment:\', \'comment_addr:0\', \'conversion_type:7\', \'default_addr:0\', \'flags:0\', \'formula:\', "id:b\'##CC\'", \'inv_conv_addr:0\', \'is_user_defined:False\', \'links_nr:14\', \'max_phy_value:0.0\', \'min_phy_value:0.0\', \'name:\', \'name_addr:0\', \'precision:0\', \'ref_param_nr:10\', "referenced_blocks:{\'text_0\': b\'Invalid\', \'text_1\': b\'Authorization interface\', \'text_2\': b\'Swap wait interface\', \'text_3\': b\'Swap prepare interface\', \'text_4\': b\'Swap work interface\', \'text_5\': b\'Swap pause interface\', \'text_6\': b\'Swap complete1 interface\', \'text_7\': b\'Swap complete2 interface\', \'text_8\': b\'quit interface\', \'default_addr\': b\'\'}", \'reserved0:0\', \'text_0:804792\', \'text_1:804824\', \'text_2:804872\', \'text_3:804920\', \'text_4:804968\', \'text_5:805016\', \'text_6:805064\', \'text_7:805120\', \'text_8:805176\', \'unit:\', \'unit_addr:0\', \'val_0:0.0\', \'val_1:1.0\', \'val_2:2.0\', \'val_3:3.0\', \'val_4:4.0\', \'val_5:5.0\', \'val_6:6.0\', \'val_7:7.0\', \'val_8:8.0\', \'val_param_nr:9\'])>'
  - 组 'VCU_2'.VCU_IDC_VehSwapModReq data_type: 7 vs 0
  - 组 'VCU_2'.VCU_IDC_VehSwapModReq bit_count: 64 vs 1
  - 组 'VCU_2'.VCU_IDC_VehSwapModReq flags: 0 vs 16
  - 组 'VCU_2'.VCU_IDC_VehSwapModReq conversion: 'None' vs '<ChannelConversion (name: , unit: , comment: , formula: , referenced blocks: {\'text_0\': b\'Not request\', \'text_1\': b\'Request\', \'default_addr\': b\'\'}, address: 804240, fields: [\'_cache:None\', \'address:804240\', \'block_len:120\', \'comment:\', \'comment_addr:0\', \'conversion_type:7\', \'default_addr:0\', \'flags:0\', \'formula:\', "id:b\'##CC\'", \'inv_conv_addr:0\', \'is_user_defined:False\', \'links_nr:7\', \'max_phy_value:0.0\', \'min_phy_value:0.0\', \'name:\', \'name_addr:0\', \'precision:0\', \'ref_param_nr:3\', "referenced_blocks:{\'text_0\': b\'Not request\', \'text_1\': b\'Request\', \'default_addr\': b\'\'}", \'reserved0:0\', \'text_0:804168\', \'text_1:804208\', \'unit:\', \'unit_addr:0\', \'val_0:0.0\', \'val_1:1.0\', \'val_param_nr:2\'])>'
  - 组 'VCU_2'.VCU_IDC_VehSwapModResp data_type: 7 vs 0
  - 组 'VCU_2'.VCU_IDC_VehSwapModResp bit_count: 64 vs 2
  - 组 'VCU_2'.VCU_IDC_VehSwapModResp flags: 0 vs 16
  - 组 'VCU_2'.VCU_IDC_VehSwapModResp conversion: 'None' vs '<ChannelConversion (name: , unit: , comment: , formula: , referenced blocks: {\'text_0\': b\'No command\', \'text_1\': b\'Swap mode OFF\', \'text_2\': b\'Swap mode ON\', \'default_addr\': b\'\'}, address: 807160, fields: [\'_cache:None\', \'address:807160\', \'block_len:136\', \'comment:\', \'comment_addr:0\', \'conversion_type:7\', \'default_addr:0\', \'flags:0\', \'formula:\', "id:b\'##CC\'", \'inv_conv_addr:0\', \'is_user_defined:False\', \'links_nr:8\', \'max_phy_value:0.0\', \'min_phy_value:0.0\', \'name:\', \'name_addr:0\', \'precision:0\', \'ref_param_nr:4\', "referenced_blocks:{\'text_0\': b\'No command\', \'text_1\': b\'Swap mode OFF\', \'text_2\': b\'Swap mode ON\', \'default_addr\': b\'\'}", \'reserved0:0\', \'text_0:807040\', \'text_1:807080\', \'text_2:807120\', \'unit:\', \'unit_addr:0\', \'val_0:0.0\', \'val_1:1.0\', \'val_2:2.0\', \'val_param_nr:3\'])>'
  - 组 'VCU_2'.VCU_IDC_VehSwapModAvai data_type: 7 vs 0
  - 组 'VCU_2'.VCU_IDC_VehSwapModAvai bit_count: 64 vs 1
  - 组 'VCU_2'.VCU_IDC_VehSwapModAvai flags: 0 vs 16
  - 组 'VCU_2'.VCU_IDC_VehSwapModAvai conversion: 'None' vs '<ChannelConversion (name: , unit: , comment: , formula: , referenced blocks: {\'text_0\': b\'Not Available\', \'text_1\': b\'Available\', \'default_addr\': b\'\'}, address: 806496, fields: [\'_cache:None\', \'address:806496\', \'block_len:120\', \'comment:\', \'comment_addr:0\', \'conversion_type:7\', \'default_addr:0\', \'flags:0\', \'formula:\', "id:b\'##CC\'", \'inv_conv_addr:0\', \'is_user_defined:False\', \'links_nr:7\', \'max_phy_value:0.0\', \'min_phy_value:0.0\', \'name:\', \'name_addr:0\', \'precision:0\', \'ref_param_nr:3\', "referenced_blocks:{\'text_0\': b\'Not Available\', \'text_1\': b\'Available\', \'default_addr\': b\'\'}", \'reserved0:0\', \'text_0:806416\', \'text_1:806456\', \'unit:\', \'unit_addr:0\', \'val_0:0.0\', \'val_1:1.0\', \'val_param_nr:2\'])>'
  - 组 'VCU_2'.VCU_ACChPlgSt bit_count: 8 vs 2
  - 组 'VCU_2'.VCU_ACChPlgSt flags: 0 vs 16
  - 组 'VCU_2'.VCU_LVBatMntnSt data_type: 7 vs 0
  - 组 'VCU_2'.VCU_LVBatMntnSt bit_count: 64 vs 3
  - 组 'VCU_2'.VCU_LVBatMntnSt flags: 0 vs 16
  - 组 'VCU_2'.VCU_LVBatMntnSt conversion: 'None' vs '<ChannelConversion (name: , unit: , comment: , formula: , referenced blocks: {\'text_0\': b\'not active;- others : reserved\', \'text_1\': b\'Ongoing\', \'text_2\': b\'Rejected\', \'text_3\': b\'Aborted\', \'default_addr\': b\'\'}, address: 808704, fields: [\'_cache:None\', \'address:808704\', \'block_len:152\', \'comment:\', \'comment_addr:0\', \'conversion_type:7\', \'default_addr:0\', \'flags:0\', \'formula:\', "id:b\'##CC\'", \'inv_conv_addr:0\', \'is_user_defined:False\', \'links_nr:9\', \'max_phy_value:0.0\', \'min_phy_value:0.0\', \'name:\', \'name_addr:0\', \'precision:0\', \'ref_param_nr:5\', "referenced_blocks:{\'text_0\': b\'not active;- others : reserved\', \'text_1\': b\'Ongoing\', \'text_2\': b\'Rejected\', \'text_3\': b\'Aborted\', \'default_addr\': b\'\'}", \'reserved0:0\', \'text_0:808544\', \'text_1:808600\', \'text_2:808632\', \'text_3:808672\', \'unit:\', \'unit_addr:0\', \'val_0:0.0\', \'val_1:1.0\', \'val_2:2.0\', \'val_3:3.0\', \'val_param_nr:4\'])>'
  - 组 'VCU_2'.VCU_RemoteCabinAndSeatSt data_type: 7 vs 0
  - 组 'VCU_2'.VCU_RemoteCabinAndSeatSt bit_count: 64 vs 2
  - 组 'VCU_2'.VCU_RemoteCabinAndSeatSt flags: 0 vs 16
  - 组 'VCU_2'.VCU_RemoteCabinAndSeatSt conversion: 'None' vs '<ChannelConversion (name: , unit: , comment: , formula: , referenced blocks: {\'text_0\': b\'No Possible\', \'text_1\': b\'Only Seat ventilation heating possible\', \'text_2\': b\'Both possible\', \'text_3\': b\'Only Cabin precondition possible\', \'default_addr\': b\'\'}, address: 807904, fields: [\'_cache:None\', \'address:807904\', \'block_len:152\', \'comment:\', \'comment_addr:0\', \'conversion_type:7\', \'default_addr:0\', \'flags:0\', \'formula:\', "id:b\'##CC\'", \'inv_conv_addr:0\', \'is_user_defined:False\', \'links_nr:9\', \'max_phy_value:0.0\', \'min_phy_value:0.0\', \'name:\', \'name_addr:0\', \'precision:0\', \'ref_param_nr:5\', "referenced_blocks:{\'text_0\': b\'No Possible\', \'text_1\': b\'Only Seat ventilation heating possible\', \'text_2\': b\'Both possible\', \'text_3\': b\'Only Cabin precondition possible\', \'default_addr\': b\'\'}", \'reserved0:0\', \'text_0:807696\', \'text_1:807736\', \'text_2:807800\', \'text_3:807840\', \'unit:\', \'unit_addr:0\', \'val_0:0.0\', \'val_1:1.0\', \'val_2:2.0\', \'val_3:3.0\', \'val_param_nr:4\'])>'
  - 组 'VCU_2'.VCU_EVPTime bit_count: 16 vs 11
  - 组 'VCU_2'.VCU_EVPTime flags: 0 vs 16
  - 组 'VCU_2'.VCU_EVPTime conversion: 'None' vs '<ChannelConversion (name: , unit: h, comment: , formula: , referenced blocks: {}, address: 811664, fields: [\'_cache:None\', \'address:811664\', \'block_len:80\', \'comment:\', \'comment_addr:0\', \'conversion_type:0\', \'flags:0\', \'formula:\', "id:b\'##CC\'", \'inv_conv_addr:0\', \'is_user_defined:False\', \'links_nr:4\', \'max_phy_value:0.0\', \'min_phy_value:0.0\', \'name:\', \'name_addr:0\', \'precision:0\', \'ref_param_nr:0\', \'referenced_blocks:{}\', \'reserved0:0\', \'unit:h\', \'unit_addr:811632\', \'val_param_nr:0\'])>'
  - 组 'VCU_2'.VCU_RemoteReleased data_type: 7 vs 0
  - 组 'VCU_2'.VCU_RemoteReleased bit_count: 64 vs 2
  - 组 'VCU_2'.VCU_RemoteReleased flags: 0 vs 16
  - 组 'VCU_2'.VCU_RemoteReleased conversion: 'None' vs '<ChannelConversion (name: , unit: , comment: , formula: , referenced blocks: {\'text_0\': b\'Not used;- others : reserved\', \'text_1\': b\'VCU locked\', \'text_2\': b\'VCU released\', \'default_addr\': b\'\'}, address: 811072, fields: [\'_cache:None\', \'address:811072\', \'block_len:136\', \'comment:\', \'comment_addr:0\', \'conversion_type:7\', \'default_addr:0\', \'flags:0\', \'formula:\', "id:b\'##CC\'", \'inv_conv_addr:0\', \'is_user_defined:False\', \'links_nr:8\', \'max_phy_value:0.0\', \'min_phy_value:0.0\', \'name:\', \'name_addr:0\', \'precision:0\', \'ref_param_nr:4\', "referenced_blocks:{\'text_0\': b\'Not used;- others : reserved\', \'text_1\': b\'VCU locked\', \'text_2\': b\'VCU released\', \'default_addr\': b\'\'}", \'reserved0:0\', \'text_0:810936\', \'text_1:810992\', \'text_2:811032\', \'unit:\', \'unit_addr:0\', \'val_0:0.0\', \'val_1:1.0\', \'val_2:2.0\', \'val_param_nr:3\'])>'
  - 组 'VCU_2'.VCU_RemoteMonitorSt data_type: 7 vs 0
  - 组 'VCU_2'.VCU_RemoteMonitorSt bit_count: 64 vs 1
  - 组 'VCU_2'.VCU_RemoteMonitorSt flags: 0 vs 16
  - 组 'VCU_2'.VCU_RemoteMonitorSt conversion: 'None' vs '<ChannelConversion (name: , unit: , comment: , formula: , referenced blocks: {\'text_0\': b\'No possible\', \'text_1\': b\'Possible\', \'default_addr\': b\'\'}, address: 810400, fields: [\'_cache:None\', \'address:810400\', \'block_len:120\', \'comment:\', \'comment_addr:0\', \'conversion_type:7\', \'default_addr:0\', \'flags:0\', \'formula:\', "id:b\'##CC\'", \'inv_conv_addr:0\', \'is_user_defined:False\', \'links_nr:7\', \'max_phy_value:0.0\', \'min_phy_value:0.0\', \'name:\', \'name_addr:0\', \'precision:0\', \'ref_param_nr:3\', "referenced_blocks:{\'text_0\': b\'No possible\', \'text_1\': b\'Possible\', \'default_addr\': b\'\'}", \'reserved0:0\', \'text_0:810320\', \'text_1:810360\', \'unit:\', \'unit_addr:0\', \'val_0:0.0\', \'val_1:1.0\', \'val_param_nr:2\'])>'
  - 组 'VCU_2'.VCU_BDataUploadReq data_type: 7 vs 0
  - 组 'VCU_2'.VCU_BDataUploadReq bit_count: 64 vs 1
  - 组 'VCU_2'.VCU_BDataUploadReq flags: 0 vs 16
  - 组 'VCU_2'.VCU_BDataUploadReq conversion: 'None' vs '<ChannelConversion (name: , unit: , comment: , formula: , referenced blocks: {\'text_0\': b\'No request\', \'text_1\': b\'Upload request\', \'default_addr\': b\'\'}, address: 809760, fields: [\'_cache:None\', \'address:809760\', \'block_len:120\', \'comment:\', \'comment_addr:0\', \'conversion_type:7\', \'default_addr:0\', \'flags:0\', \'formula:\', "id:b\'##CC\'", \'inv_conv_addr:0\', \'is_user_defined:False\', \'links_nr:7\', \'max_phy_value:0.0\', \'min_phy_value:0.0\', \'name:\', \'name_addr:0\', \'precision:0\', \'ref_param_nr:3\', "referenced_blocks:{\'text_0\': b\'No request\', \'text_1\': b\'Upload request\', \'default_addr\': b\'\'}", \'reserved0:0\', \'text_0:809680\', \'text_1:809720\', \'unit:\', \'unit_addr:0\', \'val_0:0.0\', \'val_1:1.0\', \'val_param_nr:2\'])>'
  - 组 'VCU_2'.VCU_SwapHvBattRdySt flags: 0 vs 16
  - 组 'VCU_2'.VCU_SwapHvBattCompSt data_type: 7 vs 0
  - 组 'VCU_2'.VCU_SwapHvBattCompSt bit_count: 64 vs 3
  - 组 'VCU_2'.VCU_SwapHvBattCompSt flags: 0 vs 16
  - 组 'VCU_2'.VCU_SwapHvBattCompSt conversion: 'None' vs '<ChannelConversion (name: , unit: , comment: , formula: , referenced blocks: {\'text_0\': b\'Invalid,not in swap mode\', \'text_1\': b\'Swap not complete\', \'text_2\': b\'Swap Complete, vcu complete hv power up\', \'text_3\': b\'Swap Complete,but can not power up due to hv battery error\', \'text_4\': b\'Swap Complete,but can not power up due to others error\', \'default_addr\': b\'\'}, address: 814248, fields: [\'_cache:None\', \'address:814248\', \'block_len:168\', \'comment:\', \'comment_addr:0\', \'conversion_type:7\', \'default_addr:0\', \'flags:0\', \'formula:\', "id:b\'##CC\'", \'inv_conv_addr:0\', \'is_user_defined:False\', \'links_nr:10\', \'max_phy_value:0.0\', \'min_phy_value:0.0\', \'name:\', \'name_addr:0\', \'precision:0\', \'ref_param_nr:6\', "referenced_blocks:{\'text_0\': b\'Invalid,not in swap mode\', \'text_1\': b\'Swap not complete\', \'text_2\': b\'Swap Complete, vcu complete hv power up\', \'text_3\': b\'Swap Complete,but can not power up due to hv battery error\', \'text_4\': b\'Swap Complete,but can not power up due to others error\', \'default_addr\': b\'\'}", \'reserved0:0\', \'text_0:813912\', \'text_1:813968\', \'text_2:814016\', \'text_3:814080\', \'text_4:814168\', \'unit:\', \'unit_addr:0\', \'val_0:0.0\', \'val_1:1.0\', \'val_2:2.0\', \'val_3:3.0\', \'val_4:4.0\', \'val_param_nr:5\'])>'
  - 组 'VCU_2'.VCU_SwapHvBattModeSt data_type: 7 vs 0
  - 组 'VCU_2'.VCU_SwapHvBattModeSt bit_count: 64 vs 2
  - 组 'VCU_2'.VCU_SwapHvBattModeSt flags: 0 vs 16
  - 组 'VCU_2'.VCU_SwapHvBattModeSt conversion: 'None' vs '<ChannelConversion (name: , unit: , comment: , formula: , referenced blocks: {\'text_0\': b\'Invalid\', \'text_1\': b\'Not Swap mode\', \'text_2\': b\'Swap mode\', \'text_3\': b\'Swap mode (Hv power down)\', \'default_addr\': b\'\'}, address: 813352, fields: [\'_cache:None\', \'address:813352\', \'block_len:152\', \'comment:\', \'comment_addr:0\', \'conversion_type:7\', \'default_addr:0\', \'flags:0\', \'formula:\', "id:b\'##CC\'", \'inv_conv_addr:0\', \'is_user_defined:False\', \'links_nr:9\', \'max_phy_value:0.0\', \'min_phy_value:0.0\', \'name:\', \'name_addr:0\', \'precision:0\', \'ref_param_nr:5\', "referenced_blocks:{\'text_0\': b\'Invalid\', \'text_1\': b\'Not Swap mode\', \'text_2\': b\'Swap mode\', \'text_3\': b\'Swap mode (Hv power down)\', \'default_addr\': b\'\'}", \'reserved0:0\', \'text_0:813184\', \'text_1:813216\', \'text_2:813256\', \'text_3:813296\', \'unit:\', \'unit_addr:0\', \'val_0:0.0\', \'val_1:1.0\', \'val_2:2.0\', \'val_3:3.0\', \'val_param_nr:4\'])>'
  - 组 'VCU_2'.VCU_SwapHvBattModeStVD data_type: 7 vs 0
  - 组 'VCU_2'.VCU_SwapHvBattModeStVD bit_count: 64 vs 1
  - 组 'VCU_2'.VCU_SwapHvBattModeStVD flags: 0 vs 16
  - 组 'VCU_2'.VCU_SwapHvBattModeStVD conversion: 'None' vs '<ChannelConversion (name: , unit: , comment: , formula: , referenced blocks: {\'text_0\': b\'Not valid\', \'text_1\': b\'Valid\', \'default_addr\': b\'\'}, address: 812648, fields: [\'_cache:None\', \'address:812648\', \'block_len:120\', \'comment:\', \'comment_addr:0\', \'conversion_type:7\', \'default_addr:0\', \'flags:0\', \'formula:\', "id:b\'##CC\'", \'inv_conv_addr:0\', \'is_user_defined:False\', \'links_nr:7\', \'max_phy_value:0.0\', \'min_phy_value:0.0\', \'name:\', \'name_addr:0\', \'precision:0\', \'ref_param_nr:3\', "referenced_blocks:{\'text_0\': b\'Not valid\', \'text_1\': b\'Valid\', \'default_addr\': b\'\'}", \'reserved0:0\', \'text_0:812576\', \'text_1:812616\', \'unit:\', \'unit_addr:0\', \'val_0:0.0\', \'val_1:1.0\', \'val_param_nr:2\'])>'
  - 组 'VCU_2'.VCU_RecpLevelstResp data_type: 7 vs 0
  - 组 'VCU_2'.VCU_RecpLevelstResp bit_count: 64 vs 3
  - 组 'VCU_2'.VCU_RecpLevelstResp flags: 0 vs 16
  - 组 'VCU_2'.VCU_RecpLevelstResp conversion: 'None' vs '<ChannelConversion (name: , unit: , comment: , formula: , referenced blocks: {\'text_0\': b\'Not valid;- others : reserved\', \'text_1\': b\'Level 0\', \'text_2\': b\'Level 1\', \'text_3\': b\'Level 2\', \'text_4\': b\'Level 3\', \'default_addr\': b\'\'}, address: 815016, fields: [\'_cache:None\', \'address:815016\', \'block_len:168\', \'comment:\', \'comment_addr:0\', \'conversion_type:7\', \'default_addr:0\', \'flags:0\', \'formula:\', "id:b\'##CC\'", \'inv_conv_addr:0\', \'is_user_defined:False\', \'links_nr:10\', \'max_phy_value:0.0\', \'min_phy_value:0.0\', \'name:\', \'name_addr:0\', \'precision:0\', \'ref_param_nr:6\', "referenced_blocks:{\'text_0\': b\'Not valid;- others : reserved\', \'text_1\': b\'Level 0\', \'text_2\': b\'Level 1\', \'text_3\': b\'Level 2\', \'text_4\': b\'Level 3\', \'default_addr\': b\'\'}", \'reserved0:0\', \'text_0:814832\', \'text_1:814888\', \'text_2:814920\', \'text_3:814952\', \'text_4:814984\', \'unit:\', \'unit_addr:0\', \'val_0:0.0\', \'val_1:1.0\', \'val_2:2.0\', \'val_3:3.0\', \'val_4:4.0\', \'val_param_nr:5\'])>'
  - 组 'VCU_2'.VCU_HVACPwrLimit data_type: 4 vs 0
  - 组 'VCU_2'.VCU_HVACPwrLimit bit_count: 64 vs 8
  - 组 'VCU_2'.VCU_HVACPwrLimit flags: 0 vs 16
  - 组 'VCU_2'.VCU_HVACPwrLimit conversion: 'None' vs '<ChannelConversion (name: , unit: w, comment: , formula: , referenced blocks: {}, address: 815632, fields: [\'_cache:None\', \'a:200.0\', \'address:815632\', \'b:0.0\', \'block_len:96\', \'comment:\', \'comment_addr:0\', \'conversion_type:1\', \'flags:0\', \'formula:\', "id:b\'##CC\'", \'inv_conv_addr:0\', \'is_user_defined:False\', \'links_nr:4\', \'max_phy_value:0.0\', \'min_phy_value:0.0\', \'name:\', \'name_addr:0\', \'precision:0\', \'ref_param_nr:0\', \'referenced_blocks:{}\', \'reserved0:0\', \'unit:w\', \'unit_addr:815600\', \'val_param_nr:2\'])>'
  - 组 'VCU_2'.VCU_HVACPwrLimitAct data_type: 7 vs 0
  - 组 'VCU_2'.VCU_HVACPwrLimitAct bit_count: 64 vs 1
  - 组 'VCU_2'.VCU_HVACPwrLimitAct flags: 0 vs 16
  - 组 'VCU_2'.VCU_HVACPwrLimitAct conversion: 'None' vs '<ChannelConversion (name: , unit: , comment: , formula: , referenced blocks: {\'text_0\': b\'Not Active\', \'text_1\': b\'Active\', \'default_addr\': b\'\'}, address: 817528, fields: [\'_cache:None\', \'address:817528\', \'block_len:120\', \'comment:\', \'comment_addr:0\', \'conversion_type:7\', \'default_addr:0\', \'flags:0\', \'formula:\', "id:b\'##CC\'", \'inv_conv_addr:0\', \'is_user_defined:False\', \'links_nr:7\', \'max_phy_value:0.0\', \'min_phy_value:0.0\', \'name:\', \'name_addr:0\', \'precision:0\', \'ref_param_nr:3\', "referenced_blocks:{\'text_0\': b\'Not Active\', \'text_1\': b\'Active\', \'default_addr\': b\'\'}", \'reserved0:0\', \'text_0:817456\', \'text_1:817496\', \'unit:\', \'unit_addr:0\', \'val_0:0.0\', \'val_1:1.0\', \'val_param_nr:2\'])>'
  - 组 'VCU_2'.VCU_VehRngUndrWarn data_type: 7 vs 0
  - 组 'VCU_2'.VCU_VehRngUndrWarn bit_count: 64 vs 1
  - 组 'VCU_2'.VCU_VehRngUndrWarn flags: 0 vs 16
  - 组 'VCU_2'.VCU_VehRngUndrWarn conversion: 'None' vs '<ChannelConversion (name: , unit: , comment: , formula: , referenced blocks: {\'text_0\': b\'Normal\', \'text_1\': b\'Total range low\', \'default_addr\': b\'\'}, address: 816944, fields: [\'_cache:None\', \'address:816944\', \'block_len:120\', \'comment:\', \'comment_addr:0\', \'conversion_type:7\', \'default_addr:0\', \'flags:0\', \'formula:\', "id:b\'##CC\'", \'inv_conv_addr:0\', \'is_user_defined:False\', \'links_nr:7\', \'max_phy_value:0.0\', \'min_phy_value:0.0\', \'name:\', \'name_addr:0\', \'precision:0\', \'ref_param_nr:3\', "referenced_blocks:{\'text_0\': b\'Normal\', \'text_1\': b\'Total range low\', \'default_addr\': b\'\'}", \'reserved0:0\', \'text_0:816872\', \'text_1:816904\', \'unit:\', \'unit_addr:0\', \'val_0:0.0\', \'val_1:1.0\', \'val_param_nr:2\'])>'
  - 组 'VCU_2'.VCU_RemoteDiagCode data_type: 7 vs 0
  - 组 'VCU_2'.VCU_RemoteDiagCode bit_count: 64 vs 2
  - 组 'VCU_2'.VCU_RemoteDiagCode flags: 0 vs 16
  - 组 'VCU_2'.VCU_RemoteDiagCode conversion: 'None' vs '<ChannelConversion (name: , unit: , comment: , formula: , referenced blocks: {\'text_0\': b\'NO Fault\', \'text_1\': b\'C DTC\', \'text_2\': b\'B DTC\', \'text_3\': b\'A DTC\', \'default_addr\': b\'\'}, address: 816296, fields: [\'_cache:None\', \'address:816296\', \'block_len:152\', \'comment:\', \'comment_addr:0\', \'conversion_type:7\', \'default_addr:0\', \'flags:0\', \'formula:\', "id:b\'##CC\'", \'inv_conv_addr:0\', \'is_user_defined:False\', \'links_nr:9\', \'max_phy_value:0.0\', \'min_phy_value:0.0\', \'name:\', \'name_addr:0\', \'precision:0\', \'ref_param_nr:5\', "referenced_blocks:{\'text_0\': b\'NO Fault\', \'text_1\': b\'C DTC\', \'text_2\': b\'B DTC\', \'text_3\': b\'A DTC\', \'default_addr\': b\'\'}", \'reserved0:0\', \'text_0:816160\', \'text_1:816200\', \'text_2:816232\', \'text_3:816264\', \'unit:\', \'unit_addr:0\', \'val_0:0.0\', \'val_1:1.0\', \'val_2:2.0\', \'val_3:3.0\', \'val_param_nr:4\'])>'
  - 组 'VCU_2'.VCU_VehRng bit_count: 16 vs 10
  - 组 'VCU_2'.VCU_VehRng flags: 0 vs 16
  - 组 'VCU_2'.VCU_VehRng conversion: 'None' vs '<ChannelConversion (name: , unit: km, comment: , formula: , referenced blocks: {}, address: 818120, fields: [\'_cache:None\', \'address:818120\', \'block_len:80\', \'comment:\', \'comment_addr:0\', \'conversion_type:0\', \'flags:0\', \'formula:\', "id:b\'##CC\'", \'inv_conv_addr:0\', \'is_user_defined:False\', \'links_nr:4\', \'max_phy_value:0.0\', \'min_phy_value:0.0\', \'name:\', \'name_addr:0\', \'precision:0\', \'ref_param_nr:0\', \'referenced_blocks:{}\', \'reserved0:0\', \'unit:km\', \'unit_addr:818088\', \'val_param_nr:0\'])>'
  - 组 'VCU_2'.VCU_IpedalCreepCfgResp data_type: 7 vs 0
  - 组 'VCU_2'.VCU_IpedalCreepCfgResp bit_count: 64 vs 2
  - 组 'VCU_2'.VCU_IpedalCreepCfgResp flags: 0 vs 16
  - 组 'VCU_2'.VCU_IpedalCreepCfgResp conversion: 'None' vs '<ChannelConversion (name: , unit: , comment: , formula: , referenced blocks: {\'text_0\': b\'No command;- others : reserved\', \'text_1\': b\'ON\', \'text_2\': b\'OFF\', \'default_addr\': b\'\'}, address: 820080, fields: [\'_cache:None\', \'address:820080\', \'block_len:136\', \'comment:\', \'comment_addr:0\', \'conversion_type:7\', \'default_addr:0\', \'flags:0\', \'formula:\', "id:b\'##CC\'", \'inv_conv_addr:0\', \'is_user_defined:False\', \'links_nr:8\', \'max_phy_value:0.0\', \'min_phy_value:0.0\', \'name:\', \'name_addr:0\', \'precision:0\', \'ref_param_nr:4\', "referenced_blocks:{\'text_0\': b\'No command;- others : reserved\', \'text_1\': b\'ON\', \'text_2\': b\'OFF\', \'default_addr\': b\'\'}", \'reserved0:0\', \'text_0:819960\', \'text_1:820016\', \'text_2:820048\', \'unit:\', \'unit_addr:0\', \'val_0:0.0\', \'val_1:1.0\', \'val_2:2.0\', \'val_param_nr:3\'])>'
  - 组 'VCU_2'.VCU_VehChgDischgErr data_type: 7 vs 0
  - 组 'VCU_2'.VCU_VehChgDischgErr bit_count: 64 vs 3
  - 组 'VCU_2'.VCU_VehChgDischgErr flags: 0 vs 16
  - 组 'VCU_2'.VCU_VehChgDischgErr conversion: 'None' vs '<ChannelConversion (name: , unit: , comment: , formula: , referenced blocks: {\'text_0\': b\'default\', \'text_1\': b\'No fault\', \'text_2\': b\'equipment fault\', \'text_3\': b\'vehicle fault\', \'default_addr\': b\'\'}, address: 819384, fields: [\'_cache:None\', \'address:819384\', \'block_len:152\', \'comment:\', \'comment_addr:0\', \'conversion_type:7\', \'default_addr:0\', \'flags:0\', \'formula:\', "id:b\'##CC\'", \'inv_conv_addr:0\', \'is_user_defined:False\', \'links_nr:9\', \'max_phy_value:0.0\', \'min_phy_value:0.0\', \'name:\', \'name_addr:0\', \'precision:0\', \'ref_param_nr:5\', "referenced_blocks:{\'text_0\': b\'default\', \'text_1\': b\'No fault\', \'text_2\': b\'equipment fault\', \'text_3\': b\'vehicle fault\', \'default_addr\': b\'\'}", \'reserved0:0\', \'text_0:819232\', \'text_1:819264\', \'text_2:819304\', \'text_3:819344\', \'unit:\', \'unit_addr:0\', \'val_0:0.0\', \'val_1:1.0\', \'val_2:2.0\', \'val_3:3.0\', \'val_param_nr:4\'])>'
  - 组 'VCU_2'.VCU_VehCurrDir data_type: 7 vs 0
  - 组 'VCU_2'.VCU_VehCurrDir bit_count: 64 vs 3
  - 组 'VCU_2'.VCU_VehCurrDir flags: 0 vs 16
  - 组 'VCU_2'.VCU_VehCurrDir conversion: 'None' vs '<ChannelConversion (name: , unit: , comment: , formula: , referenced blocks: {\'text_0\': b\'default\', \'text_1\': b\'Charge\', \'text_2\': b\'Discharge\', \'default_addr\': b\'\'}, address: 818696, fields: [\'_cache:None\', \'address:818696\', \'block_len:136\', \'comment:\', \'comment_addr:0\', \'conversion_type:7\', \'default_addr:0\', \'flags:0\', \'formula:\', "id:b\'##CC\'", \'inv_conv_addr:0\', \'is_user_defined:False\', \'links_nr:8\', \'max_phy_value:0.0\', \'min_phy_value:0.0\', \'name:\', \'name_addr:0\', \'precision:0\', \'ref_param_nr:4\', "referenced_blocks:{\'text_0\': b\'default\', \'text_1\': b\'Charge\', \'text_2\': b\'Discharge\', \'default_addr\': b\'\'}", \'reserved0:0\', \'text_0:818592\', \'text_1:818624\', \'text_2:818656\', \'unit:\', \'unit_addr:0\', \'val_0:0.0\', \'val_1:1.0\', \'val_2:2.0\', \'val_param_nr:3\'])>'
  - 组 'VCU_2'.VCU_BattSocUndrWarn data_type: 7 vs 0
  - 组 'VCU_2'.VCU_BattSocUndrWarn bit_count: 64 vs 2
  - 组 'VCU_2'.VCU_BattSocUndrWarn flags: 0 vs 16
  - 组 'VCU_2'.VCU_BattSocUndrWarn conversion: 'None' vs '<ChannelConversion (name: , unit: , comment: , formula: , referenced blocks: {\'text_0\': b\'No request\', \'text_1\': b\'Please charge\', \'text_2\': b\'Limp home\', \'text_3\': b\'End of driving\', \'default_addr\': b\'\'}, address: 821728, fields: [\'_cache:None\', \'address:821728\', \'block_len:152\', \'comment:\', \'comment_addr:0\', \'conversion_type:7\', \'default_addr:0\', \'flags:0\', \'formula:\', "id:b\'##CC\'", \'inv_conv_addr:0\', \'is_user_defined:False\', \'links_nr:9\', \'max_phy_value:0.0\', \'min_phy_value:0.0\', \'name:\', \'name_addr:0\', \'precision:0\', \'ref_param_nr:5\', "referenced_blocks:{\'text_0\': b\'No request\', \'text_1\': b\'Please charge\', \'text_2\': b\'Limp home\', \'text_3\': b\'End of driving\', \'default_addr\': b\'\'}", \'reserved0:0\', \'text_0:821568\', \'text_1:821608\', \'text_2:821648\', \'text_3:821688\', \'unit:\', \'unit_addr:0\', \'val_0:0.0\', \'val_1:1.0\', \'val_2:2.0\', \'val_3:3.0\', \'val_param_nr:4\'])>'
  - 组 'VCU_2'.VCU_ICMIpedalActSt data_type: 7 vs 0
  - 组 'VCU_2'.VCU_ICMIpedalActSt bit_count: 64 vs 2
  - 组 'VCU_2'.VCU_ICMIpedalActSt flags: 0 vs 16
  - 组 'VCU_2'.VCU_ICMIpedalActSt conversion: 'None' vs '<ChannelConversion (name: , unit: , comment: , formula: , referenced blocks: {\'text_0\': b\'Invalid\', \'text_1\': b\'Function OFF\', \'text_2\': b\'Function ON(have recuperation when I-pedal on, green lamp on ICM)\', \'text_3\': b\'Function ON(No recuperation when I-pedal on, white lamp on ICM)\', \'default_addr\': b\'\'}, address: 820904, fields: [\'_cache:None\', \'address:820904\', \'block_len:152\', \'comment:\', \'comment_addr:0\', \'conversion_type:7\', \'default_addr:0\', \'flags:0\', \'formula:\', "id:b\'##CC\'", \'inv_conv_addr:0\', \'is_user_defined:False\', \'links_nr:9\', \'max_phy_value:0.0\', \'min_phy_value:0.0\', \'name:\', \'name_addr:0\', \'precision:0\', \'ref_param_nr:5\', "referenced_blocks:{\'text_0\': b\'Invalid\', \'text_1\': b\'Function OFF\', \'text_2\': b\'Function ON(have recuperation when I-pedal on, green lamp on ICM)\', \'text_3\': b\'Function ON(No recuperation when I-pedal on, white lamp on ICM)\', \'default_addr\': b\'\'}", \'reserved0:0\', \'text_0:820648\', \'text_1:820680\', \'text_2:820720\', \'text_3:820816\', \'unit:\', \'unit_addr:0\', \'val_0:0.0\', \'val_1:1.0\', \'val_2:2.0\', \'val_3:3.0\', \'val_param_nr:4\'])>'
  - 组 'VCU_2'.VCU_VehPwr data_type: 4 vs 0
  - 组 'VCU_2'.VCU_VehPwr bit_count: 64 vs 9
  - 组 'VCU_2'.VCU_VehPwr flags: 0 vs 16
  - 组 'VCU_2'.VCU_VehPwr conversion: 'None' vs '<ChannelConversion (name: , unit: KW, comment: , formula: , referenced blocks: {}, address: 823040, fields: [\'_cache:None\', \'a:1.0\', \'address:823040\', \'b:-160.0\', \'block_len:96\', \'comment:\', \'comment_addr:0\', \'conversion_type:1\', \'flags:0\', \'formula:\', "id:b\'##CC\'", \'inv_conv_addr:0\', \'is_user_defined:False\', \'links_nr:4\', \'max_phy_value:0.0\', \'min_phy_value:0.0\', \'name:\', \'name_addr:0\', \'precision:0\', \'ref_param_nr:0\', \'referenced_blocks:{}\', \'reserved0:0\', \'unit:KW\', \'unit_addr:823008\', \'val_param_nr:2\'])>'
  - 组 'VCU_2'.VCU_HealChekSt data_type: 7 vs 0
  - 组 'VCU_2'.VCU_HealChekSt bit_count: 64 vs 2
  - 组 'VCU_2'.VCU_HealChekSt flags: 0 vs 16
  - 组 'VCU_2'.VCU_HealChekSt conversion: 'None' vs '<ChannelConversion (name: , unit: , comment: , formula: , referenced blocks: {\'text_0\': b\'Initialized or unrequested\', \'text_1\': b\'Receive the request and meet the entry conditions\', \'text_2\': b\'Request received and entry conditions not meet\', \'default_addr\': b\'\'}, address: 822480, fields: [\'_cache:None\', \'address:822480\', \'block_len:136\', \'comment:\', \'comment_addr:0\', \'conversion_type:7\', \'default_addr:0\', \'flags:0\', \'formula:\', "id:b\'##CC\'", \'inv_conv_addr:0\', \'is_user_defined:False\', \'links_nr:8\', \'max_phy_value:0.0\', \'min_phy_value:0.0\', \'name:\', \'name_addr:0\', \'precision:0\', \'ref_param_nr:4\', "referenced_blocks:{\'text_0\': b\'Initialized or unrequested\', \'text_1\': b\'Receive the request and meet the entry conditions\', \'text_2\': b\'Request received and entry conditions not meet\', \'default_addr\': b\'\'}", \'reserved0:0\', \'text_0:822272\', \'text_1:822328\', \'text_2:822408\', \'unit:\', \'unit_addr:0\', \'val_0:0.0\', \'val_1:1.0\', \'val_2:2.0\', \'val_param_nr:3\'])>'
  - 组 'VCU_2'.VCU_DCU_DisChgTargCurr data_type: 4 vs 0
  - 组 'VCU_2'.VCU_DCU_DisChgTargCurr bit_count: 64 vs 12
  - 组 'VCU_2'.VCU_DCU_DisChgTargCurr flags: 0 vs 16
  - 组 'VCU_2'.VCU_DCU_DisChgTargCurr conversion: 'None' vs '<ChannelConversion (name: , unit: A, comment: , formula: , referenced blocks: {}, address: 823560, fields: [\'_cache:None\', \'a:0.1\', \'address:823560\', \'b:0.0\', \'block_len:96\', \'comment:\', \'comment_addr:0\', \'conversion_type:1\', \'flags:0\', \'formula:\', "id:b\'##CC\'", \'inv_conv_addr:0\', \'is_user_defined:False\', \'links_nr:4\', \'max_phy_value:0.0\', \'min_phy_value:0.0\', \'name:\', \'name_addr:0\', \'precision:0\', \'ref_param_nr:0\', \'referenced_blocks:{}\', \'reserved0:0\', \'unit:A\', \'unit_addr:823528\', \'val_param_nr:2\'])>'
  - 组 'VCU_2'.VCU_AHF_TarPwr data_type: 4 vs 0
  - 组 'VCU_2'.VCU_AHF_TarPwr bit_count: 64 vs 10
  - 组 'VCU_2'.VCU_AHF_TarPwr flags: 0 vs 16
  - 组 'VCU_2'.VCU_AHF_TarPwr conversion: 'None' vs '<ChannelConversion (name: , unit: W, comment: , formula: , referenced blocks: {}, address: 825448, fields: [\'_cache:None\', \'a:20.0\', \'address:825448\', \'b:0.0\', \'block_len:96\', \'comment:\', \'comment_addr:0\', \'conversion_type:1\', \'flags:0\', \'formula:\', "id:b\'##CC\'", \'inv_conv_addr:0\', \'is_user_defined:False\', \'links_nr:4\', \'max_phy_value:0.0\', \'min_phy_value:0.0\', \'name:\', \'name_addr:0\', \'precision:0\', \'ref_param_nr:0\', \'referenced_blocks:{}\', \'reserved0:0\', \'unit:W\', \'unit_addr:825416\', \'val_param_nr:2\'])>'
  - 组 'VCU_2'.VCU_HVPowerSt data_type: 7 vs 0
  - 组 'VCU_2'.VCU_HVPowerSt bit_count: 64 vs 2
  - 组 'VCU_2'.VCU_HVPowerSt flags: 0 vs 16
  - 组 'VCU_2'.VCU_HVPowerSt conversion: 'None' vs '<ChannelConversion (name: , unit: , comment: , formula: , referenced blocks: {\'text_0\': b\'Invalid\', \'text_1\': b\'Already power up\', \'text_2\': b\'Not power up\', \'default_addr\': b\'\'}, address: 824872, fields: [\'_cache:None\', \'address:824872\', \'block_len:136\', \'comment:\', \'comment_addr:0\', \'conversion_type:7\', \'default_addr:0\', \'flags:0\', \'formula:\', "id:b\'##CC\'", \'inv_conv_addr:0\', \'is_user_defined:False\', \'links_nr:8\', \'max_phy_value:0.0\', \'min_phy_value:0.0\', \'name:\', \'name_addr:0\', \'precision:0\', \'ref_param_nr:4\', "referenced_blocks:{\'text_0\': b\'Invalid\', \'text_1\': b\'Already power up\', \'text_2\': b\'Not power up\', \'default_addr\': b\'\'}", \'reserved0:0\', \'text_0:824752\', \'text_1:824784\', \'text_2:824832\', \'unit:\', \'unit_addr:0\', \'val_0:0.0\', \'val_1:1.0\', \'val_2:2.0\', \'val_param_nr:3\'])>'
  - 组 'VCU_2'.VCU_LongDistResp data_type: 7 vs 0
  - 组 'VCU_2'.VCU_LongDistResp bit_count: 64 vs 2
  - 组 'VCU_2'.VCU_LongDistResp flags: 0 vs 16
  - 组 'VCU_2'.VCU_LongDistResp conversion: 'None' vs '<ChannelConversion (name: , unit: , comment: , formula: , referenced blocks: {\'text_0\': b\'No command;- others : reserved\', \'text_1\': b\'ON\', \'text_2\': b\'OFF\', \'default_addr\': b\'\'}, address: 824200, fields: [\'_cache:None\', \'address:824200\', \'block_len:136\', \'comment:\', \'comment_addr:0\', \'conversion_type:7\', \'default_addr:0\', \'flags:0\', \'formula:\', "id:b\'##CC\'", \'inv_conv_addr:0\', \'is_user_defined:False\', \'links_nr:8\', \'max_phy_value:0.0\', \'min_phy_value:0.0\', \'name:\', \'name_addr:0\', \'precision:0\', \'ref_param_nr:4\', "referenced_blocks:{\'text_0\': b\'No command;- others : reserved\', \'text_1\': b\'ON\', \'text_2\': b\'OFF\', \'default_addr\': b\'\'}", \'reserved0:0\', \'text_0:824080\', \'text_1:824136\', \'text_2:824168\', \'unit:\', \'unit_addr:0\', \'val_0:0.0\', \'val_1:1.0\', \'val_2:2.0\', \'val_param_nr:3\'])>'
  - 组 'VCU_8': 组内信号序不同 ['VCU_8_CRC', 'VCU_8_Counter', 'VCU_BoostChgTargCurr', 'VCU_DisChgTargCurr', 'VCU_CCUBCBPowerSup', 'VCU_K2RlyAdhDetn', 'VCU_BoostChgMode', 'VCU_VehCrusSt_1']... vs ['VCU_8_CRC', 'VCU_8_Counter', 'VCU_BoostChgTargCurr', 'VCU_DisChgTargCurr', 'VCU_VehCrusSt_1', 'VCU_BoostChgMode', 'VCU_K2RlyAdhDetn', 'VCU_CCUBCBPowerSup']...
  - 组 'VCU_8'.t data_type: 4 vs 0
  - 组 'VCU_8'.t conversion: 'None' vs '<ChannelConversion (name: , unit: s, comment: , formula: , referenced blocks: {}, address: 1344, fields: [\'_cache:None\', \'a:1e-09\', \'address:1344\', \'b:0.0\', \'block_len:96\', \'comment:\', \'comment_addr:0\', \'conversion_type:1\', \'flags:0\', \'formula:\', "id:b\'##CC\'", \'inv_conv_addr:0\', \'is_user_defined:False\', \'links_nr:4\', \'max_phy_value:0.0\', \'min_phy_value:0.0\', \'name:\', \'name_addr:0\', \'precision:0\', \'ref_param_nr:0\', \'referenced_blocks:{}\', \'reserved0:0\', \'unit:s\', \'unit_addr:1312\', \'val_param_nr:2\'])>'
  - 组 'VCU_8'.VCU_8_CRC flags: 0 vs 16
  - 组 'VCU_8'.VCU_8_Counter flags: 0 vs 16
  - 组 'VCU_8'.VCU_BoostChgTargCurr data_type: 4 vs 0
  - 组 'VCU_8'.VCU_BoostChgTargCurr bit_count: 64 vs 12
  - 组 'VCU_8'.VCU_BoostChgTargCurr flags: 0 vs 16
  - 组 'VCU_8'.VCU_BoostChgTargCurr conversion: 'None' vs '<ChannelConversion (name: , unit: A, comment: , formula: , referenced blocks: {}, address: 827496, fields: [\'_cache:None\', \'a:0.1\', \'address:827496\', \'b:0.0\', \'block_len:96\', \'comment:\', \'comment_addr:0\', \'conversion_type:1\', \'flags:0\', \'formula:\', "id:b\'##CC\'", \'inv_conv_addr:0\', \'is_user_defined:False\', \'links_nr:4\', \'max_phy_value:0.0\', \'min_phy_value:0.0\', \'name:\', \'name_addr:0\', \'precision:0\', \'ref_param_nr:0\', \'referenced_blocks:{}\', \'reserved0:0\', \'unit:A\', \'unit_addr:827464\', \'val_param_nr:2\'])>'
  - 组 'VCU_8'.VCU_DisChgTargCurr data_type: 4 vs 0
  - 组 'VCU_8'.VCU_DisChgTargCurr bit_count: 64 vs 12
  - 组 'VCU_8'.VCU_DisChgTargCurr flags: 0 vs 16
  - 组 'VCU_8'.VCU_DisChgTargCurr conversion: 'None' vs '<ChannelConversion (name: , unit: A, comment: , formula: , referenced blocks: {}, address: 828048, fields: [\'_cache:None\', \'a:0.1\', \'address:828048\', \'b:0.0\', \'block_len:96\', \'comment:\', \'comment_addr:0\', \'conversion_type:1\', \'flags:0\', \'formula:\', "id:b\'##CC\'", \'inv_conv_addr:0\', \'is_user_defined:False\', \'links_nr:4\', \'max_phy_value:0.0\', \'min_phy_value:0.0\', \'name:\', \'name_addr:0\', \'precision:0\', \'ref_param_nr:0\', \'referenced_blocks:{}\', \'reserved0:0\', \'unit:A\', \'unit_addr:828016\', \'val_param_nr:2\'])>'
  - 组 'VCU_8'.VCU_CCUBCBPowerSup data_type: 7 vs 0
  - 组 'VCU_8'.VCU_CCUBCBPowerSup bit_count: 64 vs 1
  - 组 'VCU_8'.VCU_CCUBCBPowerSup flags: 0 vs 16
  - 组 'VCU_8'.VCU_CCUBCBPowerSup conversion: 'None' vs '<ChannelConversion (name: , unit: , comment: , formula: , referenced blocks: {\'text_0\': b\'Not Active\', \'text_1\': b\'Active\', \'default_addr\': b\'\'}, address: 830632, fields: [\'_cache:None\', \'address:830632\', \'block_len:120\', \'comment:\', \'comment_addr:0\', \'conversion_type:7\', \'default_addr:0\', \'flags:0\', \'formula:\', "id:b\'##CC\'", \'inv_conv_addr:0\', \'is_user_defined:False\', \'links_nr:7\', \'max_phy_value:0.0\', \'min_phy_value:0.0\', \'name:\', \'name_addr:0\', \'precision:0\', \'ref_param_nr:3\', "referenced_blocks:{\'text_0\': b\'Not Active\', \'text_1\': b\'Active\', \'default_addr\': b\'\'}", \'reserved0:0\', \'text_0:830560\', \'text_1:830600\', \'unit:\', \'unit_addr:0\', \'val_0:0.0\', \'val_1:1.0\', \'val_param_nr:2\'])>'
  - 组 'VCU_8'.VCU_K2RlyAdhDetn data_type: 7 vs 0
  - 组 'VCU_8'.VCU_K2RlyAdhDetn bit_count: 64 vs 1
  - 组 'VCU_8'.VCU_K2RlyAdhDetn flags: 0 vs 16
  - 组 'VCU_8'.VCU_K2RlyAdhDetn conversion: 'None' vs '<ChannelConversion (name: , unit: , comment: , formula: , referenced blocks: {\'text_0\': b\'No request\', \'text_1\': b\'Request\', \'default_addr\': b\'\'}, address: 830024, fields: [\'_cache:None\', \'address:830024\', \'block_len:120\', \'comment:\', \'comment_addr:0\', \'conversion_type:7\', \'default_addr:0\', \'flags:0\', \'formula:\', "id:b\'##CC\'", \'inv_conv_addr:0\', \'is_user_defined:False\', \'links_nr:7\', \'max_phy_value:0.0\', \'min_phy_value:0.0\', \'name:\', \'name_addr:0\', \'precision:0\', \'ref_param_nr:3\', "referenced_blocks:{\'text_0\': b\'No request\', \'text_1\': b\'Request\', \'default_addr\': b\'\'}", \'reserved0:0\', \'text_0:829952\', \'text_1:829992\', \'unit:\', \'unit_addr:0\', \'val_0:0.0\', \'val_1:1.0\', \'val_param_nr:2\'])>'
  - 组 'VCU_8'.VCU_BoostChgMode data_type: 7 vs 0
  - 组 'VCU_8'.VCU_BoostChgMode bit_count: 64 vs 1
  - 组 'VCU_8'.VCU_BoostChgMode flags: 0 vs 16
  - 组 'VCU_8'.VCU_BoostChgMode conversion: 'None' vs '<ChannelConversion (name: , unit: , comment: , formula: , referenced blocks: {\'text_0\': b\'Not Enable\', \'text_1\': b\'Enable\', \'default_addr\': b\'\'}, address: 829416, fields: [\'_cache:None\', \'address:829416\', \'block_len:120\', \'comment:\', \'comment_addr:0\', \'conversion_type:7\', \'default_addr:0\', \'flags:0\', \'formula:\', "id:b\'##CC\'", \'inv_conv_addr:0\', \'is_user_defined:False\', \'links_nr:7\', \'max_phy_value:0.0\', \'min_phy_value:0.0\', \'name:\', \'name_addr:0\', \'precision:0\', \'ref_param_nr:3\', "referenced_blocks:{\'text_0\': b\'Not Enable\', \'text_1\': b\'Enable\', \'default_addr\': b\'\'}", \'reserved0:0\', \'text_0:829344\', \'text_1:829384\', \'unit:\', \'unit_addr:0\', \'val_0:0.0\', \'val_1:1.0\', \'val_param_nr:2\'])>'
  - 组 'VCU_8'.VCU_VehCrusSt_1 data_type: 7 vs 0
  - 组 'VCU_8'.VCU_VehCrusSt_1 bit_count: 64 vs 2
  - 组 'VCU_8'.VCU_VehCrusSt_1 flags: 0 vs 16
  - 组 'VCU_8'.VCU_VehCrusSt_1 conversion: 'None' vs '<ChannelConversion (name: , unit: , comment: , formula: , referenced blocks: {\'text_0\': b\'Off\', \'text_1\': b\'Cruise control function on(Lamp white)\', \'text_2\': b\'Cruise controlling(Lamp green)\', \'text_3\': b\'Cruise control error(Lamp yellow)\', \'default_addr\': b\'\'}, address: 828784, fields: [\'_cache:None\', \'address:828784\', \'block_len:152\', \'comment:\', \'comment_addr:0\', \'conversion_type:7\', \'default_addr:0\', \'flags:0\', \'formula:\', "id:b\'##CC\'", \'inv_conv_addr:0\', \'is_user_defined:False\', \'links_nr:9\', \'max_phy_value:0.0\', \'min_phy_value:0.0\', \'name:\', \'name_addr:0\', \'precision:0\', \'ref_param_nr:5\', "referenced_blocks:{\'text_0\': b\'Off\', \'text_1\': b\'Cruise control function on(Lamp white)\', \'text_2\': b\'Cruise controlling(Lamp green)\', \'text_3\': b\'Cruise control error(Lamp yellow)\', \'default_addr\': b\'\'}", \'reserved0:0\', \'text_0:828568\', \'text_1:828600\', \'text_2:828664\', \'text_3:828720\', \'unit:\', \'unit_addr:0\', \'val_0:0.0\', \'val_1:1.0\', \'val_2:2.0\', \'val_3:3.0\', \'val_param_nr:4\'])>'
  - 组 'VCU_8'.VCU_ACplugeleclocklightreq data_type: 7 vs 0
  - 组 'VCU_8'.VCU_ACplugeleclocklightreq bit_count: 64 vs 1
  - 组 'VCU_8'.VCU_ACplugeleclocklightreq flags: 0 vs 16
  - 组 'VCU_8'.VCU_ACplugeleclocklightreq conversion: 'None' vs '<ChannelConversion (name: , unit: , comment: , formula: , referenced blocks: {\'text_0\': b\'No Request\', \'text_1\': b\'Request\', \'default_addr\': b\'\'}, address: 832496, fields: [\'_cache:None\', \'address:832496\', \'block_len:120\', \'comment:\', \'comment_addr:0\', \'conversion_type:7\', \'default_addr:0\', \'flags:0\', \'formula:\', "id:b\'##CC\'", \'inv_conv_addr:0\', \'is_user_defined:False\', \'links_nr:7\', \'max_phy_value:0.0\', \'min_phy_value:0.0\', \'name:\', \'name_addr:0\', \'precision:0\', \'ref_param_nr:3\', "referenced_blocks:{\'text_0\': b\'No Request\', \'text_1\': b\'Request\', \'default_addr\': b\'\'}", \'reserved0:0\', \'text_0:832424\', \'text_1:832464\', \'unit:\', \'unit_addr:0\', \'val_0:0.0\', \'val_1:1.0\', \'val_param_nr:2\'])>'
  - 组 'VCU_8'.VCU_Acdischgswitchlampreq data_type: 7 vs 0
  - 组 'VCU_8'.VCU_Acdischgswitchlampreq bit_count: 64 vs 1
  - 组 'VCU_8'.VCU_Acdischgswitchlampreq flags: 0 vs 16
  - 组 'VCU_8'.VCU_Acdischgswitchlampreq conversion: 'None' vs '<ChannelConversion (name: , unit: , comment: , formula: , referenced blocks: {\'text_0\': b\'No Request\', \'text_1\': b\'Request\', \'default_addr\': b\'\'}, address: 831864, fields: [\'_cache:None\', \'address:831864\', \'block_len:120\', \'comment:\', \'comment_addr:0\', \'conversion_type:7\', \'default_addr:0\', \'flags:0\', \'formula:\', "id:b\'##CC\'", \'inv_conv_addr:0\', \'is_user_defined:False\', \'links_nr:7\', \'max_phy_value:0.0\', \'min_phy_value:0.0\', \'name:\', \'name_addr:0\', \'precision:0\', \'ref_param_nr:3\', "referenced_blocks:{\'text_0\': b\'No Request\', \'text_1\': b\'Request\', \'default_addr\': b\'\'}", \'reserved0:0\', \'text_0:831792\', \'text_1:831832\', \'unit:\', \'unit_addr:0\', \'val_0:0.0\', \'val_1:1.0\', \'val_param_nr:2\'])>'
  - 组 'VCU_8'.VCU_Vacpumpmotorrelayreq data_type: 7 vs 0
  - 组 'VCU_8'.VCU_Vacpumpmotorrelayreq bit_count: 64 vs 1
  - 组 'VCU_8'.VCU_Vacpumpmotorrelayreq flags: 0 vs 16
  - 组 'VCU_8'.VCU_Vacpumpmotorrelayreq conversion: 'None' vs '<ChannelConversion (name: , unit: , comment: , formula: , referenced blocks: {\'text_0\': b\'No Request\', \'text_1\': b\'Request\', \'default_addr\': b\'\'}, address: 831240, fields: [\'_cache:None\', \'address:831240\', \'block_len:120\', \'comment:\', \'comment_addr:0\', \'conversion_type:7\', \'default_addr:0\', \'flags:0\', \'formula:\', "id:b\'##CC\'", \'inv_conv_addr:0\', \'is_user_defined:False\', \'links_nr:7\', \'max_phy_value:0.0\', \'min_phy_value:0.0\', \'name:\', \'name_addr:0\', \'precision:0\', \'ref_param_nr:3\', "referenced_blocks:{\'text_0\': b\'No Request\', \'text_1\': b\'Request\', \'default_addr\': b\'\'}", \'reserved0:0\', \'text_0:831168\', \'text_1:831208\', \'unit:\', \'unit_addr:0\', \'val_0:0.0\', \'val_1:1.0\', \'val_param_nr:2\'])>'
  - 组 'VCU_8'.VCU_Chglamplightreq data_type: 7 vs 0
  - 组 'VCU_8'.VCU_Chglamplightreq bit_count: 64 vs 4
  - 组 'VCU_8'.VCU_Chglamplightreq flags: 0 vs 16
  - 组 'VCU_8'.VCU_Chglamplightreq conversion: 'None' vs '<ChannelConversion (name: , unit: , comment: , formula: , referenced blocks: {\'text_0\': b\'No Request\', \'text_1\': b\'Request yellow\', \'text_2\': b\'Request green\', \'text_3\': b\'Request Red\', \'text_4\': b\'Request Blue\', \'text_5\': b\'Request White\', \'default_addr\': b\'\'}, address: 834648, fields: [\'_cache:None\', \'address:834648\', \'block_len:184\', \'comment:\', \'comment_addr:0\', \'conversion_type:7\', \'default_addr:0\', \'flags:0\', \'formula:\', "id:b\'##CC\'", \'inv_conv_addr:0\', \'is_user_defined:False\', \'links_nr:11\', \'max_phy_value:0.0\', \'min_phy_value:0.0\', \'name:\', \'name_addr:0\', \'precision:0\', \'ref_param_nr:7\', "referenced_blocks:{\'text_0\': b\'No Request\', \'text_1\': b\'Request yellow\', \'text_2\': b\'Request green\', \'text_3\': b\'Request Red\', \'text_4\': b\'Request Blue\', \'text_5\': b\'Request White\', \'default_addr\': b\'\'}", \'reserved0:0\', \'text_0:834408\', \'text_1:834448\', \'text_2:834488\', \'text_3:834528\', \'text_4:834568\', \'text_5:834608\', \'unit:\', \'unit_addr:0\', \'val_0:0.0\', \'val_1:1.0\', \'val_2:2.0\', \'val_3:3.0\', \'val_4:4.0\', \'val_5:5.0\', \'val_param_nr:6\'])>'
  - 组 'VCU_8'.VCU_Chglampflashreq data_type: 7 vs 0
  - 组 'VCU_8'.VCU_Chglampflashreq bit_count: 64 vs 2
  - 组 'VCU_8'.VCU_Chglampflashreq flags: 0 vs 16
  - 组 'VCU_8'.VCU_Chglampflashreq conversion: 'None' vs '<ChannelConversion (name: , unit: , comment: , formula: , referenced blocks: {\'text_0\': b\'No Request\', \'text_1\': b\'Flash:1Hz\', \'text_2\': b\'Flash:2Hz\', \'text_3\': b\'Always on\', \'default_addr\': b\'\'}, address: 833840, fields: [\'_cache:None\', \'address:833840\', \'block_len:152\', \'comment:\', \'comment_addr:0\', \'conversion_type:7\', \'default_addr:0\', \'flags:0\', \'formula:\', "id:b\'##CC\'", \'inv_conv_addr:0\', \'is_user_defined:False\', \'links_nr:9\', \'max_phy_value:0.0\', \'min_phy_value:0.0\', \'name:\', \'name_addr:0\', \'precision:0\', \'ref_param_nr:5\', "referenced_blocks:{\'text_0\': b\'No Request\', \'text_1\': b\'Flash:1Hz\', \'text_2\': b\'Flash:2Hz\', \'text_3\': b\'Always on\', \'default_addr\': b\'\'}", \'reserved0:0\', \'text_0:833680\', \'text_1:833720\', \'text_2:833760\', \'text_3:833800\', \'unit:\', \'unit_addr:0\', \'val_0:0.0\', \'val_1:1.0\', \'val_2:2.0\', \'val_3:3.0\', \'val_param_nr:4\'])>'
  - 组 'VCU_8'.VCU_HVAC_PTCShutImme data_type: 7 vs 0
  - 组 'VCU_8'.VCU_HVAC_PTCShutImme bit_count: 64 vs 1
  - 组 'VCU_8'.VCU_HVAC_PTCShutImme flags: 0 vs 16
  - 组 'VCU_8'.VCU_HVAC_PTCShutImme conversion: 'None' vs '<ChannelConversion (name: , unit: , comment: , formula: , referenced blocks: {\'text_0\': b\'No request\', \'text_1\': b\'immediate shutdown\', \'default_addr\': b\'\'}, address: 833152, fields: [\'_cache:None\', \'address:833152\', \'block_len:120\', \'comment:\', \'comment_addr:0\', \'conversion_type:7\', \'default_addr:0\', \'flags:0\', \'formula:\', "id:b\'##CC\'", \'inv_conv_addr:0\', \'is_user_defined:False\', \'links_nr:7\', \'max_phy_value:0.0\', \'min_phy_value:0.0\', \'name:\', \'name_addr:0\', \'precision:0\', \'ref_param_nr:3\', "referenced_blocks:{\'text_0\': b\'No request\', \'text_1\': b\'immediate shutdown\', \'default_addr\': b\'\'}", \'reserved0:0\', \'text_0:833064\', \'text_1:833104\', \'unit:\', \'unit_addr:0\', \'val_0:0.0\', \'val_1:1.0\', \'val_param_nr:2\'])>'
  - 组 'VCU_8'.VCU_DcChgCurrOutReq data_type: 4 vs 0
  - 组 'VCU_8'.VCU_DcChgCurrOutReq bit_count: 64 vs 16
  - 组 'VCU_8'.VCU_DcChgCurrOutReq flags: 0 vs 16
  - 组 'VCU_8'.VCU_DcChgCurrOutReq conversion: 'None' vs '<ChannelConversion (name: , unit: A, comment: , formula: , referenced blocks: {}, address: 835280, fields: [\'_cache:None\', \'a:0.1\', \'address:835280\', \'b:0.0\', \'block_len:96\', \'comment:\', \'comment_addr:0\', \'conversion_type:1\', \'flags:0\', \'formula:\', "id:b\'##CC\'", \'inv_conv_addr:0\', \'is_user_defined:False\', \'links_nr:4\', \'max_phy_value:0.0\', \'min_phy_value:0.0\', \'name:\', \'name_addr:0\', \'precision:0\', \'ref_param_nr:0\', \'referenced_blocks:{}\', \'reserved0:0\', \'unit:A\', \'unit_addr:835248\', \'val_param_nr:2\'])>'
  - 组 'VCU_8'.VCU_DcChgVoltOutReq data_type: 4 vs 0
  - 组 'VCU_8'.VCU_DcChgVoltOutReq bit_count: 64 vs 16
  - 组 'VCU_8'.VCU_DcChgVoltOutReq flags: 0 vs 16
  - 组 'VCU_8'.VCU_DcChgVoltOutReq conversion: 'None' vs '<ChannelConversion (name: , unit: V, comment: , formula: , referenced blocks: {}, address: 835824, fields: [\'_cache:None\', \'a:0.1\', \'address:835824\', \'b:0.0\', \'block_len:96\', \'comment:\', \'comment_addr:0\', \'conversion_type:1\', \'flags:0\', \'formula:\', "id:b\'##CC\'", \'inv_conv_addr:0\', \'is_user_defined:False\', \'links_nr:4\', \'max_phy_value:0.0\', \'min_phy_value:0.0\', \'name:\', \'name_addr:0\', \'precision:0\', \'ref_param_nr:0\', \'referenced_blocks:{}\', \'reserved0:0\', \'unit:V\', \'unit_addr:835792\', \'val_param_nr:2\'])>'
  - 组 'VCU_8'.VCU_ReplaceBattSubtotal bit_count: 32 vs 20
  - 组 'VCU_8'.VCU_ReplaceBattSubtotal flags: 0 vs 16
  - 组 'VCU_8'.VCU_ReplaceBattSubtotal conversion: 'None' vs '<ChannelConversion (name: , unit: km, comment: , formula: , referenced blocks: {}, address: 836368, fields: [\'_cache:None\', \'address:836368\', \'block_len:80\', \'comment:\', \'comment_addr:0\', \'conversion_type:0\', \'flags:0\', \'formula:\', "id:b\'##CC\'", \'inv_conv_addr:0\', \'is_user_defined:False\', \'links_nr:4\', \'max_phy_value:0.0\', \'min_phy_value:0.0\', \'name:\', \'name_addr:0\', \'precision:0\', \'ref_param_nr:0\', \'referenced_blocks:{}\', \'reserved0:0\', \'unit:km\', \'unit_addr:836336\', \'val_param_nr:0\'])>'
  - 组 'VCU_8'.VCU_NewBattRemainEnergy data_type: 4 vs 0
  - 组 'VCU_8'.VCU_NewBattRemainEnergy bit_count: 64 vs 8
  - 组 'VCU_8'.VCU_NewBattRemainEnergy flags: 0 vs 16
  - 组 'VCU_8'.VCU_NewBattRemainEnergy conversion: 'None' vs '<ChannelConversion (name: , unit: kwh, comment: , formula: , referenced blocks: {}, address: 836904, fields: [\'_cache:None\', \'a:0.1\', \'address:836904\', \'b:0.0\', \'block_len:96\', \'comment:\', \'comment_addr:0\', \'conversion_type:1\', \'flags:0\', \'formula:\', "id:b\'##CC\'", \'inv_conv_addr:0\', \'is_user_defined:False\', \'links_nr:4\', \'max_phy_value:0.0\', \'min_phy_value:0.0\', \'name:\', \'name_addr:0\', \'precision:0\', \'ref_param_nr:0\', \'referenced_blocks:{}\', \'reserved0:0\', \'unit:kwh\', \'unit_addr:836872\', \'val_param_nr:2\'])>'
  - 组 'VCU_8'.VCU_PreChgTargVolt data_type: 4 vs 0
  - 组 'VCU_8'.VCU_PreChgTargVolt bit_count: 64 vs 14
  - 组 'VCU_8'.VCU_PreChgTargVolt flags: 0 vs 16
  - 组 'VCU_8'.VCU_PreChgTargVolt conversion: 'None' vs '<ChannelConversion (name: , unit: V, comment: , formula: , referenced blocks: {}, address: 837472, fields: [\'_cache:None\', \'a:0.1\', \'address:837472\', \'b:0.0\', \'block_len:96\', \'comment:\', \'comment_addr:0\', \'conversion_type:1\', \'flags:0\', \'formula:\', "id:b\'##CC\'", \'inv_conv_addr:0\', \'is_user_defined:False\', \'links_nr:4\', \'max_phy_value:0.0\', \'min_phy_value:0.0\', \'name:\', \'name_addr:0\', \'precision:0\', \'ref_param_nr:0\', \'referenced_blocks:{}\', \'reserved0:0\', \'unit:V\', \'unit_addr:837440\', \'val_param_nr:2\'])>'
  - 组 'VCU_8'.VCU_BoostChgTargVolt data_type: 4 vs 0
  - 组 'VCU_8'.VCU_BoostChgTargVolt bit_count: 64 vs 14
  - 组 'VCU_8'.VCU_BoostChgTargVolt flags: 0 vs 16
  - 组 'VCU_8'.VCU_BoostChgTargVolt conversion: 'None' vs '<ChannelConversion (name: , unit: V, comment: , formula: , referenced blocks: {}, address: 838024, fields: [\'_cache:None\', \'a:0.1\', \'address:838024\', \'b:0.0\', \'block_len:96\', \'comment:\', \'comment_addr:0\', \'conversion_type:1\', \'flags:0\', \'formula:\', "id:b\'##CC\'", \'inv_conv_addr:0\', \'is_user_defined:False\', \'links_nr:4\', \'max_phy_value:0.0\', \'min_phy_value:0.0\', \'name:\', \'name_addr:0\', \'precision:0\', \'ref_param_nr:0\', \'referenced_blocks:{}\', \'reserved0:0\', \'unit:V\', \'unit_addr:837992\', \'val_param_nr:2\'])>'
  - 组 'VCU_8'.VCU_AHFActivatePwr data_type: 4 vs 0
  - 组 'VCU_8'.VCU_AHFActivatePwr bit_count: 64 vs 14
  - 组 'VCU_8'.VCU_AHFActivatePwr flags: 0 vs 16
  - 组 'VCU_8'.VCU_AHFActivatePwr conversion: 'None' vs '<ChannelConversion (name: , unit: W, comment: , formula: , referenced blocks: {}, address: 838576, fields: [\'_cache:None\', \'a:10.0\', \'address:838576\', \'b:0.0\', \'block_len:96\', \'comment:\', \'comment_addr:0\', \'conversion_type:1\', \'flags:0\', \'formula:\', "id:b\'##CC\'", \'inv_conv_addr:0\', \'is_user_defined:False\', \'links_nr:4\', \'max_phy_value:0.0\', \'min_phy_value:0.0\', \'name:\', \'name_addr:0\', \'precision:0\', \'ref_param_nr:0\', \'referenced_blocks:{}\', \'reserved0:0\', \'unit:W\', \'unit_addr:838544\', \'val_param_nr:2\'])>'
  - 组 'VCU_8'.VCU_DCU_IdcMeasure data_type: 4 vs 0
  - 组 'VCU_8'.VCU_DCU_IdcMeasure bit_count: 64 vs 14
  - 组 'VCU_8'.VCU_DCU_IdcMeasure flags: 0 vs 16
  - 组 'VCU_8'.VCU_DCU_IdcMeasure conversion: 'None' vs '<ChannelConversion (name: , unit: A, comment: , formula: , referenced blocks: {}, address: 840392, fields: [\'_cache:None\', \'a:0.1\', \'address:840392\', \'b:-819.2\', \'block_len:96\', \'comment:\', \'comment_addr:0\', \'conversion_type:1\', \'flags:0\', \'formula:\', "id:b\'##CC\'", \'inv_conv_addr:0\', \'is_user_defined:False\', \'links_nr:4\', \'max_phy_value:0.0\', \'min_phy_value:0.0\', \'name:\', \'name_addr:0\', \'precision:0\', \'ref_param_nr:0\', \'referenced_blocks:{}\', \'reserved0:0\', \'unit:A\', \'unit_addr:840360\', \'val_param_nr:2\'])>'
  - 组 'VCU_8'.VCU_TMS_AHFShutImme data_type: 7 vs 0
  - 组 'VCU_8'.VCU_TMS_AHFShutImme bit_count: 64 vs 1
  - 组 'VCU_8'.VCU_TMS_AHFShutImme flags: 0 vs 16
  - 组 'VCU_8'.VCU_TMS_AHFShutImme conversion: 'None' vs '<ChannelConversion (name: , unit: , comment: , formula: , referenced blocks: {\'text_0\': b\'No request\', \'text_1\': b\'immediate shutdown\', \'default_addr\': b\'\'}, address: 839832, fields: [\'_cache:None\', \'address:839832\', \'block_len:120\', \'comment:\', \'comment_addr:0\', \'conversion_type:7\', \'default_addr:0\', \'flags:0\', \'formula:\', "id:b\'##CC\'", \'inv_conv_addr:0\', \'is_user_defined:False\', \'links_nr:7\', \'max_phy_value:0.0\', \'min_phy_value:0.0\', \'name:\', \'name_addr:0\', \'precision:0\', \'ref_param_nr:3\', "referenced_blocks:{\'text_0\': b\'No request\', \'text_1\': b\'immediate shutdown\', \'default_addr\': b\'\'}", \'reserved0:0\', \'text_0:839744\', \'text_1:839784\', \'unit:\', \'unit_addr:0\', \'val_0:0.0\', \'val_1:1.0\', \'val_param_nr:2\'])>'
  - 组 'VCU_8'.VCU_TMS_AHFDelayEn data_type: 7 vs 0
  - 组 'VCU_8'.VCU_TMS_AHFDelayEn bit_count: 64 vs 1
  - 组 'VCU_8'.VCU_TMS_AHFDelayEn flags: 0 vs 16
  - 组 'VCU_8'.VCU_TMS_AHFDelayEn conversion: 'None' vs '<ChannelConversion (name: , unit: , comment: , formula: , referenced blocks: {\'text_0\': b\'Disable delay\', \'text_1\': b\'Enable delay\', \'default_addr\': b\'\'}, address: 839168, fields: [\'_cache:None\', \'address:839168\', \'block_len:120\', \'comment:\', \'comment_addr:0\', \'conversion_type:7\', \'default_addr:0\', \'flags:0\', \'formula:\', "id:b\'##CC\'", \'inv_conv_addr:0\', \'is_user_defined:False\', \'links_nr:7\', \'max_phy_value:0.0\', \'min_phy_value:0.0\', \'name:\', \'name_addr:0\', \'precision:0\', \'ref_param_nr:3\', "referenced_blocks:{\'text_0\': b\'Disable delay\', \'text_1\': b\'Enable delay\', \'default_addr\': b\'\'}", \'reserved0:0\', \'text_0:839088\', \'text_1:839128\', \'unit:\', \'unit_addr:0\', \'val_0:0.0\', \'val_1:1.0\', \'val_param_nr:2\'])>'
  - 组 'VCU_8'.VCU_TMS_AHFActivationSt data_type: 7 vs 0
  - 组 'VCU_8'.VCU_TMS_AHFActivationSt bit_count: 64 vs 3
  - 组 'VCU_8'.VCU_TMS_AHFActivationSt flags: 0 vs 16
  - 组 'VCU_8'.VCU_TMS_AHFActivationSt conversion: 'None' vs '<ChannelConversion (name: , unit: , comment: , formula: , referenced blocks: {\'text_0\': b\'AHF inactive\', \'text_1\': b\'Drive AHF active\', \'text_2\': b\'Rengen AHF active\', \'text_3\': b\'Dissipative AHF active\', \'default_addr\': b\'\'}, address: 841080, fields: [\'_cache:None\', \'address:841080\', \'block_len:152\', \'comment:\', \'comment_addr:0\', \'conversion_type:7\', \'default_addr:0\', \'flags:0\', \'formula:\', "id:b\'##CC\'", \'inv_conv_addr:0\', \'is_user_defined:False\', \'links_nr:9\', \'max_phy_value:0.0\', \'min_phy_value:0.0\', \'name:\', \'name_addr:0\', \'precision:0\', \'ref_param_nr:5\', "referenced_blocks:{\'text_0\': b\'AHF inactive\', \'text_1\': b\'Drive AHF active\', \'text_2\': b\'Rengen AHF active\', \'text_3\': b\'Dissipative AHF active\', \'default_addr\': b\'\'}", \'reserved0:0\', \'text_0:840896\', \'text_1:840936\', \'text_2:840984\', \'text_3:841032\', \'unit:\', \'unit_addr:0\', \'val_0:0.0\', \'val_1:1.0\', \'val_2:2.0\', \'val_3:3.0\', \'val_param_nr:4\'])>'
  - 组 'DCU_2': 组内信号序不同 ['DCU_2_CRC', 'DCU_2_Counter', 'DCU_BoostChgPwrMax', 'DCU_AHF_ActPwr', 'DCU_BoostCurrMax', 'DCU_TypeSt', 'DCU_OffsetCalInd', 'DCU_DisChgPwrMax']... vs ['DCU_2_CRC', 'DCU_2_Counter', 'DCU_BoostChgPwrMax', 'DCU_AHF_ActPwr', 'DCU_BoostCurrMax', 'DCU_OffsetCalInd', 'DCU_TypeSt', 'DCU_DisChgPwrMax']...
  - 组 'DCU_2'.t data_type: 4 vs 0
  - 组 'DCU_2'.t conversion: 'None' vs '<ChannelConversion (name: , unit: s, comment: , formula: , referenced blocks: {}, address: 1344, fields: [\'_cache:None\', \'a:1e-09\', \'address:1344\', \'b:0.0\', \'block_len:96\', \'comment:\', \'comment_addr:0\', \'conversion_type:1\', \'flags:0\', \'formula:\', "id:b\'##CC\'", \'inv_conv_addr:0\', \'is_user_defined:False\', \'links_nr:4\', \'max_phy_value:0.0\', \'min_phy_value:0.0\', \'name:\', \'name_addr:0\', \'precision:0\', \'ref_param_nr:0\', \'referenced_blocks:{}\', \'reserved0:0\', \'unit:s\', \'unit_addr:1312\', \'val_param_nr:2\'])>'
  - 组 'DCU_2'.DCU_2_CRC flags: 0 vs 16
  - 组 'DCU_2'.DCU_2_Counter flags: 0 vs 16
  - 组 'DCU_2'.DCU_BoostChgPwrMax bit_count: 8 vs 7
  - 组 'DCU_2'.DCU_BoostChgPwrMax flags: 0 vs 16
  - 组 'DCU_2'.DCU_BoostChgPwrMax conversion: 'None' vs '<ChannelConversion (name: , unit: kW, comment: , formula: , referenced blocks: {}, address: 843144, fields: [\'_cache:None\', \'address:843144\', \'block_len:80\', \'comment:\', \'comment_addr:0\', \'conversion_type:0\', \'flags:0\', \'formula:\', "id:b\'##CC\'", \'inv_conv_addr:0\', \'is_user_defined:False\', \'links_nr:4\', \'max_phy_value:0.0\', \'min_phy_value:0.0\', \'name:\', \'name_addr:0\', \'precision:0\', \'ref_param_nr:0\', \'referenced_blocks:{}\', \'reserved0:0\', \'unit:kW\', \'unit_addr:843112\', \'val_param_nr:0\'])>'
  - 组 'DCU_2'.DCU_AHF_ActPwr data_type: 4 vs 0
  - 组 'DCU_2'.DCU_AHF_ActPwr bit_count: 64 vs 10
  - 组 'DCU_2'.DCU_AHF_ActPwr flags: 0 vs 16
  - 组 'DCU_2'.DCU_AHF_ActPwr conversion: 'None' vs '<ChannelConversion (name: , unit: W, comment: , formula: , referenced blocks: {}, address: 843664, fields: [\'_cache:None\', \'a:20.0\', \'address:843664\', \'b:0.0\', \'block_len:96\', \'comment:\', \'comment_addr:0\', \'conversion_type:1\', \'flags:0\', \'formula:\', "id:b\'##CC\'", \'inv_conv_addr:0\', \'is_user_defined:False\', \'links_nr:4\', \'max_phy_value:0.0\', \'min_phy_value:0.0\', \'name:\', \'name_addr:0\', \'precision:0\', \'ref_param_nr:0\', \'referenced_blocks:{}\', \'reserved0:0\', \'unit:W\', \'unit_addr:843632\', \'val_param_nr:2\'])>'
  - 组 'DCU_2'.DCU_BoostCurrMax flags: 0 vs 16
  - 组 'DCU_2'.DCU_BoostCurrMax conversion: 'None' vs '<ChannelConversion (name: , unit: A, comment: , formula: , referenced blocks: {}, address: 844184, fields: [\'_cache:None\', \'address:844184\', \'block_len:80\', \'comment:\', \'comment_addr:0\', \'conversion_type:0\', \'flags:0\', \'formula:\', "id:b\'##CC\'", \'inv_conv_addr:0\', \'is_user_defined:False\', \'links_nr:4\', \'max_phy_value:0.0\', \'min_phy_value:0.0\', \'name:\', \'name_addr:0\', \'precision:0\', \'ref_param_nr:0\', \'referenced_blocks:{}\', \'reserved0:0\', \'unit:A\', \'unit_addr:844152\', \'val_param_nr:0\'])>'
  - 组 'DCU_2'.DCU_TypeSt data_type: 7 vs 0
  - 组 'DCU_2'.DCU_TypeSt bit_count: 64 vs 4
  - 组 'DCU_2'.DCU_TypeSt flags: 0 vs 16
  - 组 'DCU_2'.DCU_TypeSt conversion: 'None' vs '<ChannelConversion (name: , unit: , comment: , formula: , referenced blocks: {\'text_0\': b\'Not valid;- others : reserved\', \'text_1\': b\'Type1\', \'text_2\': b\'Type2\', \'default_addr\': b\'\'}, address: 845408, fields: [\'_cache:None\', \'address:845408\', \'block_len:136\', \'comment:\', \'comment_addr:0\', \'conversion_type:7\', \'default_addr:0\', \'flags:0\', \'formula:\', "id:b\'##CC\'", \'inv_conv_addr:0\', \'is_user_defined:False\', \'links_nr:8\', \'max_phy_value:0.0\', \'min_phy_value:0.0\', \'name:\', \'name_addr:0\', \'precision:0\', \'ref_param_nr:4\', "referenced_blocks:{\'text_0\': b\'Not valid;- others : reserved\', \'text_1\': b\'Type1\', \'text_2\': b\'Type2\', \'default_addr\': b\'\'}", \'reserved0:0\', \'text_0:845288\', \'text_1:845344\', \'text_2:845376\', \'unit:\', \'unit_addr:0\', \'val_0:0.0\', \'val_1:1.0\', \'val_2:2.0\', \'val_param_nr:3\'])>'
  - 组 'DCU_2'.DCU_OffsetCalInd data_type: 7 vs 0
  - 组 'DCU_2'.DCU_OffsetCalInd bit_count: 64 vs 1
  - 组 'DCU_2'.DCU_OffsetCalInd flags: 0 vs 16
  - 组 'DCU_2'.DCU_OffsetCalInd conversion: 'None' vs '<ChannelConversion (name: , unit: , comment: , formula: , referenced blocks: {\'text_0\': b\'Default / nok\', \'text_1\': b\'Calibration succeeded\', \'default_addr\': b\'\'}, address: 844752, fields: [\'_cache:None\', \'address:844752\', \'block_len:120\', \'comment:\', \'comment_addr:0\', \'conversion_type:7\', \'default_addr:0\', \'flags:0\', \'formula:\', "id:b\'##CC\'", \'inv_conv_addr:0\', \'is_user_defined:False\', \'links_nr:7\', \'max_phy_value:0.0\', \'min_phy_value:0.0\', \'name:\', \'name_addr:0\', \'precision:0\', \'ref_param_nr:3\', "referenced_blocks:{\'text_0\': b\'Default / nok\', \'text_1\': b\'Calibration succeeded\', \'default_addr\': b\'\'}", \'reserved0:0\', \'text_0:844664\', \'text_1:844704\', \'unit:\', \'unit_addr:0\', \'val_0:0.0\', \'val_1:1.0\', \'val_param_nr:2\'])>'
  - 组 'DCU_2'.DCU_DisChgPwrMax bit_count: 8 vs 7
  - 组 'DCU_2'.DCU_DisChgPwrMax flags: 0 vs 16
  - 组 'DCU_2'.DCU_DisChgPwrMax conversion: 'None' vs '<ChannelConversion (name: , unit: kW, comment: , formula: , referenced blocks: {}, address: 845968, fields: [\'_cache:None\', \'address:845968\', \'block_len:80\', \'comment:\', \'comment_addr:0\', \'conversion_type:0\', \'flags:0\', \'formula:\', "id:b\'##CC\'", \'inv_conv_addr:0\', \'is_user_defined:False\', \'links_nr:4\', \'max_phy_value:0.0\', \'min_phy_value:0.0\', \'name:\', \'name_addr:0\', \'precision:0\', \'ref_param_nr:0\', \'referenced_blocks:{}\', \'reserved0:0\', \'unit:kW\', \'unit_addr:845936\', \'val_param_nr:0\'])>'
  - 组 'DCU_2'.DCU_InvtTemp data_type: 4 vs 0
  - 组 'DCU_2'.DCU_InvtTemp bit_count: 64 vs 8
  - 组 'DCU_2'.DCU_InvtTemp flags: 0 vs 16
  - 组 'DCU_2'.DCU_InvtTemp conversion: 'None' vs '<ChannelConversion (name: , unit: degC, comment: , formula: , referenced blocks: {}, address: 846480, fields: [\'_cache:None\', \'a:1.0\', \'address:846480\', \'b:-40.0\', \'block_len:96\', \'comment:\', \'comment_addr:0\', \'conversion_type:1\', \'flags:0\', \'formula:\', "id:b\'##CC\'", \'inv_conv_addr:0\', \'is_user_defined:False\', \'links_nr:4\', \'max_phy_value:0.0\', \'min_phy_value:0.0\', \'name:\', \'name_addr:0\', \'precision:0\', \'ref_param_nr:0\', \'referenced_blocks:{}\', \'reserved0:0\', \'unit:degC\', \'unit_addr:846448\', \'val_param_nr:2\'])>'
  - 组 'DCU_2'.DCU_RotTemp data_type: 4 vs 0
  - 组 'DCU_2'.DCU_RotTemp bit_count: 64 vs 9
  - 组 'DCU_2'.DCU_RotTemp flags: 0 vs 16
  - 组 'DCU_2'.DCU_RotTemp conversion: 'None' vs '<ChannelConversion (name: , unit: degC, comment: , formula: , referenced blocks: {}, address: 846992, fields: [\'_cache:None\', \'a:1.0\', \'address:846992\', \'b:-40.0\', \'block_len:96\', \'comment:\', \'comment_addr:0\', \'conversion_type:1\', \'flags:0\', \'formula:\', "id:b\'##CC\'", \'inv_conv_addr:0\', \'is_user_defined:False\', \'links_nr:4\', \'max_phy_value:0.0\', \'min_phy_value:0.0\', \'name:\', \'name_addr:0\', \'precision:0\', \'ref_param_nr:0\', \'referenced_blocks:{}\', \'reserved0:0\', \'unit:degC\', \'unit_addr:846960\', \'val_param_nr:2\'])>'
  - 组 'DCU_2'.DCU_CooltReq data_type: 4 vs 0
  - 组 'DCU_2'.DCU_CooltReq bit_count: 64 vs 6
  - 组 'DCU_2'.DCU_CooltReq flags: 0 vs 16
  - 组 'DCU_2'.DCU_CooltReq conversion: 'None' vs '<ChannelConversion (name: , unit: L/min, comment: , formula: , referenced blocks: {}, address: 848136, fields: [\'_cache:None\', \'a:0.25\', \'address:848136\', \'b:0.0\', \'block_len:96\', \'comment:\', \'comment_addr:0\', \'conversion_type:1\', \'flags:0\', \'formula:\', "id:b\'##CC\'", \'inv_conv_addr:0\', \'is_user_defined:False\', \'links_nr:4\', \'max_phy_value:0.0\', \'min_phy_value:0.0\', \'name:\', \'name_addr:0\', \'precision:0\', \'ref_param_nr:0\', \'referenced_blocks:{}\', \'reserved0:0\', \'unit:L/min\', \'unit_addr:848104\', \'val_param_nr:2\'])>'
  - 组 'DCU_2'.DCU_FaultLampInd data_type: 7 vs 0
  - 组 'DCU_2'.DCU_FaultLampInd bit_count: 64 vs 1
  - 组 'DCU_2'.DCU_FaultLampInd flags: 0 vs 16
  - 组 'DCU_2'.DCU_FaultLampInd conversion: 'None' vs '<ChannelConversion (name: , unit: , comment: , formula: , referenced blocks: {\'text_0\': b\'Lamp off\', \'text_1\': b\'Lamp on\', \'default_addr\': b\'\'}, address: 847544, fields: [\'_cache:None\', \'address:847544\', \'block_len:120\', \'comment:\', \'comment_addr:0\', \'conversion_type:7\', \'default_addr:0\', \'flags:0\', \'formula:\', "id:b\'##CC\'", \'inv_conv_addr:0\', \'is_user_defined:False\', \'links_nr:7\', \'max_phy_value:0.0\', \'min_phy_value:0.0\', \'name:\', \'name_addr:0\', \'precision:0\', \'ref_param_nr:3\', "referenced_blocks:{\'text_0\': b\'Lamp off\', \'text_1\': b\'Lamp on\', \'default_addr\': b\'\'}", \'reserved0:0\', \'text_0:847472\', \'text_1:847512\', \'unit:\', \'unit_addr:0\', \'val_0:0.0\', \'val_1:1.0\', \'val_param_nr:2\'])>'
  - 组 'DCU_2'.DCU_StatTemp data_type: 4 vs 0
  - 组 'DCU_2'.DCU_StatTemp bit_count: 64 vs 9
  - 组 'DCU_2'.DCU_StatTemp flags: 0 vs 16
  - 组 'DCU_2'.DCU_StatTemp conversion: 'None' vs '<ChannelConversion (name: , unit: degC, comment: , formula: , referenced blocks: {}, address: 848648, fields: [\'_cache:None\', \'a:1.0\', \'address:848648\', \'b:-40.0\', \'block_len:96\', \'comment:\', \'comment_addr:0\', \'conversion_type:1\', \'flags:0\', \'formula:\', "id:b\'##CC\'", \'inv_conv_addr:0\', \'is_user_defined:False\', \'links_nr:4\', \'max_phy_value:0.0\', \'min_phy_value:0.0\', \'name:\', \'name_addr:0\', \'precision:0\', \'ref_param_nr:0\', \'referenced_blocks:{}\', \'reserved0:0\', \'unit:degC\', \'unit_addr:848616\', \'val_param_nr:2\'])>'
  - 组 'DCU_2'.DCU_TempCoolant data_type: 4 vs 0
  - 组 'DCU_2'.DCU_TempCoolant bit_count: 64 vs 8
  - 组 'DCU_2'.DCU_TempCoolant flags: 0 vs 16
  - 组 'DCU_2'.DCU_TempCoolant conversion: 'None' vs '<ChannelConversion (name: , unit: degC, comment: , formula: , referenced blocks: {}, address: 849160, fields: [\'_cache:None\', \'a:1.0\', \'address:849160\', \'b:-40.0\', \'block_len:96\', \'comment:\', \'comment_addr:0\', \'conversion_type:1\', \'flags:0\', \'formula:\', "id:b\'##CC\'", \'inv_conv_addr:0\', \'is_user_defined:False\', \'links_nr:4\', \'max_phy_value:0.0\', \'min_phy_value:0.0\', \'name:\', \'name_addr:0\', \'precision:0\', \'ref_param_nr:0\', \'referenced_blocks:{}\', \'reserved0:0\', \'unit:degC\', \'unit_addr:849128\', \'val_param_nr:2\'])>'
  - 组 'DCU_2'.DCU_BuckCurrMax flags: 0 vs 16
  - 组 'DCU_2'.DCU_BuckCurrMax conversion: 'None' vs '<ChannelConversion (name: , unit: A, comment: , formula: , referenced blocks: {}, address: 850264, fields: [\'_cache:None\', \'address:850264\', \'block_len:80\', \'comment:\', \'comment_addr:0\', \'conversion_type:0\', \'flags:0\', \'formula:\', "id:b\'##CC\'", \'inv_conv_addr:0\', \'is_user_defined:False\', \'links_nr:4\', \'max_phy_value:0.0\', \'min_phy_value:0.0\', \'name:\', \'name_addr:0\', \'precision:0\', \'ref_param_nr:0\', \'referenced_blocks:{}\', \'reserved0:0\', \'unit:A\', \'unit_addr:850232\', \'val_param_nr:0\'])>'
  - 组 'DCU_2'.DCU_K2RlyAdhmode data_type: 7 vs 0
  - 组 'DCU_2'.DCU_K2RlyAdhmode bit_count: 64 vs 1
  - 组 'DCU_2'.DCU_K2RlyAdhmode flags: 0 vs 16
  - 组 'DCU_2'.DCU_K2RlyAdhmode conversion: 'None' vs '<ChannelConversion (name: , unit: , comment: , formula: , referenced blocks: {\'text_0\': b\'OFF\', \'text_1\': b\'ON\', \'default_addr\': b\'\'}, address: 849712, fields: [\'_cache:None\', \'address:849712\', \'block_len:120\', \'comment:\', \'comment_addr:0\', \'conversion_type:7\', \'default_addr:0\', \'flags:0\', \'formula:\', "id:b\'##CC\'", \'inv_conv_addr:0\', \'is_user_defined:False\', \'links_nr:7\', \'max_phy_value:0.0\', \'min_phy_value:0.0\', \'name:\', \'name_addr:0\', \'precision:0\', \'ref_param_nr:3\', "referenced_blocks:{\'text_0\': b\'OFF\', \'text_1\': b\'ON\', \'default_addr\': b\'\'}", \'reserved0:0\', \'text_0:849648\', \'text_1:849680\', \'unit:\', \'unit_addr:0\', \'val_0:0.0\', \'val_1:1.0\', \'val_param_nr:2\'])>'
  - 组 'BMC_2': 组内信号序不同 ['BMC_2_CRC', 'BMC_2_Counter', 'BMC_TypeSt', 'BMC_CellVoltMax', 'BMC_CellVoltMin', 'BMC_InslRes', 'BMC_BattSoe', 'BMC_InslSt']... vs ['BMC_2_CRC', 'BMC_2_Counter', 'BMC_TypeSt', 'BMC_CellVoltMax', 'BMC_CellVoltMin', 'BMC_InslRes', 'BMC_InslSt', 'BMC_BattSoe']...
  - 组 'BMC_2'.t data_type: 4 vs 0
  - 组 'BMC_2'.t conversion: 'None' vs '<ChannelConversion (name: , unit: s, comment: , formula: , referenced blocks: {}, address: 1344, fields: [\'_cache:None\', \'a:1e-09\', \'address:1344\', \'b:0.0\', \'block_len:96\', \'comment:\', \'comment_addr:0\', \'conversion_type:1\', \'flags:0\', \'formula:\', "id:b\'##CC\'", \'inv_conv_addr:0\', \'is_user_defined:False\', \'links_nr:4\', \'max_phy_value:0.0\', \'min_phy_value:0.0\', \'name:\', \'name_addr:0\', \'precision:0\', \'ref_param_nr:0\', \'referenced_blocks:{}\', \'reserved0:0\', \'unit:s\', \'unit_addr:1312\', \'val_param_nr:2\'])>'
  - 组 'BMC_2'.BMC_2_CRC flags: 0 vs 16
  - 组 'BMC_2'.BMC_2_Counter flags: 0 vs 16
  - 组 'BMC_2'.BMC_TypeSt data_type: 7 vs 0
  - 组 'BMC_2'.BMC_TypeSt bit_count: 64 vs 8
  - 组 'BMC_2'.BMC_TypeSt flags: 0 vs 16
  - 组 'BMC_2'.BMC_TypeSt conversion: 'None' vs '<ChannelConversion (name: , unit: , comment: , formula: , referenced blocks: {\'text_0\': b\'Not valid;- others : reserved\', \'text_1\': b\'Type1\', \'text_2\': b\'Type2\', \'text_3\': b\'Type3\', \'text_4\': b\'Type4\', \'text_5\': b\'Type5\', \'text_6\': b\'Type6\', \'text_7\': b\'Type7\', \'default_addr\': b\'\'}, address: 859792, fields: [\'_cache:None\', \'address:859792\', \'block_len:216\', \'comment:\', \'comment_addr:0\', \'conversion_type:7\', \'default_addr:0\', \'flags:0\', \'formula:\', "id:b\'##CC\'", \'inv_conv_addr:0\', \'is_user_defined:False\', \'links_nr:13\', \'max_phy_value:0.0\', \'min_phy_value:0.0\', \'name:\', \'name_addr:0\', \'precision:0\', \'ref_param_nr:9\', "referenced_blocks:{\'text_0\': b\'Not valid;- others : reserved\', \'text_1\': b\'Type1\', \'text_2\': b\'Type2\', \'text_3\': b\'Type3\', \'text_4\': b\'Type4\', \'text_5\': b\'Type5\', \'text_6\': b\'Type6\', \'text_7\': b\'Type7\', \'default_addr\': b\'\'}", \'reserved0:0\', \'text_0:859512\', \'text_1:859568\', \'text_2:859600\', \'text_3:859632\', \'text_4:859664\', \'text_5:859696\', \'text_6:859728\', \'text_7:859760\', \'unit:\', \'unit_addr:0\', \'val_0:0.0\', \'val_1:1.0\', \'val_2:2.0\', \'val_3:3.0\', \'val_4:4.0\', \'val_5:5.0\', \'val_6:6.0\', \'val_7:7.0\', \'val_param_nr:8\'])>'
  - 组 'BMC_2'.BMC_CellVoltMax data_type: 4 vs 0
  - 组 'BMC_2'.BMC_CellVoltMax bit_count: 64 vs 14
  - 组 'BMC_2'.BMC_CellVoltMax flags: 0 vs 16
  - 组 'BMC_2'.BMC_CellVoltMax conversion: 'None' vs '<ChannelConversion (name: , unit: V, comment: , formula: , referenced blocks: {}, address: 860432, fields: [\'_cache:None\', \'a:0.001\', \'address:860432\', \'b:-5.0\', \'block_len:96\', \'comment:\', \'comment_addr:0\', \'conversion_type:1\', \'flags:0\', \'formula:\', "id:b\'##CC\'", \'inv_conv_addr:0\', \'is_user_defined:False\', \'links_nr:4\', \'max_phy_value:0.0\', \'min_phy_value:0.0\', \'name:\', \'name_addr:0\', \'precision:0\', \'ref_param_nr:0\', \'referenced_blocks:{}\', \'reserved0:0\', \'unit:V\', \'unit_addr:860400\', \'val_param_nr:2\'])>'
  - 组 'BMC_2'.BMC_CellVoltMin data_type: 4 vs 0
  - 组 'BMC_2'.BMC_CellVoltMin bit_count: 64 vs 14
  - 组 'BMC_2'.BMC_CellVoltMin flags: 0 vs 16
  - 组 'BMC_2'.BMC_CellVoltMin conversion: 'None' vs '<ChannelConversion (name: , unit: V, comment: , formula: , referenced blocks: {}, address: 860944, fields: [\'_cache:None\', \'a:0.001\', \'address:860944\', \'b:-5.0\', \'block_len:96\', \'comment:\', \'comment_addr:0\', \'conversion_type:1\', \'flags:0\', \'formula:\', "id:b\'##CC\'", \'inv_conv_addr:0\', \'is_user_defined:False\', \'links_nr:4\', \'max_phy_value:0.0\', \'min_phy_value:0.0\', \'name:\', \'name_addr:0\', \'precision:0\', \'ref_param_nr:0\', \'referenced_blocks:{}\', \'reserved0:0\', \'unit:V\', \'unit_addr:860912\', \'val_param_nr:2\'])>'
  - 组 'BMC_2'.BMC_InslRes flags: 0 vs 16
  - 组 'BMC_2'.BMC_InslRes conversion: 'None' vs '<ChannelConversion (name: , unit: KOhm, comment: , formula: , referenced blocks: {}, address: 861456, fields: [\'_cache:None\', \'address:861456\', \'block_len:80\', \'comment:\', \'comment_addr:0\', \'conversion_type:0\', \'flags:0\', \'formula:\', "id:b\'##CC\'", \'inv_conv_addr:0\', \'is_user_defined:False\', \'links_nr:4\', \'max_phy_value:0.0\', \'min_phy_value:0.0\', \'name:\', \'name_addr:0\', \'precision:0\', \'ref_param_nr:0\', \'referenced_blocks:{}\', \'reserved0:0\', \'unit:KOhm\', \'unit_addr:861424\', \'val_param_nr:0\'])>'
  - 组 'BMC_2'.BMC_BattSoe data_type: 4 vs 0
  - 组 'BMC_2'.BMC_BattSoe bit_count: 64 vs 10
  - 组 'BMC_2'.BMC_BattSoe flags: 0 vs 16
  - 组 'BMC_2'.BMC_BattSoe conversion: 'None' vs '<ChannelConversion (name: , unit: kwh, comment: , formula: , referenced blocks: {}, address: 862712, fields: [\'_cache:None\', \'a:0.1\', \'address:862712\', \'b:0.0\', \'block_len:96\', \'comment:\', \'comment_addr:0\', \'conversion_type:1\', \'flags:0\', \'formula:\', "id:b\'##CC\'", \'inv_conv_addr:0\', \'is_user_defined:False\', \'links_nr:4\', \'max_phy_value:0.0\', \'min_phy_value:0.0\', \'name:\', \'name_addr:0\', \'precision:0\', \'ref_param_nr:0\', \'referenced_blocks:{}\', \'reserved0:0\', \'unit:kwh\', \'unit_addr:862680\', \'val_param_nr:2\'])>'
  - 组 'BMC_2'.BMC_InslSt data_type: 7 vs 0
  - 组 'BMC_2'.BMC_InslSt bit_count: 64 vs 2
  - 组 'BMC_2'.BMC_InslSt flags: 0 vs 16
  - 组 'BMC_2'.BMC_InslSt conversion: 'None' vs '<ChannelConversion (name: , unit: , comment: , formula: , referenced blocks: {\'text_0\': b\'Insulation OK\', \'text_1\': b\'Insulation Error Battery\', \'text_2\': b\'Insulation Error HV bus\', \'text_3\': b\'Insulation Error\', \'default_addr\': b\'\'}, address: 862144, fields: [\'_cache:None\', \'address:862144\', \'block_len:152\', \'comment:\', \'comment_addr:0\', \'conversion_type:7\', \'default_addr:0\', \'flags:0\', \'formula:\', "id:b\'##CC\'", \'inv_conv_addr:0\', \'is_user_defined:False\', \'links_nr:9\', \'max_phy_value:0.0\', \'min_phy_value:0.0\', \'name:\', \'name_addr:0\', \'precision:0\', \'ref_param_nr:5\', "referenced_blocks:{\'text_0\': b\'Insulation OK\', \'text_1\': b\'Insulation Error Battery\', \'text_2\': b\'Insulation Error HV bus\', \'text_3\': b\'Insulation Error\', \'default_addr\': b\'\'}", \'reserved0:0\', \'text_0:861952\', \'text_1:861992\', \'text_2:862048\', \'text_3:862096\', \'unit:\', \'unit_addr:0\', \'val_0:0.0\', \'val_1:1.0\', \'val_2:2.0\', \'val_3:3.0\', \'val_param_nr:4\'])>'
  - 组 'BMC_2'.BMC_CellVoltAvg data_type: 4 vs 0
  - 组 'BMC_2'.BMC_CellVoltAvg bit_count: 64 vs 14
  - 组 'BMC_2'.BMC_CellVoltAvg flags: 0 vs 16
  - 组 'BMC_2'.BMC_CellVoltAvg conversion: 'None' vs '<ChannelConversion (name: , unit: V, comment: , formula: , referenced blocks: {}, address: 863224, fields: [\'_cache:None\', \'a:0.001\', \'address:863224\', \'b:-5.0\', \'block_len:96\', \'comment:\', \'comment_addr:0\', \'conversion_type:1\', \'flags:0\', \'formula:\', "id:b\'##CC\'", \'inv_conv_addr:0\', \'is_user_defined:False\', \'links_nr:4\', \'max_phy_value:0.0\', \'min_phy_value:0.0\', \'name:\', \'name_addr:0\', \'precision:0\', \'ref_param_nr:0\', \'referenced_blocks:{}\', \'reserved0:0\', \'unit:V\', \'unit_addr:863192\', \'val_param_nr:2\'])>'
  - 组 'BMC_2'.BMC_ChgCurrMax_Peak data_type: 4 vs 0
  - 组 'BMC_2'.BMC_ChgCurrMax_Peak bit_count: 64 vs 12
  - 组 'BMC_2'.BMC_ChgCurrMax_Peak flags: 0 vs 16
  - 组 'BMC_2'.BMC_ChgCurrMax_Peak conversion: 'None' vs '<ChannelConversion (name: , unit: A, comment: , formula: , referenced blocks: {}, address: 864400, fields: [\'_cache:None\', \'a:0.2\', \'address:864400\', \'b:0.0\', \'block_len:96\', \'comment:\', \'comment_addr:0\', \'conversion_type:1\', \'flags:0\', \'formula:\', "id:b\'##CC\'", \'inv_conv_addr:0\', \'is_user_defined:False\', \'links_nr:4\', \'max_phy_value:0.0\', \'min_phy_value:0.0\', \'name:\', \'name_addr:0\', \'precision:0\', \'ref_param_nr:0\', \'referenced_blocks:{}\', \'reserved0:0\', \'unit:A\', \'unit_addr:864368\', \'val_param_nr:2\'])>'
  - 组 'BMC_2'.BMC_SepaHeatSt data_type: 7 vs 0
  - 组 'BMC_2'.BMC_SepaHeatSt bit_count: 64 vs 2
  - 组 'BMC_2'.BMC_SepaHeatSt flags: 0 vs 16
  - 组 'BMC_2'.BMC_SepaHeatSt conversion: 'None' vs '<ChannelConversion (name: , unit: , comment: , formula: , referenced blocks: {\'text_0\': b\'Not work;- others : reserved\', \'text_1\': b\'separate heat state\', \'text_2\': b\'separating\', \'default_addr\': b\'\'}, address: 863848, fields: [\'_cache:None\', \'address:863848\', \'block_len:136\', \'comment:\', \'comment_addr:0\', \'conversion_type:7\', \'default_addr:0\', \'flags:0\', \'formula:\', "id:b\'##CC\'", \'inv_conv_addr:0\', \'is_user_defined:False\', \'links_nr:8\', \'max_phy_value:0.0\', \'min_phy_value:0.0\', \'name:\', \'name_addr:0\', \'precision:0\', \'ref_param_nr:4\', "referenced_blocks:{\'text_0\': b\'Not work;- others : reserved\', \'text_1\': b\'separate heat state\', \'text_2\': b\'separating\', \'default_addr\': b\'\'}", \'reserved0:0\', \'text_0:863704\', \'text_1:863760\', \'text_2:863808\', \'unit:\', \'unit_addr:0\', \'val_0:0.0\', \'val_1:1.0\', \'val_2:2.0\', \'val_param_nr:3\'])>'
  - 组 'BMC_2'.BMC_ErrLvl data_type: 7 vs 0
  - 组 'BMC_2'.BMC_ErrLvl bit_count: 64 vs 3
  - 组 'BMC_2'.BMC_ErrLvl flags: 0 vs 16
  - 组 'BMC_2'.BMC_ErrLvl conversion: 'None' vs '<ChannelConversion (name: , unit: , comment: , formula: , referenced blocks: {\'text_0\': b\'No error\', \'text_1\': b\'Internal Information\', \'text_2\': b\'Information\', \'text_3\': b\'Warning (Limp Home)\', \'text_4\': b\'Error (Shutdown)\', \'text_5\': b\'Critical Error (Emergency Shutdown)\', \'text_6\': b\'Temporary Lockdown (Restart System)\', \'text_7\': b\'Lockdown\', \'default_addr\': b\'\'}, address: 867080, fields: [\'_cache:None\', \'address:867080\', \'block_len:216\', \'comment:\', \'comment_addr:0\', \'conversion_type:7\', \'default_addr:0\', \'flags:0\', \'formula:\', "id:b\'##CC\'", \'inv_conv_addr:0\', \'is_user_defined:False\', \'links_nr:13\', \'max_phy_value:0.0\', \'min_phy_value:0.0\', \'name:\', \'name_addr:0\', \'precision:0\', \'ref_param_nr:9\', "referenced_blocks:{\'text_0\': b\'No error\', \'text_1\': b\'Internal Information\', \'text_2\': b\'Information\', \'text_3\': b\'Warning (Limp Home)\', \'text_4\': b\'Error (Shutdown)\', \'text_5\': b\'Critical Error (Emergency Shutdown)\', \'text_6\': b\'Temporary Lockdown (Restart System)\', \'text_7\': b\'Lockdown\', \'default_addr\': b\'\'}", \'reserved0:0\', \'text_0:866688\', \'text_1:866728\', \'text_2:866776\', \'text_3:866816\', \'text_4:866864\', \'text_5:866912\', \'text_6:866976\', \'text_7:867040\', \'unit:\', \'unit_addr:0\', \'val_0:0.0\', \'val_1:1.0\', \'val_2:2.0\', \'val_3:3.0\', \'val_4:4.0\', \'val_5:5.0\', \'val_6:6.0\', \'val_7:7.0\', \'val_param_nr:8\'])>'
  - 组 'BMC_2'.BMC_HealCheckNotice data_type: 7 vs 0
  - 组 'BMC_2'.BMC_HealCheckNotice bit_count: 64 vs 1
  - 组 'BMC_2'.BMC_HealCheckNotice flags: 0 vs 16
  - 组 'BMC_2'.BMC_HealCheckNotice conversion: 'None' vs '<ChannelConversion (name: , unit: , comment: , formula: , referenced blocks: {\'text_0\': b\'No notice\', \'text_1\': b\'Notice\', \'default_addr\': b\'\'}, address: 866184, fields: [\'_cache:None\', \'address:866184\', \'block_len:120\', \'comment:\', \'comment_addr:0\', \'conversion_type:7\', \'default_addr:0\', \'flags:0\', \'formula:\', "id:b\'##CC\'", \'inv_conv_addr:0\', \'is_user_defined:False\', \'links_nr:7\', \'max_phy_value:0.0\', \'min_phy_value:0.0\', \'name:\', \'name_addr:0\', \'precision:0\', \'ref_param_nr:3\', "referenced_blocks:{\'text_0\': b\'No notice\', \'text_1\': b\'Notice\', \'default_addr\': b\'\'}", \'reserved0:0\', \'text_0:866112\', \'text_1:866152\', \'unit:\', \'unit_addr:0\', \'val_0:0.0\', \'val_1:1.0\', \'val_param_nr:2\'])>'
  - 组 'BMC_2'.BMC_HealCheckReq data_type: 7 vs 0
  - 组 'BMC_2'.BMC_HealCheckReq bit_count: 64 vs 1
  - 组 'BMC_2'.BMC_HealCheckReq flags: 0 vs 16
  - 组 'BMC_2'.BMC_HealCheckReq conversion: 'None' vs '<ChannelConversion (name: , unit: , comment: , formula: , referenced blocks: {\'text_0\': b\'No request\', \'text_1\': b\'request\', \'default_addr\': b\'\'}, address: 865608, fields: [\'_cache:None\', \'address:865608\', \'block_len:120\', \'comment:\', \'comment_addr:0\', \'conversion_type:7\', \'default_addr:0\', \'flags:0\', \'formula:\', "id:b\'##CC\'", \'inv_conv_addr:0\', \'is_user_defined:False\', \'links_nr:7\', \'max_phy_value:0.0\', \'min_phy_value:0.0\', \'name:\', \'name_addr:0\', \'precision:0\', \'ref_param_nr:3\', "referenced_blocks:{\'text_0\': b\'No request\', \'text_1\': b\'request\', \'default_addr\': b\'\'}", \'reserved0:0\', \'text_0:865536\', \'text_1:865576\', \'unit:\', \'unit_addr:0\', \'val_0:0.0\', \'val_1:1.0\', \'val_param_nr:2\'])>'
  - 组 'BMC_2'.BMC_ChgFulNotice data_type: 7 vs 0
  - 组 'BMC_2'.BMC_ChgFulNotice bit_count: 64 vs 2
  - 组 'BMC_2'.BMC_ChgFulNotice flags: 0 vs 16
  - 组 'BMC_2'.BMC_ChgFulNotice conversion: 'None' vs '<ChannelConversion (name: , unit: , comment: , formula: , referenced blocks: {\'text_0\': b\'No Notice\', \'text_1\': b\'Notice Level1\', \'text_2\': b\'Notice Level2\', \'default_addr\': b\'\'}, address: 865016, fields: [\'_cache:None\', \'address:865016\', \'block_len:136\', \'comment:\', \'comment_addr:0\', \'conversion_type:7\', \'default_addr:0\', \'flags:0\', \'formula:\', "id:b\'##CC\'", \'inv_conv_addr:0\', \'is_user_defined:False\', \'links_nr:8\', \'max_phy_value:0.0\', \'min_phy_value:0.0\', \'name:\', \'name_addr:0\', \'precision:0\', \'ref_param_nr:4\', "referenced_blocks:{\'text_0\': b\'No Notice\', \'text_1\': b\'Notice Level1\', \'text_2\': b\'Notice Level2\', \'default_addr\': b\'\'}", \'reserved0:0\', \'text_0:864896\', \'text_1:864936\', \'text_2:864976\', \'unit:\', \'unit_addr:0\', \'val_0:0.0\', \'val_1:1.0\', \'val_2:2.0\', \'val_param_nr:3\'])>'
  - 组 'BMC_2'.BMC_HVBattElec data_type: 4 vs 0
  - 组 'BMC_2'.BMC_HVBattElec bit_count: 64 vs 11
  - 组 'BMC_2'.BMC_HVBattElec flags: 0 vs 16
  - 组 'BMC_2'.BMC_HVBattElec conversion: 'None' vs '<ChannelConversion (name: , unit: kwh, comment: , formula: , referenced blocks: {}, address: 868768, fields: [\'_cache:None\', \'a:0.1\', \'address:868768\', \'b:0.0\', \'block_len:96\', \'comment:\', \'comment_addr:0\', \'conversion_type:1\', \'flags:0\', \'formula:\', "id:b\'##CC\'", \'inv_conv_addr:0\', \'is_user_defined:False\', \'links_nr:4\', \'max_phy_value:0.0\', \'min_phy_value:0.0\', \'name:\', \'name_addr:0\', \'precision:0\', \'ref_param_nr:0\', \'referenced_blocks:{}\', \'reserved0:0\', \'unit:kwh\', \'unit_addr:868736\', \'val_param_nr:2\'])>'
  - 组 'BMC_2'.BMC_InslStChkMsgWarn bit_count: 8 vs 2
  - 组 'BMC_2'.BMC_InslStChkMsgWarn flags: 0 vs 16
  - 组 'BMC_2'.BMC_FaultLampInd data_type: 7 vs 0
  - 组 'BMC_2'.BMC_FaultLampInd bit_count: 64 vs 1
  - 组 'BMC_2'.BMC_FaultLampInd flags: 0 vs 16
  - 组 'BMC_2'.BMC_FaultLampInd conversion: 'None' vs '<ChannelConversion (name: , unit: , comment: , formula: , referenced blocks: {\'text_0\': b\'Lamp off\', \'text_1\': b\'Lamp on\', \'default_addr\': b\'\'}, address: 867752, fields: [\'_cache:None\', \'address:867752\', \'block_len:120\', \'comment:\', \'comment_addr:0\', \'conversion_type:7\', \'default_addr:0\', \'flags:0\', \'formula:\', "id:b\'##CC\'", \'inv_conv_addr:0\', \'is_user_defined:False\', \'links_nr:7\', \'max_phy_value:0.0\', \'min_phy_value:0.0\', \'name:\', \'name_addr:0\', \'precision:0\', \'ref_param_nr:3\', "referenced_blocks:{\'text_0\': b\'Lamp off\', \'text_1\': b\'Lamp on\', \'default_addr\': b\'\'}", \'reserved0:0\', \'text_0:867680\', \'text_1:867720\', \'unit:\', \'unit_addr:0\', \'val_0:0.0\', \'val_1:1.0\', \'val_param_nr:2\'])>'
  - 组 'BMC_2'.BMC_ChgCurrMax_Contns data_type: 4 vs 0
  - 组 'BMC_2'.BMC_ChgCurrMax_Contns bit_count: 64 vs 12
  - 组 'BMC_2'.BMC_ChgCurrMax_Contns flags: 0 vs 16
  - 组 'BMC_2'.BMC_ChgCurrMax_Contns conversion: 'None' vs '<ChannelConversion (name: , unit: A, comment: , formula: , referenced blocks: {}, address: 869280, fields: [\'_cache:None\', \'a:0.2\', \'address:869280\', \'b:0.0\', \'block_len:96\', \'comment:\', \'comment_addr:0\', \'conversion_type:1\', \'flags:0\', \'formula:\', "id:b\'##CC\'", \'inv_conv_addr:0\', \'is_user_defined:False\', \'links_nr:4\', \'max_phy_value:0.0\', \'min_phy_value:0.0\', \'name:\', \'name_addr:0\', \'precision:0\', \'ref_param_nr:0\', \'referenced_blocks:{}\', \'reserved0:0\', \'unit:A\', \'unit_addr:869248\', \'val_param_nr:2\'])>'
  - 组 'BMC_2'.BMC_V2GCurrMax data_type: 4 vs 0
  - 组 'BMC_2'.BMC_V2GCurrMax bit_count: 64 vs 12
  - 组 'BMC_2'.BMC_V2GCurrMax flags: 0 vs 16
  - 组 'BMC_2'.BMC_V2GCurrMax conversion: 'None' vs '<ChannelConversion (name: , unit: A, comment: , formula: , referenced blocks: {}, address: 869816, fields: [\'_cache:None\', \'a:0.1\', \'address:869816\', \'b:0.0\', \'block_len:96\', \'comment:\', \'comment_addr:0\', \'conversion_type:1\', \'flags:0\', \'formula:\', "id:b\'##CC\'", \'inv_conv_addr:0\', \'is_user_defined:False\', \'links_nr:4\', \'max_phy_value:0.0\', \'min_phy_value:0.0\', \'name:\', \'name_addr:0\', \'precision:0\', \'ref_param_nr:0\', \'referenced_blocks:{}\', \'reserved0:0\', \'unit:A\', \'unit_addr:869784\', \'val_param_nr:2\'])>'
  - 组 'BMC_2'.BMC_V2GVoltMax bit_count: 16 vs 10
  - 组 'BMC_2'.BMC_V2GVoltMax flags: 0 vs 16
  - 组 'BMC_2'.BMC_V2GVoltMax conversion: 'None' vs '<ChannelConversion (name: , unit: V, comment: , formula: , referenced blocks: {}, address: 870344, fields: [\'_cache:None\', \'address:870344\', \'block_len:80\', \'comment:\', \'comment_addr:0\', \'conversion_type:0\', \'flags:0\', \'formula:\', "id:b\'##CC\'", \'inv_conv_addr:0\', \'is_user_defined:False\', \'links_nr:4\', \'max_phy_value:0.0\', \'min_phy_value:0.0\', \'name:\', \'name_addr:0\', \'precision:0\', \'ref_param_nr:0\', \'referenced_blocks:{}\', \'reserved0:0\', \'unit:V\', \'unit_addr:870312\', \'val_param_nr:0\'])>'
  - 组 'BMC_20': 组内信号序不同 ['BMC_DcChgLowTempSt', 'BMC_DcChgrErrInfo', 'BMC_DcVoltRx', 'BMC_DcCurrRx', 'BMC_DcChgrVoltCap', 'BMC_DcChgrCurrCap', 'BMC_BoostRlyAdhDetn', 'BMC_RlyK3Req']... vs ['BMC_DcChgrErrInfo', 'BMC_DcChgLowTempSt', 'BMC_DcVoltRx', 'BMC_DcCurrRx', 'BMC_DcChgrVoltCap', 'BMC_DcChgrCurrCap', 'BMC_RlyK3Req', 'BMC_BoostRlyAdhDetn']...
  - 组 'BMC_20'.t data_type: 4 vs 0
  - 组 'BMC_20'.t conversion: 'None' vs '<ChannelConversion (name: , unit: s, comment: , formula: , referenced blocks: {}, address: 1344, fields: [\'_cache:None\', \'a:1e-09\', \'address:1344\', \'b:0.0\', \'block_len:96\', \'comment:\', \'comment_addr:0\', \'conversion_type:1\', \'flags:0\', \'formula:\', "id:b\'##CC\'", \'inv_conv_addr:0\', \'is_user_defined:False\', \'links_nr:4\', \'max_phy_value:0.0\', \'min_phy_value:0.0\', \'name:\', \'name_addr:0\', \'precision:0\', \'ref_param_nr:0\', \'referenced_blocks:{}\', \'reserved0:0\', \'unit:s\', \'unit_addr:1312\', \'val_param_nr:2\'])>'
  - 组 'BMC_20'.BMC_DcChgLowTempSt data_type: 7 vs 0
  - 组 'BMC_20'.BMC_DcChgLowTempSt bit_count: 64 vs 1
  - 组 'BMC_20'.BMC_DcChgLowTempSt flags: 0 vs 16
  - 组 'BMC_20'.BMC_DcChgLowTempSt conversion: 'None' vs '<ChannelConversion (name: , unit: , comment: , formula: , referenced blocks: {\'text_0\': b\'Not allow\', \'text_1\': b\'Allow\', \'default_addr\': b\'\'}, address: 872672, fields: [\'_cache:None\', \'address:872672\', \'block_len:120\', \'comment:\', \'comment_addr:0\', \'conversion_type:7\', \'default_addr:0\', \'flags:0\', \'formula:\', "id:b\'##CC\'", \'inv_conv_addr:0\', \'is_user_defined:False\', \'links_nr:7\', \'max_phy_value:0.0\', \'min_phy_value:0.0\', \'name:\', \'name_addr:0\', \'precision:0\', \'ref_param_nr:3\', "referenced_blocks:{\'text_0\': b\'Not allow\', \'text_1\': b\'Allow\', \'default_addr\': b\'\'}", \'reserved0:0\', \'text_0:872600\', \'text_1:872640\', \'unit:\', \'unit_addr:0\', \'val_0:0.0\', \'val_1:1.0\', \'val_param_nr:2\'])>'
  - 组 'BMC_20'.BMC_DcChgrErrInfo data_type: 7 vs 0
  - 组 'BMC_20'.BMC_DcChgrErrInfo bit_count: 64 vs 4
  - 组 'BMC_20'.BMC_DcChgrErrInfo flags: 0 vs 16
  - 组 'BMC_20'.BMC_DcChgrErrInfo conversion: 'None' vs '<ChannelConversion (name: , unit: , comment: , formula: , referenced blocks: {\'text_0\': b\'No information\', \'text_1\': b\'DC charger voltage is bigger than HV batt\', \'text_2\': b\'HV batt voltage is higher than DC charger\', \'text_3\': b\'DC charger over current\', \'text_4\': b\'Low battery level,discharge not allowed\', \'text_5\': b\'Battery temperature is too low and discharge is ont allowed\', \'text_6\': b\'Battery discharge capacity too low\', \'default_addr\': b\'\'}, address: 872008, fields: [\'_cache:None\', \'address:872008\', \'block_len:200\', \'comment:\', \'comment_addr:0\', \'conversion_type:7\', \'default_addr:0\', \'flags:0\', \'formula:\', "id:b\'##CC\'", \'inv_conv_addr:0\', \'is_user_defined:False\', \'links_nr:12\', \'max_phy_value:0.0\', \'min_phy_value:0.0\', \'name:\', \'name_addr:0\', \'precision:0\', \'ref_param_nr:8\', "referenced_blocks:{\'text_0\': b\'No information\', \'text_1\': b\'DC charger voltage is bigger than HV batt\', \'text_2\': b\'HV batt voltage is higher than DC charger\', \'text_3\': b\'DC charger over current\', \'text_4\': b\'Low battery level,discharge not allowed\', \'text_5\': b\'Battery temperature is too low and discharge is ont allowed\', \'text_6\': b\'Battery discharge capacity too low\', \'default_addr\': b\'\'}", \'reserved0:0\', \'text_0:871560\', \'text_1:871600\', \'text_2:871672\', \'text_3:871744\', \'text_4:871792\', \'text_5:871856\', \'text_6:871944\', \'unit:\', \'unit_addr:0\', \'val_0:0.0\', \'val_1:1.0\', \'val_2:2.0\', \'val_3:3.0\', \'val_4:4.0\', \'val_5:5.0\', \'val_6:6.0\', \'val_param_nr:7\'])>'
  - 组 'BMC_20'.BMC_DcVoltRx data_type: 4 vs 0
  - 组 'BMC_20'.BMC_DcVoltRx bit_count: 64 vs 16
  - 组 'BMC_20'.BMC_DcVoltRx flags: 0 vs 16
  - 组 'BMC_20'.BMC_DcVoltRx conversion: 'None' vs '<ChannelConversion (name: , unit: V, comment: , formula: , referenced blocks: {}, address: 873224, fields: [\'_cache:None\', \'a:0.1\', \'address:873224\', \'b:0.0\', \'block_len:96\', \'comment:\', \'comment_addr:0\', \'conversion_type:1\', \'flags:0\', \'formula:\', "id:b\'##CC\'", \'inv_conv_addr:0\', \'is_user_defined:False\', \'links_nr:4\', \'max_phy_value:0.0\', \'min_phy_value:0.0\', \'name:\', \'name_addr:0\', \'precision:0\', \'ref_param_nr:0\', \'referenced_blocks:{}\', \'reserved0:0\', \'unit:V\', \'unit_addr:873192\', \'val_param_nr:2\'])>'
  - 组 'BMC_20'.BMC_DcCurrRx data_type: 4 vs 0
  - 组 'BMC_20'.BMC_DcCurrRx bit_count: 64 vs 16
  - 组 'BMC_20'.BMC_DcCurrRx flags: 0 vs 16
  - 组 'BMC_20'.BMC_DcCurrRx conversion: 'None' vs '<ChannelConversion (name: , unit: A, comment: , formula: , referenced blocks: {}, address: 873744, fields: [\'_cache:None\', \'a:0.1\', \'address:873744\', \'b:-1000.0\', \'block_len:96\', \'comment:\', \'comment_addr:0\', \'conversion_type:1\', \'flags:0\', \'formula:\', "id:b\'##CC\'", \'inv_conv_addr:0\', \'is_user_defined:False\', \'links_nr:4\', \'max_phy_value:0.0\', \'min_phy_value:0.0\', \'name:\', \'name_addr:0\', \'precision:0\', \'ref_param_nr:0\', \'referenced_blocks:{}\', \'reserved0:0\', \'unit:A\', \'unit_addr:873712\', \'val_param_nr:2\'])>'
  - 组 'BMC_20'.BMC_DcChgrVoltCap data_type: 4 vs 0
  - 组 'BMC_20'.BMC_DcChgrVoltCap bit_count: 64 vs 16
  - 组 'BMC_20'.BMC_DcChgrVoltCap flags: 0 vs 16
  - 组 'BMC_20'.BMC_DcChgrVoltCap conversion: 'None' vs '<ChannelConversion (name: , unit: , comment: , formula: , referenced blocks: {}, address: 656072, fields: [\'_cache:None\', \'a:0.1\', \'address:656072\', \'b:0.0\', \'block_len:96\', \'comment:\', \'comment_addr:0\', \'conversion_type:1\', \'flags:0\', \'formula:\', "id:b\'##CC\'", \'inv_conv_addr:0\', \'is_user_defined:False\', \'links_nr:4\', \'max_phy_value:0.0\', \'min_phy_value:0.0\', \'name:\', \'name_addr:0\', \'precision:0\', \'ref_param_nr:0\', \'referenced_blocks:{}\', \'reserved0:0\', \'unit:\', \'unit_addr:0\', \'val_param_nr:2\'])>'
  - 组 'BMC_20'.BMC_DcChgrCurrCap data_type: 4 vs 0
  - 组 'BMC_20'.BMC_DcChgrCurrCap bit_count: 64 vs 16
  - 组 'BMC_20'.BMC_DcChgrCurrCap flags: 0 vs 16
  - 组 'BMC_20'.BMC_DcChgrCurrCap conversion: 'None' vs '<ChannelConversion (name: , unit: , comment: , formula: , referenced blocks: {}, address: 656072, fields: [\'_cache:None\', \'a:0.1\', \'address:656072\', \'b:0.0\', \'block_len:96\', \'comment:\', \'comment_addr:0\', \'conversion_type:1\', \'flags:0\', \'formula:\', "id:b\'##CC\'", \'inv_conv_addr:0\', \'is_user_defined:False\', \'links_nr:4\', \'max_phy_value:0.0\', \'min_phy_value:0.0\', \'name:\', \'name_addr:0\', \'precision:0\', \'ref_param_nr:0\', \'referenced_blocks:{}\', \'reserved0:0\', \'unit:\', \'unit_addr:0\', \'val_param_nr:2\'])>'
  - 组 'BMC_20'.BMC_BoostRlyAdhDetn data_type: 7 vs 0
  - 组 'BMC_20'.BMC_BoostRlyAdhDetn bit_count: 64 vs 2
  - 组 'BMC_20'.BMC_BoostRlyAdhDetn flags: 0 vs 16
  - 组 'BMC_20'.BMC_BoostRlyAdhDetn conversion: 'None' vs '<ChannelConversion (name: , unit: , comment: , formula: , referenced blocks: {\'text_0\': b\'Init\', \'text_1\': b\'K2 detection\', \'text_2\': b\'k3 detection\', \'default_addr\': b\'\'}, address: 875968, fields: [\'_cache:None\', \'address:875968\', \'block_len:136\', \'comment:\', \'comment_addr:0\', \'conversion_type:7\', \'default_addr:0\', \'flags:0\', \'formula:\', "id:b\'##CC\'", \'inv_conv_addr:0\', \'is_user_defined:False\', \'links_nr:8\', \'max_phy_value:0.0\', \'min_phy_value:0.0\', \'name:\', \'name_addr:0\', \'precision:0\', \'ref_param_nr:4\', "referenced_blocks:{\'text_0\': b\'Init\', \'text_1\': b\'K2 detection\', \'text_2\': b\'k3 detection\', \'default_addr\': b\'\'}", \'reserved0:0\', \'text_0:875856\', \'text_1:875888\', \'text_2:875928\', \'unit:\', \'unit_addr:0\', \'val_0:0.0\', \'val_1:1.0\', \'val_2:2.0\', \'val_param_nr:3\'])>'
  - 组 'BMC_20'.BMC_RlyK3Req data_type: 7 vs 0
  - 组 'BMC_20'.BMC_RlyK3Req bit_count: 64 vs 2
  - 组 'BMC_20'.BMC_RlyK3Req flags: 0 vs 16
  - 组 'BMC_20'.BMC_RlyK3Req conversion: 'None' vs '<ChannelConversion (name: , unit: , comment: , formula: , referenced blocks: {\'text_0\': b\'Init\', \'text_1\': b\'Open\', \'text_2\': b\'Close\', \'default_addr\': b\'\'}, address: 875336, fields: [\'_cache:None\', \'address:875336\', \'block_len:136\', \'comment:\', \'comment_addr:0\', \'conversion_type:7\', \'default_addr:0\', \'flags:0\', \'formula:\', "id:b\'##CC\'", \'inv_conv_addr:0\', \'is_user_defined:False\', \'links_nr:8\', \'max_phy_value:0.0\', \'min_phy_value:0.0\', \'name:\', \'name_addr:0\', \'precision:0\', \'ref_param_nr:4\', "referenced_blocks:{\'text_0\': b\'Init\', \'text_1\': b\'Open\', \'text_2\': b\'Close\', \'default_addr\': b\'\'}", \'reserved0:0\', \'text_0:875240\', \'text_1:875272\', \'text_2:875304\', \'unit:\', \'unit_addr:0\', \'val_0:0.0\', \'val_1:1.0\', \'val_2:2.0\', \'val_param_nr:3\'])>'
  - 组 'BMC_20'.BMC_RlyK2Req data_type: 7 vs 0
  - 组 'BMC_20'.BMC_RlyK2Req bit_count: 64 vs 2
  - 组 'BMC_20'.BMC_RlyK2Req flags: 0 vs 16
  - 组 'BMC_20'.BMC_RlyK2Req conversion: 'None' vs '<ChannelConversion (name: , unit: , comment: , formula: , referenced blocks: {\'text_0\': b\'Init\', \'text_1\': b\'Open\', \'text_2\': b\'Close\', \'default_addr\': b\'\'}, address: 878448, fields: [\'_cache:None\', \'address:878448\', \'block_len:136\', \'comment:\', \'comment_addr:0\', \'conversion_type:7\', \'default_addr:0\', \'flags:0\', \'formula:\', "id:b\'##CC\'", \'inv_conv_addr:0\', \'is_user_defined:False\', \'links_nr:8\', \'max_phy_value:0.0\', \'min_phy_value:0.0\', \'name:\', \'name_addr:0\', \'precision:0\', \'ref_param_nr:4\', "referenced_blocks:{\'text_0\': b\'Init\', \'text_1\': b\'Open\', \'text_2\': b\'Close\', \'default_addr\': b\'\'}", \'reserved0:0\', \'text_0:878352\', \'text_1:878384\', \'text_2:878416\', \'unit:\', \'unit_addr:0\', \'val_0:0.0\', \'val_1:1.0\', \'val_2:2.0\', \'val_param_nr:3\'])>'
  - 组 'BMC_20'.BMC_BoostChgSt data_type: 7 vs 0
  - 组 'BMC_20'.BMC_BoostChgSt bit_count: 64 vs 2
  - 组 'BMC_20'.BMC_BoostChgSt flags: 0 vs 16
  - 组 'BMC_20'.BMC_BoostChgSt conversion: 'None' vs '<ChannelConversion (name: , unit: , comment: , formula: , referenced blocks: {\'text_0\': b\'Not work\', \'text_1\': b\'Work\', \'default_addr\': b\'\'}, address: 877856, fields: [\'_cache:None\', \'address:877856\', \'block_len:120\', \'comment:\', \'comment_addr:0\', \'conversion_type:7\', \'default_addr:0\', \'flags:0\', \'formula:\', "id:b\'##CC\'", \'inv_conv_addr:0\', \'is_user_defined:False\', \'links_nr:7\', \'max_phy_value:0.0\', \'min_phy_value:0.0\', \'name:\', \'name_addr:0\', \'precision:0\', \'ref_param_nr:3\', "referenced_blocks:{\'text_0\': b\'Not work\', \'text_1\': b\'Work\', \'default_addr\': b\'\'}", \'reserved0:0\', \'text_0:877784\', \'text_1:877824\', \'unit:\', \'unit_addr:0\', \'val_0:0.0\', \'val_1:1.0\', \'val_param_nr:2\'])>'
  - 组 'BMC_20'.BMC_C2DisChgSt data_type: 7 vs 0
  - 组 'BMC_20'.BMC_C2DisChgSt bit_count: 64 vs 2
  - 组 'BMC_20'.BMC_C2DisChgSt flags: 0 vs 16
  - 组 'BMC_20'.BMC_C2DisChgSt conversion: 'None' vs '<ChannelConversion (name: , unit: , comment: , formula: , referenced blocks: {\'text_0\': b\'Default\', \'text_1\': b\'Dischg done\', \'text_2\': b\'Dischg undone\', \'default_addr\': b\'\'}, address: 877264, fields: [\'_cache:None\', \'address:877264\', \'block_len:136\', \'comment:\', \'comment_addr:0\', \'conversion_type:7\', \'default_addr:0\', \'flags:0\', \'formula:\', "id:b\'##CC\'", \'inv_conv_addr:0\', \'is_user_defined:False\', \'links_nr:8\', \'max_phy_value:0.0\', \'min_phy_value:0.0\', \'name:\', \'name_addr:0\', \'precision:0\', \'ref_param_nr:4\', "referenced_blocks:{\'text_0\': b\'Default\', \'text_1\': b\'Dischg done\', \'text_2\': b\'Dischg undone\', \'default_addr\': b\'\'}", \'reserved0:0\', \'text_0:877152\', \'text_1:877184\', \'text_2:877224\', \'unit:\', \'unit_addr:0\', \'val_0:0.0\', \'val_1:1.0\', \'val_2:2.0\', \'val_param_nr:3\'])>'
  - 组 'BMC_20'.BMC_MainloopDischgReq data_type: 7 vs 0
  - 组 'BMC_20'.BMC_MainloopDischgReq bit_count: 64 vs 2
  - 组 'BMC_20'.BMC_MainloopDischgReq flags: 0 vs 16
  - 组 'BMC_20'.BMC_MainloopDischgReq conversion: 'None' vs '<ChannelConversion (name: , unit: , comment: , formula: , referenced blocks: {\'text_0\': b\'No request\', \'text_1\': b\'Loop1 Dischg\', \'text_2\': b\'Loop2 Dischg\', \'default_addr\': b\'\'}, address: 876624, fields: [\'_cache:None\', \'address:876624\', \'block_len:136\', \'comment:\', \'comment_addr:0\', \'conversion_type:7\', \'default_addr:0\', \'flags:0\', \'formula:\', "id:b\'##CC\'", \'inv_conv_addr:0\', \'is_user_defined:False\', \'links_nr:8\', \'max_phy_value:0.0\', \'min_phy_value:0.0\', \'name:\', \'name_addr:0\', \'precision:0\', \'ref_param_nr:4\', "referenced_blocks:{\'text_0\': b\'No request\', \'text_1\': b\'Loop1 Dischg\', \'text_2\': b\'Loop2 Dischg\', \'default_addr\': b\'\'}", \'reserved0:0\', \'text_0:876504\', \'text_1:876544\', \'text_2:876584\', \'unit:\', \'unit_addr:0\', \'val_0:0.0\', \'val_1:1.0\', \'val_2:2.0\', \'val_param_nr:3\'])>'
  - 组 'BMC_23': 组内信号序不同 ['BMC_C2Temp1', 'BMC_C2Temp2', 'BMC_C2Temp3', 'BMC_C2Temp4', 'BMC_BCBFault']... vs ['BMC_C2Temp1', 'BMC_C2Temp2', 'BMC_C2Temp3', 'BMC_BCBFault', 'BMC_C2Temp4']...
  - 组 'BMC_23'.t data_type: 4 vs 0
  - 组 'BMC_23'.t conversion: 'None' vs '<ChannelConversion (name: , unit: s, comment: , formula: , referenced blocks: {}, address: 1344, fields: [\'_cache:None\', \'a:1e-09\', \'address:1344\', \'b:0.0\', \'block_len:96\', \'comment:\', \'comment_addr:0\', \'conversion_type:1\', \'flags:0\', \'formula:\', "id:b\'##CC\'", \'inv_conv_addr:0\', \'is_user_defined:False\', \'links_nr:4\', \'max_phy_value:0.0\', \'min_phy_value:0.0\', \'name:\', \'name_addr:0\', \'precision:0\', \'ref_param_nr:0\', \'referenced_blocks:{}\', \'reserved0:0\', \'unit:s\', \'unit_addr:1312\', \'val_param_nr:2\'])>'
  - 组 'BMC_23'.BMC_C2Temp1 data_type: 4 vs 0
  - 组 'BMC_23'.BMC_C2Temp1 bit_count: 64 vs 9
  - 组 'BMC_23'.BMC_C2Temp1 flags: 0 vs 16
  - 组 'BMC_23'.BMC_C2Temp1 conversion: 'None' vs '<ChannelConversion (name: , unit: degC, comment: , formula: , referenced blocks: {}, address: 879736, fields: [\'_cache:None\', \'a:1.0\', \'address:879736\', \'b:-40.0\', \'block_len:96\', \'comment:\', \'comment_addr:0\', \'conversion_type:1\', \'flags:0\', \'formula:\', "id:b\'##CC\'", \'inv_conv_addr:0\', \'is_user_defined:False\', \'links_nr:4\', \'max_phy_value:0.0\', \'min_phy_value:0.0\', \'name:\', \'name_addr:0\', \'precision:0\', \'ref_param_nr:0\', \'referenced_blocks:{}\', \'reserved0:0\', \'unit:degC\', \'unit_addr:879704\', \'val_param_nr:2\'])>'
  - 组 'BMC_23'.BMC_C2Temp2 data_type: 4 vs 0
  - 组 'BMC_23'.BMC_C2Temp2 bit_count: 64 vs 9
  - 组 'BMC_23'.BMC_C2Temp2 flags: 0 vs 16
  - 组 'BMC_23'.BMC_C2Temp2 conversion: 'None' vs '<ChannelConversion (name: , unit: degC, comment: , formula: , referenced blocks: {}, address: 880248, fields: [\'_cache:None\', \'a:1.0\', \'address:880248\', \'b:-40.0\', \'block_len:96\', \'comment:\', \'comment_addr:0\', \'conversion_type:1\', \'flags:0\', \'formula:\', "id:b\'##CC\'", \'inv_conv_addr:0\', \'is_user_defined:False\', \'links_nr:4\', \'max_phy_value:0.0\', \'min_phy_value:0.0\', \'name:\', \'name_addr:0\', \'precision:0\', \'ref_param_nr:0\', \'referenced_blocks:{}\', \'reserved0:0\', \'unit:degC\', \'unit_addr:880216\', \'val_param_nr:2\'])>'
  - 组 'BMC_23'.BMC_C2Temp3 data_type: 4 vs 0
  - 组 'BMC_23'.BMC_C2Temp3 bit_count: 64 vs 9
  - 组 'BMC_23'.BMC_C2Temp3 flags: 0 vs 16
  - 组 'BMC_23'.BMC_C2Temp3 conversion: 'None' vs '<ChannelConversion (name: , unit: degC, comment: , formula: , referenced blocks: {}, address: 880760, fields: [\'_cache:None\', \'a:1.0\', \'address:880760\', \'b:-40.0\', \'block_len:96\', \'comment:\', \'comment_addr:0\', \'conversion_type:1\', \'flags:0\', \'formula:\', "id:b\'##CC\'", \'inv_conv_addr:0\', \'is_user_defined:False\', \'links_nr:4\', \'max_phy_value:0.0\', \'min_phy_value:0.0\', \'name:\', \'name_addr:0\', \'precision:0\', \'ref_param_nr:0\', \'referenced_blocks:{}\', \'reserved0:0\', \'unit:degC\', \'unit_addr:880728\', \'val_param_nr:2\'])>'
  - 组 'BMC_23'.BMC_C2Temp4 data_type: 4 vs 0
  - 组 'BMC_23'.BMC_C2Temp4 bit_count: 64 vs 9
  - 组 'BMC_23'.BMC_C2Temp4 flags: 0 vs 16
  - 组 'BMC_23'.BMC_C2Temp4 conversion: 'None' vs '<ChannelConversion (name: , unit: degC, comment: , formula: , referenced blocks: {}, address: 881656, fields: [\'_cache:None\', \'a:1.0\', \'address:881656\', \'b:-40.0\', \'block_len:96\', \'comment:\', \'comment_addr:0\', \'conversion_type:1\', \'flags:0\', \'formula:\', "id:b\'##CC\'", \'inv_conv_addr:0\', \'is_user_defined:False\', \'links_nr:4\', \'max_phy_value:0.0\', \'min_phy_value:0.0\', \'name:\', \'name_addr:0\', \'precision:0\', \'ref_param_nr:0\', \'referenced_blocks:{}\', \'reserved0:0\', \'unit:degC\', \'unit_addr:881624\', \'val_param_nr:2\'])>'
  - 组 'BMC_23'.BMC_BCBFault bit_count: 8 vs 4
  - 组 'BMC_23'.BMC_BCBFault flags: 0 vs 16
  - 组 'BMC_BMS_3': 组内信号序不同 ['BMS_3_CRC', 'BMS_3_Counter', 'BMS_AcChgCurrMax', 'BMS_AcChgVoltMax', 'BMS_DcChgCurrMax', 'BMS_DcChgVoltMax', 'BMS_BattSocDisp', 'BMS_BattChgErr']... vs ['BMS_3_CRC', 'BMS_3_Counter', 'BMS_AcChgCurrMax', 'BMS_AcChgVoltMax', 'BMS_DcChgCurrMax', 'BMS_DcChgVoltMax', 'BMS_BattSocDisp', 'BMS_SepaHeatReq']...
  - 组 'BMC_BMS_3'.t data_type: 4 vs 0
  - 组 'BMC_BMS_3'.t conversion: 'None' vs '<ChannelConversion (name: , unit: s, comment: , formula: , referenced blocks: {}, address: 1344, fields: [\'_cache:None\', \'a:1e-09\', \'address:1344\', \'b:0.0\', \'block_len:96\', \'comment:\', \'comment_addr:0\', \'conversion_type:1\', \'flags:0\', \'formula:\', "id:b\'##CC\'", \'inv_conv_addr:0\', \'is_user_defined:False\', \'links_nr:4\', \'max_phy_value:0.0\', \'min_phy_value:0.0\', \'name:\', \'name_addr:0\', \'precision:0\', \'ref_param_nr:0\', \'referenced_blocks:{}\', \'reserved0:0\', \'unit:s\', \'unit_addr:1312\', \'val_param_nr:2\'])>'
  - 组 'BMC_BMS_3'.BMS_3_CRC flags: 0 vs 16
  - 组 'BMC_BMS_3'.BMS_3_Counter flags: 0 vs 16
  - 组 'BMC_BMS_3'.BMS_AcChgCurrMax data_type: 4 vs 0
  - 组 'BMC_BMS_3'.BMS_AcChgCurrMax bit_count: 64 vs 16
  - 组 'BMC_BMS_3'.BMS_AcChgCurrMax flags: 0 vs 16
  - 组 'BMC_BMS_3'.BMS_AcChgCurrMax conversion: 'None' vs '<ChannelConversion (name: , unit: A, comment: , formula: , referenced blocks: {}, address: 888088, fields: [\'_cache:None\', \'a:0.1\', \'address:888088\', \'b:0.0\', \'block_len:96\', \'comment:\', \'comment_addr:0\', \'conversion_type:1\', \'flags:0\', \'formula:\', "id:b\'##CC\'", \'inv_conv_addr:0\', \'is_user_defined:False\', \'links_nr:4\', \'max_phy_value:0.0\', \'min_phy_value:0.0\', \'name:\', \'name_addr:0\', \'precision:0\', \'ref_param_nr:0\', \'referenced_blocks:{}\', \'reserved0:0\', \'unit:A\', \'unit_addr:888056\', \'val_param_nr:2\'])>'
  - 组 'BMC_BMS_3'.BMS_AcChgVoltMax data_type: 4 vs 0
  - 组 'BMC_BMS_3'.BMS_AcChgVoltMax bit_count: 64 vs 16
  - 组 'BMC_BMS_3'.BMS_AcChgVoltMax flags: 0 vs 16
  - 组 'BMC_BMS_3'.BMS_AcChgVoltMax conversion: 'None' vs '<ChannelConversion (name: , unit: V, comment: , formula: , referenced blocks: {}, address: 888632, fields: [\'_cache:None\', \'a:0.1\', \'address:888632\', \'b:0.0\', \'block_len:96\', \'comment:\', \'comment_addr:0\', \'conversion_type:1\', \'flags:0\', \'formula:\', "id:b\'##CC\'", \'inv_conv_addr:0\', \'is_user_defined:False\', \'links_nr:4\', \'max_phy_value:0.0\', \'min_phy_value:0.0\', \'name:\', \'name_addr:0\', \'precision:0\', \'ref_param_nr:0\', \'referenced_blocks:{}\', \'reserved0:0\', \'unit:V\', \'unit_addr:888600\', \'val_param_nr:2\'])>'
  - 组 'BMC_BMS_3'.BMS_DcChgCurrMax data_type: 4 vs 0
  - 组 'BMC_BMS_3'.BMS_DcChgCurrMax bit_count: 64 vs 16
  - 组 'BMC_BMS_3'.BMS_DcChgCurrMax flags: 0 vs 16
  - 组 'BMC_BMS_3'.BMS_DcChgCurrMax conversion: 'None' vs '<ChannelConversion (name: , unit: A, comment: , formula: , referenced blocks: {}, address: 889176, fields: [\'_cache:None\', \'a:0.1\', \'address:889176\', \'b:0.0\', \'block_len:96\', \'comment:\', \'comment_addr:0\', \'conversion_type:1\', \'flags:0\', \'formula:\', "id:b\'##CC\'", \'inv_conv_addr:0\', \'is_user_defined:False\', \'links_nr:4\', \'max_phy_value:0.0\', \'min_phy_value:0.0\', \'name:\', \'name_addr:0\', \'precision:0\', \'ref_param_nr:0\', \'referenced_blocks:{}\', \'reserved0:0\', \'unit:A\', \'unit_addr:889144\', \'val_param_nr:2\'])>'
  - 组 'BMC_BMS_3'.BMS_DcChgVoltMax data_type: 4 vs 0
  - 组 'BMC_BMS_3'.BMS_DcChgVoltMax bit_count: 64 vs 16
  - 组 'BMC_BMS_3'.BMS_DcChgVoltMax flags: 0 vs 16
  - 组 'BMC_BMS_3'.BMS_DcChgVoltMax conversion: 'None' vs '<ChannelConversion (name: , unit: V, comment: , formula: , referenced blocks: {}, address: 889720, fields: [\'_cache:None\', \'a:0.1\', \'address:889720\', \'b:0.0\', \'block_len:96\', \'comment:\', \'comment_addr:0\', \'conversion_type:1\', \'flags:0\', \'formula:\', "id:b\'##CC\'", \'inv_conv_addr:0\', \'is_user_defined:False\', \'links_nr:4\', \'max_phy_value:0.0\', \'min_phy_value:0.0\', \'name:\', \'name_addr:0\', \'precision:0\', \'ref_param_nr:0\', \'referenced_blocks:{}\', \'reserved0:0\', \'unit:V\', \'unit_addr:889688\', \'val_param_nr:2\'])>'
  - 组 'BMC_BMS_3'.BMS_BattSocDisp data_type: 4 vs 0
  - 组 'BMC_BMS_3'.BMS_BattSocDisp bit_count: 64 vs 10
  - 组 'BMC_BMS_3'.BMS_BattSocDisp flags: 0 vs 16
  - 组 'BMC_BMS_3'.BMS_BattSocDisp conversion: 'None' vs '<ChannelConversion (name: , unit: %, comment: , formula: , referenced blocks: {}, address: 890264, fields: [\'_cache:None\', \'a:0.1\', \'address:890264\', \'b:0.0\', \'block_len:96\', \'comment:\', \'comment_addr:0\', \'conversion_type:1\', \'flags:0\', \'formula:\', "id:b\'##CC\'", \'inv_conv_addr:0\', \'is_user_defined:False\', \'links_nr:4\', \'max_phy_value:0.0\', \'min_phy_value:0.0\', \'name:\', \'name_addr:0\', \'precision:0\', \'ref_param_nr:0\', \'referenced_blocks:{}\', \'reserved0:0\', \'unit:%\', \'unit_addr:890232\', \'val_param_nr:2\'])>'
  - 组 'BMC_BMS_3'.BMS_BattChgErr data_type: 7 vs 0
  - 组 'BMC_BMS_3'.BMS_BattChgErr bit_count: 64 vs 1
  - 组 'BMC_BMS_3'.BMS_BattChgErr flags: 0 vs 16
  - 组 'BMC_BMS_3'.BMS_BattChgErr conversion: 'None' vs '<ChannelConversion (name: , unit: , comment: , formula: , referenced blocks: {\'text_0\': b\'No charge error\', \'text_1\': b\'Charge error\', \'default_addr\': b\'\'}, address: 891992, fields: [\'_cache:None\', \'address:891992\', \'block_len:120\', \'comment:\', \'comment_addr:0\', \'conversion_type:7\', \'default_addr:0\', \'flags:0\', \'formula:\', "id:b\'##CC\'", \'inv_conv_addr:0\', \'is_user_defined:False\', \'links_nr:7\', \'max_phy_value:0.0\', \'min_phy_value:0.0\', \'name:\', \'name_addr:0\', \'precision:0\', \'ref_param_nr:3\', "referenced_blocks:{\'text_0\': b\'No charge error\', \'text_1\': b\'Charge error\', \'default_addr\': b\'\'}", \'reserved0:0\', \'text_0:891912\', \'text_1:891952\', \'unit:\', \'unit_addr:0\', \'val_0:0.0\', \'val_1:1.0\', \'val_param_nr:2\'])>'
  - 组 'BMC_BMS_3'.BMS_BattChgSt data_type: 7 vs 0
  - 组 'BMC_BMS_3'.BMS_BattChgSt bit_count: 64 vs 1
  - 组 'BMC_BMS_3'.BMS_BattChgSt flags: 0 vs 16
  - 组 'BMC_BMS_3'.BMS_BattChgSt conversion: 'None' vs '<ChannelConversion (name: , unit: , comment: , formula: , referenced blocks: {\'text_0\': b\'Not charge full\', \'text_1\': b\'Charge full\', \'default_addr\': b\'\'}, address: 891416, fields: [\'_cache:None\', \'address:891416\', \'block_len:120\', \'comment:\', \'comment_addr:0\', \'conversion_type:7\', \'default_addr:0\', \'flags:0\', \'formula:\', "id:b\'##CC\'", \'inv_conv_addr:0\', \'is_user_defined:False\', \'links_nr:7\', \'max_phy_value:0.0\', \'min_phy_value:0.0\', \'name:\', \'name_addr:0\', \'precision:0\', \'ref_param_nr:3\', "referenced_blocks:{\'text_0\': b\'Not charge full\', \'text_1\': b\'Charge full\', \'default_addr\': b\'\'}", \'reserved0:0\', \'text_0:891336\', \'text_1:891376\', \'unit:\', \'unit_addr:0\', \'val_0:0.0\', \'val_1:1.0\', \'val_param_nr:2\'])>'
  - 组 'BMC_BMS_3'.BMS_SepaHeatReq data_type: 7 vs 0
  - 组 'BMC_BMS_3'.BMS_SepaHeatReq bit_count: 64 vs 1
  - 组 'BMC_BMS_3'.BMS_SepaHeatReq flags: 0 vs 16
  - 组 'BMC_BMS_3'.BMS_SepaHeatReq conversion: 'None' vs '<ChannelConversion (name: , unit: , comment: , formula: , referenced blocks: {\'text_0\': b\'No request\', \'text_1\': b\'Request\', \'default_addr\': b\'\'}, address: 890824, fields: [\'_cache:None\', \'address:890824\', \'block_len:120\', \'comment:\', \'comment_addr:0\', \'conversion_type:7\', \'default_addr:0\', \'flags:0\', \'formula:\', "id:b\'##CC\'", \'inv_conv_addr:0\', \'is_user_defined:False\', \'links_nr:7\', \'max_phy_value:0.0\', \'min_phy_value:0.0\', \'name:\', \'name_addr:0\', \'precision:0\', \'ref_param_nr:3\', "referenced_blocks:{\'text_0\': b\'No request\', \'text_1\': b\'Request\', \'default_addr\': b\'\'}", \'reserved0:0\', \'text_0:890752\', \'text_1:890792\', \'unit:\', \'unit_addr:0\', \'val_0:0.0\', \'val_1:1.0\', \'val_param_nr:2\'])>'
  - 组 'BMC_BMS_3'.BMS_ThermalReq data_type: 7 vs 0
  - 组 'BMC_BMS_3'.BMS_ThermalReq bit_count: 64 vs 2
  - 组 'BMC_BMS_3'.BMS_ThermalReq flags: 0 vs 16
  - 组 'BMC_BMS_3'.BMS_ThermalReq conversion: 'None' vs '<ChannelConversion (name: , unit: , comment: , formula: , referenced blocks: {\'text_0\': b\'Homogenization\', \'text_1\': b\'heating request\', \'text_2\': b\'Cooling request\', \'text_3\': b\'NO request\', \'default_addr\': b\'\'}, address: 892648, fields: [\'_cache:None\', \'address:892648\', \'block_len:152\', \'comment:\', \'comment_addr:0\', \'conversion_type:7\', \'default_addr:0\', \'flags:0\', \'formula:\', "id:b\'##CC\'", \'inv_conv_addr:0\', \'is_user_defined:False\', \'links_nr:9\', \'max_phy_value:0.0\', \'min_phy_value:0.0\', \'name:\', \'name_addr:0\', \'precision:0\', \'ref_param_nr:5\', "referenced_blocks:{\'text_0\': b\'Homogenization\', \'text_1\': b\'heating request\', \'text_2\': b\'Cooling request\', \'text_3\': b\'NO request\', \'default_addr\': b\'\'}", \'reserved0:0\', \'text_0:892488\', \'text_1:892528\', \'text_2:892568\', \'text_3:892608\', \'unit:\', \'unit_addr:0\', \'val_0:0.0\', \'val_1:1.0\', \'val_2:2.0\', \'val_3:3.0\', \'val_param_nr:4\'])>'
  - 组 'VCU_4': 组内信号序不同 ['VCU_4_CRC', 'VCU_4_Counter', 'VCU_BMC_TotalOdometer', 'VCU_TEL_ChgSt', 'VCU_TEL_PgcuDrvSt', 'VCU_TEL_PgcuBrkSt', 'VCU_TEL_BrkPedPst', 'VCU_TEL_GearLvlDisp']... vs ['VCU_4_CRC', 'VCU_4_Counter', 'VCU_BMC_TotalOdometer', 'VCU_TEL_PgcuBrkSt', 'VCU_TEL_PgcuDrvSt', 'VCU_TEL_ChgSt', 'VCU_TEL_BrkPedPst', 'VCU_TEL_DriveMode']...
  - 组 'VCU_4'.t data_type: 4 vs 0
  - 组 'VCU_4'.t conversion: 'None' vs '<ChannelConversion (name: , unit: s, comment: , formula: , referenced blocks: {}, address: 1344, fields: [\'_cache:None\', \'a:1e-09\', \'address:1344\', \'b:0.0\', \'block_len:96\', \'comment:\', \'comment_addr:0\', \'conversion_type:1\', \'flags:0\', \'formula:\', "id:b\'##CC\'", \'inv_conv_addr:0\', \'is_user_defined:False\', \'links_nr:4\', \'max_phy_value:0.0\', \'min_phy_value:0.0\', \'name:\', \'name_addr:0\', \'precision:0\', \'ref_param_nr:0\', \'referenced_blocks:{}\', \'reserved0:0\', \'unit:s\', \'unit_addr:1312\', \'val_param_nr:2\'])>'
  - 组 'VCU_4'.VCU_4_CRC flags: 0 vs 16
  - 组 'VCU_4'.VCU_4_Counter flags: 0 vs 16
  - 组 'VCU_4'.VCU_BMC_TotalOdometer bit_count: 32 vs 20
  - 组 'VCU_4'.VCU_BMC_TotalOdometer flags: 0 vs 16
  - 组 'VCU_4'.VCU_BMC_TotalOdometer conversion: 'None' vs '<ChannelConversion (name: , unit: km, comment: , formula: , referenced blocks: {}, address: 955016, fields: [\'_cache:None\', \'address:955016\', \'block_len:80\', \'comment:\', \'comment_addr:0\', \'conversion_type:0\', \'flags:0\', \'formula:\', "id:b\'##CC\'", \'inv_conv_addr:0\', \'is_user_defined:False\', \'links_nr:4\', \'max_phy_value:0.0\', \'min_phy_value:0.0\', \'name:\', \'name_addr:0\', \'precision:0\', \'ref_param_nr:0\', \'referenced_blocks:{}\', \'reserved0:0\', \'unit:km\', \'unit_addr:954984\', \'val_param_nr:0\'])>'
  - 组 'VCU_4'.VCU_TEL_ChgSt data_type: 7 vs 0
  - 组 'VCU_4'.VCU_TEL_ChgSt bit_count: 64 vs 3
  - 组 'VCU_4'.VCU_TEL_ChgSt flags: 0 vs 16
  - 组 'VCU_4'.VCU_TEL_ChgSt conversion: 'None' vs '<ChannelConversion (name: , unit: , comment: , formula: , referenced blocks: {\'text_0\': b\'No error;- others : reserved\', \'text_1\': b\'Stop vehicle to charg\', \'text_2\': b\'Driving to charg\', \'text_3\': b\'No charg\', \'text_4\': b\'Fully charged\', \'default_addr\': b\'\'}, address: 956968, fields: [\'_cache:None\', \'address:956968\', \'block_len:168\', \'comment:\', \'comment_addr:0\', \'conversion_type:7\', \'default_addr:0\', \'flags:0\', \'formula:\', "id:b\'##CC\'", \'inv_conv_addr:0\', \'is_user_defined:False\', \'links_nr:10\', \'max_phy_value:0.0\', \'min_phy_value:0.0\', \'name:\', \'name_addr:0\', \'precision:0\', \'ref_param_nr:6\', "referenced_blocks:{\'text_0\': b\'No error;- others : reserved\', \'text_1\': b\'Stop vehicle to charg\', \'text_2\': b\'Driving to charg\', \'text_3\': b\'No charg\', \'text_4\': b\'Fully charged\', \'default_addr\': b\'\'}", \'reserved0:0\', \'text_0:956736\', \'text_1:956792\', \'text_2:956840\', \'text_3:956888\', \'text_4:956928\', \'unit:\', \'unit_addr:0\', \'val_0:0.0\', \'val_1:1.0\', \'val_2:2.0\', \'val_3:3.0\', \'val_4:4.0\', \'val_param_nr:5\'])>'
  - 组 'VCU_4'.VCU_TEL_PgcuDrvSt data_type: 7 vs 0
  - 组 'VCU_4'.VCU_TEL_PgcuDrvSt bit_count: 64 vs 1
  - 组 'VCU_4'.VCU_TEL_PgcuDrvSt flags: 0 vs 16
  - 组 'VCU_4'.VCU_TEL_PgcuDrvSt conversion: 'None' vs '<ChannelConversion (name: , unit: , comment: , formula: , referenced blocks: {\'text_0\': b\'No driving power\', \'text_1\': b\'Driving power\', \'default_addr\': b\'\'}, address: 956200, fields: [\'_cache:None\', \'address:956200\', \'block_len:120\', \'comment:\', \'comment_addr:0\', \'conversion_type:7\', \'default_addr:0\', \'flags:0\', \'formula:\', "id:b\'##CC\'", \'inv_conv_addr:0\', \'is_user_defined:False\', \'links_nr:7\', \'max_phy_value:0.0\', \'min_phy_value:0.0\', \'name:\', \'name_addr:0\', \'precision:0\', \'ref_param_nr:3\', "referenced_blocks:{\'text_0\': b\'No driving power\', \'text_1\': b\'Driving power\', \'default_addr\': b\'\'}", \'reserved0:0\', \'text_0:956112\', \'text_1:956160\', \'unit:\', \'unit_addr:0\', \'val_0:0.0\', \'val_1:1.0\', \'val_param_nr:2\'])>'
  - 组 'VCU_4'.VCU_TEL_PgcuBrkSt data_type: 7 vs 0
  - 组 'VCU_4'.VCU_TEL_PgcuBrkSt bit_count: 64 vs 1
  - 组 'VCU_4'.VCU_TEL_PgcuBrkSt flags: 0 vs 16
  - 组 'VCU_4'.VCU_TEL_PgcuBrkSt conversion: 'None' vs '<ChannelConversion (name: , unit: , comment: , formula: , referenced blocks: {\'text_0\': b\'No braking force\', \'text_1\': b\'Braking force\', \'default_addr\': b\'\'}, address: 955576, fields: [\'_cache:None\', \'address:955576\', \'block_len:120\', \'comment:\', \'comment_addr:0\', \'conversion_type:7\', \'default_addr:0\', \'flags:0\', \'formula:\', "id:b\'##CC\'", \'inv_conv_addr:0\', \'is_user_defined:False\', \'links_nr:7\', \'max_phy_value:0.0\', \'min_phy_value:0.0\', \'name:\', \'name_addr:0\', \'precision:0\', \'ref_param_nr:3\', "referenced_blocks:{\'text_0\': b\'No braking force\', \'text_1\': b\'Braking force\', \'default_addr\': b\'\'}", \'reserved0:0\', \'text_0:955488\', \'text_1:955536\', \'unit:\', \'unit_addr:0\', \'val_0:0.0\', \'val_1:1.0\', \'val_param_nr:2\'])>'
  - 组 'VCU_4'.VCU_TEL_BrkPedPst flags: 0 vs 16
  - 组 'VCU_4'.VCU_TEL_BrkPedPst conversion: 'None' vs '<ChannelConversion (name: , unit: %, comment: , formula: , referenced blocks: {}, address: 957552, fields: [\'_cache:None\', \'address:957552\', \'block_len:80\', \'comment:\', \'comment_addr:0\', \'conversion_type:0\', \'flags:0\', \'formula:\', "id:b\'##CC\'", \'inv_conv_addr:0\', \'is_user_defined:False\', \'links_nr:4\', \'max_phy_value:0.0\', \'min_phy_value:0.0\', \'name:\', \'name_addr:0\', \'precision:0\', \'ref_param_nr:0\', \'referenced_blocks:{}\', \'reserved0:0\', \'unit:%\', \'unit_addr:957520\', \'val_param_nr:0\'])>'
  - 组 'VCU_4'.VCU_TEL_GearLvlDisp data_type: 7 vs 0
  - 组 'VCU_4'.VCU_TEL_GearLvlDisp bit_count: 64 vs 4
  - 组 'VCU_4'.VCU_TEL_GearLvlDisp flags: 0 vs 16
  - 组 'VCU_4'.VCU_TEL_GearLvlDisp conversion: 'None' vs '<ChannelConversion (name: , unit: , comment: , formula: , referenced blocks: {\'text_0\': b\'Invalid;- others : reserved\', \'text_1\': b"\'D\' Drive gear", \'text_2\': b"\'N\' Neutral gear", \'text_3\': b"\'R\' Reverse gear", \'text_4\': b"\'P\' Park gear", \'default_addr\': b\'\'}, address: 959528, fields: [\'_cache:None\', \'address:959528\', \'block_len:168\', \'comment:\', \'comment_addr:0\', \'conversion_type:7\', \'default_addr:0\', \'flags:0\', \'formula:\', "id:b\'##CC\'", \'inv_conv_addr:0\', \'is_user_defined:False\', \'links_nr:10\', \'max_phy_value:0.0\', \'min_phy_value:0.0\', \'name:\', \'name_addr:0\', \'precision:0\', \'ref_param_nr:6\', \'referenced_blocks:{\\\'text_0\\\': b\\\'Invalid;- others : reserved\\\', \\\'text_1\\\': b"\\\'D\\\' Drive gear", \\\'text_2\\\': b"\\\'N\\\' Neutral gear", \\\'text_3\\\': b"\\\'R\\\' Reverse gear", \\\'text_4\\\': b"\\\'P\\\' Park gear", \\\'default_addr\\\': b\\\'\\\'}\', \'reserved0:0\', \'text_0:959296\', \'text_1:959352\', \'text_2:959392\', \'text_3:959440\', \'text_4:959488\', \'unit:\', \'unit_addr:0\', \'val_0:0.0\', \'val_1:1.0\', \'val_2:2.0\', \'val_3:3.0\', \'val_4:4.0\', \'val_param_nr:5\'])>'
  - 组 'VCU_4'.VCU_TEL_ElcVcuuPumpErr data_type: 7 vs 0
  - 组 'VCU_4'.VCU_TEL_ElcVcuuPumpErr bit_count: 64 vs 1
  - 组 'VCU_4'.VCU_TEL_ElcVcuuPumpErr flags: 0 vs 16
  - 组 'VCU_4'.VCU_TEL_ElcVcuuPumpErr conversion: 'None' vs '<ChannelConversion (name: , unit: , comment: , formula: , referenced blocks: {\'text_0\': b\'Normal\', \'text_1\': b\'Error\', \'default_addr\': b\'\'}, address: 958768, fields: [\'_cache:None\', \'address:958768\', \'block_len:120\', \'comment:\', \'comment_addr:0\', \'conversion_type:7\', \'default_addr:0\', \'flags:0\', \'formula:\', "id:b\'##CC\'", \'inv_conv_addr:0\', \'is_user_defined:False\', \'links_nr:7\', \'max_phy_value:0.0\', \'min_phy_value:0.0\', \'name:\', \'name_addr:0\', \'precision:0\', \'ref_param_nr:3\', "referenced_blocks:{\'text_0\': b\'Normal\', \'text_1\': b\'Error\', \'default_addr\': b\'\'}", \'reserved0:0\', \'text_0:958704\', \'text_1:958736\', \'unit:\', \'unit_addr:0\', \'val_0:0.0\', \'val_1:1.0\', \'val_param_nr:2\'])>'
  - 组 'VCU_4'.VCU_TEL_DriveMode data_type: 7 vs 0
  - 组 'VCU_4'.VCU_TEL_DriveMode bit_count: 64 vs 3
  - 组 'VCU_4'.VCU_TEL_DriveMode flags: 0 vs 16
  - 组 'VCU_4'.VCU_TEL_DriveMode conversion: 'None' vs '<ChannelConversion (name: , unit: , comment: , formula: , referenced blocks: {\'text_0\': b\'EV mode;- others : reserved\', \'text_1\': b\'HEV mode\', \'text_2\': b\'Engine mode\', \'default_addr\': b\'\'}, address: 958176, fields: [\'_cache:None\', \'address:958176\', \'block_len:136\', \'comment:\', \'comment_addr:0\', \'conversion_type:7\', \'default_addr:0\', \'flags:0\', \'formula:\', "id:b\'##CC\'", \'inv_conv_addr:0\', \'is_user_defined:False\', \'links_nr:8\', \'max_phy_value:0.0\', \'min_phy_value:0.0\', \'name:\', \'name_addr:0\', \'precision:0\', \'ref_param_nr:4\', "referenced_blocks:{\'text_0\': b\'EV mode;- others : reserved\', \'text_1\': b\'HEV mode\', \'text_2\': b\'Engine mode\', \'default_addr\': b\'\'}", \'reserved0:0\', \'text_0:958040\', \'text_1:958096\', \'text_2:958136\', \'unit:\', \'unit_addr:0\', \'val_0:1.0\', \'val_1:2.0\', \'val_2:3.0\', \'val_param_nr:3\'])>'
  - 组 'VCU_4'.VCU_TEL_AccPedalActPst flags: 0 vs 16
  - 组 'VCU_4'.VCU_TEL_AccPedalActPst conversion: 'None' vs '<ChannelConversion (name: , unit: %, comment: , formula: , referenced blocks: {}, address: 960128, fields: [\'_cache:None\', \'address:960128\', \'block_len:80\', \'comment:\', \'comment_addr:0\', \'conversion_type:0\', \'flags:0\', \'formula:\', "id:b\'##CC\'", \'inv_conv_addr:0\', \'is_user_defined:False\', \'links_nr:4\', \'max_phy_value:0.0\', \'min_phy_value:0.0\', \'name:\', \'name_addr:0\', \'precision:0\', \'ref_param_nr:0\', \'referenced_blocks:{}\', \'reserved0:0\', \'unit:%\', \'unit_addr:960096\', \'val_param_nr:0\'])>'
  - 组 'VCU_4'.VCU_TEL_HvilErr data_type: 7 vs 0
  - 组 'VCU_4'.VCU_TEL_HvilErr bit_count: 64 vs 2
  - 组 'VCU_4'.VCU_TEL_HvilErr flags: 0 vs 16
  - 组 'VCU_4'.VCU_TEL_HvilErr conversion: 'None' vs '<ChannelConversion (name: , unit: , comment: , formula: , referenced blocks: {\'text_0\': b\'No error;- others : reserved\', \'text_1\': b\'Error\', \'default_addr\': b\'\'}, address: 961120, fields: [\'_cache:None\', \'address:961120\', \'block_len:120\', \'comment:\', \'comment_addr:0\', \'conversion_type:7\', \'default_addr:0\', \'flags:0\', \'formula:\', "id:b\'##CC\'", \'inv_conv_addr:0\', \'is_user_defined:False\', \'links_nr:7\', \'max_phy_value:0.0\', \'min_phy_value:0.0\', \'name:\', \'name_addr:0\', \'precision:0\', \'ref_param_nr:3\', "referenced_blocks:{\'text_0\': b\'No error;- others : reserved\', \'text_1\': b\'Error\', \'default_addr\': b\'\'}", \'reserved0:0\', \'text_0:961032\', \'text_1:961088\', \'unit:\', \'unit_addr:0\', \'val_0:0.0\', \'val_1:1.0\', \'val_param_nr:2\'])>'
  - 组 'VCU_4'.VCU_stBvcBD bit_count: 8 vs 5
  - 组 'VCU_4'.VCU_stBvcBD flags: 0 vs 16
  - 组 'VCU_4'.VCU_ElcConspClnCmd data_type: 7 vs 0
  - 组 'VCU_4'.VCU_ElcConspClnCmd bit_count: 64 vs 1
  - 组 'VCU_4'.VCU_ElcConspClnCmd flags: 0 vs 16
  - 组 'VCU_4'.VCU_ElcConspClnCmd conversion: 'None' vs '<ChannelConversion (name: , unit: , comment: , formula: , referenced blocks: {\'text_0\': b\'Not clean\', \'text_1\': b\'Clean\', \'default_addr\': b\'\'}, address: 961704, fields: [\'_cache:None\', \'address:961704\', \'block_len:120\', \'comment:\', \'comment_addr:0\', \'conversion_type:7\', \'default_addr:0\', \'flags:0\', \'formula:\', "id:b\'##CC\'", \'inv_conv_addr:0\', \'is_user_defined:False\', \'links_nr:7\', \'max_phy_value:0.0\', \'min_phy_value:0.0\', \'name:\', \'name_addr:0\', \'precision:0\', \'ref_param_nr:3\', "referenced_blocks:{\'text_0\': b\'Not clean\', \'text_1\': b\'Clean\', \'default_addr\': b\'\'}", \'reserved0:0\', \'text_0:961632\', \'text_1:961672\', \'unit:\', \'unit_addr:0\', \'val_0:0.0\', \'val_1:1.0\', \'val_param_nr:2\'])>'
  - 组 'VCU_4'.VCU_ElcConspEnerSC data_type: 4 vs 0
  - 组 'VCU_4'.VCU_ElcConspEnerSC bit_count: 64 vs 17
  - 组 'VCU_4'.VCU_ElcConspEnerSC flags: 0 vs 16
  - 组 'VCU_4'.VCU_ElcConspEnerSC conversion: 'None' vs '<ChannelConversion (name: , unit: kWh, comment: , formula: , referenced blocks: {}, address: 962288, fields: [\'_cache:None\', \'a:0.001\', \'address:962288\', \'b:0.0\', \'block_len:96\', \'comment:\', \'comment_addr:0\', \'conversion_type:1\', \'flags:0\', \'formula:\', "id:b\'##CC\'", \'inv_conv_addr:0\', \'is_user_defined:False\', \'links_nr:4\', \'max_phy_value:0.0\', \'min_phy_value:0.0\', \'name:\', \'name_addr:0\', \'precision:0\', \'ref_param_nr:0\', \'referenced_blocks:{}\', \'reserved0:0\', \'unit:kWh\', \'unit_addr:962256\', \'val_param_nr:2\'])>'
  - 组 'VCU_4'.VCU_PwrMax bit_count: 16 vs 9
  - 组 'VCU_4'.VCU_PwrMax flags: 0 vs 16
  - 组 'VCU_4'.VCU_PwrMax conversion: 'None' vs '<ChannelConversion (name: , unit: kW, comment: , formula: , referenced blocks: {}, address: 962872, fields: [\'_cache:None\', \'address:962872\', \'block_len:80\', \'comment:\', \'comment_addr:0\', \'conversion_type:0\', \'flags:0\', \'formula:\', "id:b\'##CC\'", \'inv_conv_addr:0\', \'is_user_defined:False\', \'links_nr:4\', \'max_phy_value:0.0\', \'min_phy_value:0.0\', \'name:\', \'name_addr:0\', \'precision:0\', \'ref_param_nr:0\', \'referenced_blocks:{}\', \'reserved0:0\', \'unit:kW\', \'unit_addr:962840\', \'val_param_nr:0\'])>'
  - 组 'VCU_4'.VCU_PwrMin bit_count: 8 vs 7
  - 组 'VCU_4'.VCU_PwrMin flags: 0 vs 16
  - 组 'VCU_4'.VCU_PwrMin conversion: 'None' vs '<ChannelConversion (name: , unit: kW, comment: , formula: , referenced blocks: {}, address: 963408, fields: [\'_cache:None\', \'address:963408\', \'block_len:80\', \'comment:\', \'comment_addr:0\', \'conversion_type:0\', \'flags:0\', \'formula:\', "id:b\'##CC\'", \'inv_conv_addr:0\', \'is_user_defined:False\', \'links_nr:4\', \'max_phy_value:0.0\', \'min_phy_value:0.0\', \'name:\', \'name_addr:0\', \'precision:0\', \'ref_param_nr:0\', \'referenced_blocks:{}\', \'reserved0:0\', \'unit:kW\', \'unit_addr:963376\', \'val_param_nr:0\'])>'
  - 组 'VCU_3': 组内信号序不同 ['VCU_3_CRC', 'VCU_3_Counter', 'VCU_AntiSicknessMode_E', 'VCU_DspChgCurrKA', 'VCU_HvLoadCurr', 'VCU_RngConspAccumAvg_thermal', 'VCU_HVAPUTotalPwrAct', 'VCU_BatKeepWarmSt']... vs ['VCU_3_CRC', 'VCU_3_Counter', 'VCU_AntiSicknessMode_E', 'VCU_DspChgCurrKA', 'VCU_HvLoadCurr', 'VCU_RngConspAccumAvg_thermal', 'VCU_HVAPUTotalPwrAct', 'VCU_BatKeepWarmSt']...
  - 组 'VCU_3'.t data_type: 4 vs 0
  - 组 'VCU_3'.t conversion: 'None' vs '<ChannelConversion (name: , unit: s, comment: , formula: , referenced blocks: {}, address: 1344, fields: [\'_cache:None\', \'a:1e-09\', \'address:1344\', \'b:0.0\', \'block_len:96\', \'comment:\', \'comment_addr:0\', \'conversion_type:1\', \'flags:0\', \'formula:\', "id:b\'##CC\'", \'inv_conv_addr:0\', \'is_user_defined:False\', \'links_nr:4\', \'max_phy_value:0.0\', \'min_phy_value:0.0\', \'name:\', \'name_addr:0\', \'precision:0\', \'ref_param_nr:0\', \'referenced_blocks:{}\', \'reserved0:0\', \'unit:s\', \'unit_addr:1312\', \'val_param_nr:2\'])>'
  - 组 'VCU_3'.VCU_3_CRC flags: 0 vs 16
  - 组 'VCU_3'.VCU_3_Counter flags: 0 vs 16
  - 组 'VCU_3'.VCU_AntiSicknessMode_E data_type: 7 vs 0
  - 组 'VCU_3'.VCU_AntiSicknessMode_E bit_count: 64 vs 2
  - 组 'VCU_3'.VCU_AntiSicknessMode_E flags: 0 vs 16
  - 组 'VCU_3'.VCU_AntiSicknessMode_E conversion: 'None' vs '<ChannelConversion (name: , unit: , comment: , formula: , referenced blocks: {\'text_0\': b\'Invalid\', \'text_1\': b\'Off\', \'text_2\': b\'On\', \'default_addr\': b\'\'}, address: 911136, fields: [\'_cache:None\', \'address:911136\', \'block_len:136\', \'comment:\', \'comment_addr:0\', \'conversion_type:7\', \'default_addr:0\', \'flags:0\', \'formula:\', "id:b\'##CC\'", \'inv_conv_addr:0\', \'is_user_defined:False\', \'links_nr:8\', \'max_phy_value:0.0\', \'min_phy_value:0.0\', \'name:\', \'name_addr:0\', \'precision:0\', \'ref_param_nr:4\', "referenced_blocks:{\'text_0\': b\'Invalid\', \'text_1\': b\'Off\', \'text_2\': b\'On\', \'default_addr\': b\'\'}", \'reserved0:0\', \'text_0:911040\', \'text_1:911072\', \'text_2:911104\', \'unit:\', \'unit_addr:0\', \'val_0:0.0\', \'val_1:1.0\', \'val_2:2.0\', \'val_param_nr:3\'])>'
  - 组 'VCU_3'.VCU_DspChgCurrKA data_type: 4 vs 0
  - 组 'VCU_3'.VCU_DspChgCurrKA bit_count: 64 vs 14
  - 组 'VCU_3'.VCU_DspChgCurrKA flags: 0 vs 16
  - 组 'VCU_3'.VCU_DspChgCurrKA conversion: 'None' vs '<ChannelConversion (name: , unit: A, comment: , formula: , referenced blocks: {}, address: 911720, fields: [\'_cache:None\', \'a:0.1\', \'address:911720\', \'b:0.0\', \'block_len:96\', \'comment:\', \'comment_addr:0\', \'conversion_type:1\', \'flags:0\', \'formula:\', "id:b\'##CC\'", \'inv_conv_addr:0\', \'is_user_defined:False\', \'links_nr:4\', \'max_phy_value:0.0\', \'min_phy_value:0.0\', \'name:\', \'name_addr:0\', \'precision:0\', \'ref_param_nr:0\', \'referenced_blocks:{}\', \'reserved0:0\', \'unit:A\', \'unit_addr:911688\', \'val_param_nr:2\'])>'
  - 组 'VCU_3'.VCU_HvLoadCurr data_type: 4 vs 0
  - 组 'VCU_3'.VCU_HvLoadCurr bit_count: 64 vs 14
  - 组 'VCU_3'.VCU_HvLoadCurr flags: 0 vs 16
  - 组 'VCU_3'.VCU_HvLoadCurr conversion: 'None' vs '<ChannelConversion (name: , unit: A, comment: , formula: , referenced blocks: {}, address: 912264, fields: [\'_cache:None\', \'a:0.1\', \'address:912264\', \'b:-819.2\', \'block_len:96\', \'comment:\', \'comment_addr:0\', \'conversion_type:1\', \'flags:0\', \'formula:\', "id:b\'##CC\'", \'inv_conv_addr:0\', \'is_user_defined:False\', \'links_nr:4\', \'max_phy_value:0.0\', \'min_phy_value:0.0\', \'name:\', \'name_addr:0\', \'precision:0\', \'ref_param_nr:0\', \'referenced_blocks:{}\', \'reserved0:0\', \'unit:A\', \'unit_addr:912232\', \'val_param_nr:2\'])>'
  - 组 'VCU_3'.VCU_RngConspAccumAvg_thermal data_type: 4 vs 0
  - 组 'VCU_3'.VCU_RngConspAccumAvg_thermal bit_count: 64 vs 9
  - 组 'VCU_3'.VCU_RngConspAccumAvg_thermal flags: 0 vs 16
  - 组 'VCU_3'.VCU_RngConspAccumAvg_thermal conversion: 'None' vs '<ChannelConversion (name: , unit: kWh/100km, comment: , formula: , referenced blocks: {}, address: 912800, fields: [\'_cache:None\', \'a:0.1\', \'address:912800\', \'b:0.0\', \'block_len:96\', \'comment:\', \'comment_addr:0\', \'conversion_type:1\', \'flags:0\', \'formula:\', "id:b\'##CC\'", \'inv_conv_addr:0\', \'is_user_defined:False\', \'links_nr:4\', \'max_phy_value:0.0\', \'min_phy_value:0.0\', \'name:\', \'name_addr:0\', \'precision:0\', \'ref_param_nr:0\', \'referenced_blocks:{}\', \'reserved0:0\', \'unit:kWh/100km\', \'unit_addr:912760\', \'val_param_nr:2\'])>'
  - 组 'VCU_3'.VCU_HVAPUTotalPwrAct data_type: 4 vs 0
  - 组 'VCU_3'.VCU_HVAPUTotalPwrAct bit_count: 64 vs 15
  - 组 'VCU_3'.VCU_HVAPUTotalPwrAct flags: 0 vs 16
  - 组 'VCU_3'.VCU_HVAPUTotalPwrAct conversion: 'None' vs '<ChannelConversion (name: , unit: W, comment: , formula: , referenced blocks: {}, address: 913376, fields: [\'_cache:None\', \'a:10.0\', \'address:913376\', \'b:0.0\', \'block_len:96\', \'comment:\', \'comment_addr:0\', \'conversion_type:1\', \'flags:0\', \'formula:\', "id:b\'##CC\'", \'inv_conv_addr:0\', \'is_user_defined:False\', \'links_nr:4\', \'max_phy_value:0.0\', \'min_phy_value:0.0\', \'name:\', \'name_addr:0\', \'precision:0\', \'ref_param_nr:0\', \'referenced_blocks:{}\', \'reserved0:0\', \'unit:W\', \'unit_addr:913344\', \'val_param_nr:2\'])>'
  - 组 'VCU_3'.VCU_BatKeepWarmSt data_type: 7 vs 0
  - 组 'VCU_3'.VCU_BatKeepWarmSt bit_count: 64 vs 1
  - 组 'VCU_3'.VCU_BatKeepWarmSt flags: 0 vs 16
  - 组 'VCU_3'.VCU_BatKeepWarmSt conversion: 'None' vs '<ChannelConversion (name: , unit: , comment: , formula: , referenced blocks: {\'text_0\': b\'Deactive keep warm\', \'text_1\': b\'Active keep warm\', \'default_addr\': b\'\'}, address: 914008, fields: [\'_cache:None\', \'address:914008\', \'block_len:120\', \'comment:\', \'comment_addr:0\', \'conversion_type:7\', \'default_addr:0\', \'flags:0\', \'formula:\', "id:b\'##CC\'", \'inv_conv_addr:0\', \'is_user_defined:False\', \'links_nr:7\', \'max_phy_value:0.0\', \'min_phy_value:0.0\', \'name:\', \'name_addr:0\', \'precision:0\', \'ref_param_nr:3\', "referenced_blocks:{\'text_0\': b\'Deactive keep warm\', \'text_1\': b\'Active keep warm\', \'default_addr\': b\'\'}", \'reserved0:0\', \'text_0:913912\', \'text_1:913960\', \'unit:\', \'unit_addr:0\', \'val_0:0.0\', \'val_1:1.0\', \'val_param_nr:2\'])>'
  - 组 'VCU_3'.VCU_stSupBD flags: 0 vs 16
  - 组 'VCU_3'.VCU_StNetMngtReqACANBD data_type: 7 vs 0
  - 组 'VCU_3'.VCU_StNetMngtReqACANBD bit_count: 64 vs 1
  - 组 'VCU_3'.VCU_StNetMngtReqACANBD flags: 0 vs 16
  - 组 'VCU_3'.VCU_StNetMngtReqACANBD conversion: 'None' vs '<ChannelConversion (name: , unit: , comment: , formula: , referenced blocks: {\'text_0\': b\'Not require\', \'text_1\': b\'Require\', \'default_addr\': b\'\'}, address: 916032, fields: [\'_cache:None\', \'address:916032\', \'block_len:120\', \'comment:\', \'comment_addr:0\', \'conversion_type:7\', \'default_addr:0\', \'flags:0\', \'formula:\', "id:b\'##CC\'", \'inv_conv_addr:0\', \'is_user_defined:False\', \'links_nr:7\', \'max_phy_value:0.0\', \'min_phy_value:0.0\', \'name:\', \'name_addr:0\', \'precision:0\', \'ref_param_nr:3\', "referenced_blocks:{\'text_0\': b\'Not require\', \'text_1\': b\'Require\', \'default_addr\': b\'\'}", \'reserved0:0\', \'text_0:915960\', \'text_1:916000\', \'unit:\', \'unit_addr:0\', \'val_0:0.0\', \'val_1:1.0\', \'val_param_nr:2\'])>'
  - 组 'VCU_3'.VCU_bWakeUpBD data_type: 7 vs 0
  - 组 'VCU_3'.VCU_bWakeUpBD bit_count: 64 vs 1
  - 组 'VCU_3'.VCU_bWakeUpBD flags: 0 vs 16
  - 组 'VCU_3'.VCU_bWakeUpBD conversion: 'None' vs '<ChannelConversion (name: , unit: , comment: , formula: , referenced blocks: {\'text_0\': b\'Not wake up\', \'text_1\': b\'Wake up\', \'default_addr\': b\'\'}, address: 915448, fields: [\'_cache:None\', \'address:915448\', \'block_len:120\', \'comment:\', \'comment_addr:0\', \'conversion_type:7\', \'default_addr:0\', \'flags:0\', \'formula:\', "id:b\'##CC\'", \'inv_conv_addr:0\', \'is_user_defined:False\', \'links_nr:7\', \'max_phy_value:0.0\', \'min_phy_value:0.0\', \'name:\', \'name_addr:0\', \'precision:0\', \'ref_param_nr:3\', "referenced_blocks:{\'text_0\': b\'Not wake up\', \'text_1\': b\'Wake up\', \'default_addr\': b\'\'}", \'reserved0:0\', \'text_0:915376\', \'text_1:915416\', \'unit:\', \'unit_addr:0\', \'val_0:0.0\', \'val_1:1.0\', \'val_param_nr:2\'])>'
  - 组 'VCU_3'.VCU_stDhcBD bit_count: 8 vs 6
  - 组 'VCU_3'.VCU_stDhcBD flags: 0 vs 16
  - 组 'VCU_3'.VCU_BattCapColorEff data_type: 7 vs 0
  - 组 'VCU_3'.VCU_BattCapColorEff bit_count: 64 vs 3
  - 组 'VCU_3'.VCU_BattCapColorEff flags: 0 vs 16
  - 组 'VCU_3'.VCU_BattCapColorEff conversion: 'None' vs '<ChannelConversion (name: , unit: , comment: , formula: , referenced blocks: {\'text_0\': b\'No Request;- others : reserved\', \'text_1\': b\'Yellow light\', \'text_2\': b\'Yellow light flash\', \'text_3\': b\'Red light\', \'text_4\': b\'Red light flash\', \'default_addr\': b\'\'}, address: 916776, fields: [\'_cache:None\', \'address:916776\', \'block_len:168\', \'comment:\', \'comment_addr:0\', \'conversion_type:7\', \'default_addr:0\', \'flags:0\', \'formula:\', "id:b\'##CC\'", \'inv_conv_addr:0\', \'is_user_defined:False\', \'links_nr:10\', \'max_phy_value:0.0\', \'min_phy_value:0.0\', \'name:\', \'name_addr:0\', \'precision:0\', \'ref_param_nr:6\', "referenced_blocks:{\'text_0\': b\'No Request;- others : reserved\', \'text_1\': b\'Yellow light\', \'text_2\': b\'Yellow light flash\', \'text_3\': b\'Red light\', \'text_4\': b\'Red light flash\', \'default_addr\': b\'\'}", \'reserved0:0\', \'text_0:916552\', \'text_1:916608\', \'text_2:916648\', \'text_3:916696\', \'text_4:916736\', \'unit:\', \'unit_addr:0\', \'val_0:0.0\', \'val_1:1.0\', \'val_2:2.0\', \'val_3:3.0\', \'val_4:4.0\', \'val_param_nr:5\'])>'
  - 组 'VCU_3'.VCU_CosStNmBusEnBD bit_count: 8 vs 4
  - 组 'VCU_3'.VCU_CosStNmBusEnBD flags: 0 vs 16
  - 组 'VCU_3'.VCU_StACCBD bit_count: 8 vs 3
  - 组 'VCU_3'.VCU_StACCBD flags: 0 vs 16
  - 组 'VCU_3'.VCU_StAPABD bit_count: 8 vs 3
  - 组 'VCU_3'.VCU_StAPABD flags: 0 vs 16
  - 组 'VCU_3'.VCU_EMS_AccPedalActPst_Disp data_type: 4 vs 0
  - 组 'VCU_3'.VCU_EMS_AccPedalActPst_Disp bit_count: 64 vs 8
  - 组 'VCU_3'.VCU_EMS_AccPedalActPst_Disp flags: 0 vs 16
  - 组 'VCU_3'.VCU_EMS_AccPedalActPst_Disp conversion: 'None' vs '<ChannelConversion (name: , unit: %, comment: , formula: , referenced blocks: {}, address: 918616, fields: [\'_cache:None\', \'a:0.392\', \'address:918616\', \'b:0.0\', \'block_len:96\', \'comment:\', \'comment_addr:0\', \'conversion_type:1\', \'flags:0\', \'formula:\', "id:b\'##CC\'", \'inv_conv_addr:0\', \'is_user_defined:False\', \'links_nr:4\', \'max_phy_value:0.0\', \'min_phy_value:0.0\', \'name:\', \'name_addr:0\', \'precision:0\', \'ref_param_nr:0\', \'referenced_blocks:{}\', \'reserved0:0\', \'unit:%\', \'unit_addr:918584\', \'val_param_nr:2\'])>'
  - 组 'VCU_3'.VCU_ErrNotice data_type: 7 vs 0
  - 组 'VCU_3'.VCU_ErrNotice bit_count: 64 vs 3
  - 组 'VCU_3'.VCU_ErrNotice flags: 0 vs 16
  - 组 'VCU_3'.VCU_ErrNotice conversion: 'None' vs '<ChannelConversion (name: , unit: , comment: , formula: , referenced blocks: {\'text_0\': b\'reseved\', \'text_1\': b\'PwrLimitlevel1\', \'text_2\': b\'PwrLimitlevel2\', \'text_3\': b\'Limp,crash,Hvil& err caused by VCU\', \'text_4\': b\'Vehicle system abnormal, please contact check\', \'text_5\': b\'System Fault Light\', \'text_6\': b\'reseved\', \'text_7\': b\'reseved\', \'default_addr\': b\'\'}, address: 920120, fields: [\'_cache:None\', \'address:920120\', \'block_len:216\', \'comment:\', \'comment_addr:0\', \'conversion_type:7\', \'default_addr:0\', \'flags:0\', \'formula:\', "id:b\'##CC\'", \'inv_conv_addr:0\', \'is_user_defined:False\', \'links_nr:13\', \'max_phy_value:0.0\', \'min_phy_value:0.0\', \'name:\', \'name_addr:0\', \'precision:0\', \'ref_param_nr:9\', "referenced_blocks:{\'text_0\': b\'reseved\', \'text_1\': b\'PwrLimitlevel1\', \'text_2\': b\'PwrLimitlevel2\', \'text_3\': b\'Limp,crash,Hvil& err caused by VCU\', \'text_4\': b\'Vehicle system abnormal, please contact check\', \'text_5\': b\'System Fault Light\', \'text_6\': b\'reseved\', \'text_7\': b\'reseved\', \'default_addr\': b\'\'}", \'reserved0:0\', \'text_0:919760\', \'text_1:919792\', \'text_2:919832\', \'text_3:919872\', \'text_4:919936\', \'text_5:920008\', \'text_6:920056\', \'text_7:920088\', \'unit:\', \'unit_addr:0\', \'val_0:0.0\', \'val_1:1.0\', \'val_2:2.0\', \'val_3:3.0\', \'val_4:4.0\', \'val_5:5.0\', \'val_6:6.0\', \'val_7:7.0\', \'val_param_nr:8\'])>'
  - 组 'VCU_3'.VCU_ErrNoticeOperationFlag data_type: 7 vs 0
  - 组 'VCU_3'.VCU_ErrNoticeOperationFlag bit_count: 64 vs 1
  - 组 'VCU_3'.VCU_ErrNoticeOperationFlag flags: 0 vs 16
  - 组 'VCU_3'.VCU_ErrNoticeOperationFlag conversion: 'None' vs '<ChannelConversion (name: , unit: , comment: , formula: , referenced blocks: {\'text_0\': b\'No prompt\', \'text_1\': b\'Prompt\', \'default_addr\': b\'\'}, address: 919216, fields: [\'_cache:None\', \'address:919216\', \'block_len:120\', \'comment:\', \'comment_addr:0\', \'conversion_type:7\', \'default_addr:0\', \'flags:0\', \'formula:\', "id:b\'##CC\'", \'inv_conv_addr:0\', \'is_user_defined:False\', \'links_nr:7\', \'max_phy_value:0.0\', \'min_phy_value:0.0\', \'name:\', \'name_addr:0\', \'precision:0\', \'ref_param_nr:3\', "referenced_blocks:{\'text_0\': b\'No prompt\', \'text_1\': b\'Prompt\', \'default_addr\': b\'\'}", \'reserved0:0\', \'text_0:919144\', \'text_1:919184\', \'unit:\', \'unit_addr:0\', \'val_0:0.0\', \'val_1:1.0\', \'val_param_nr:2\'])>'
  - 组 'VCU_3'.VCU_Err2NoticeFlag data_type: 7 vs 0
  - 组 'VCU_3'.VCU_Err2NoticeFlag bit_count: 64 vs 1
  - 组 'VCU_3'.VCU_Err2NoticeFlag flags: 0 vs 16
  - 组 'VCU_3'.VCU_Err2NoticeFlag conversion: 'None' vs '<ChannelConversion (name: , unit: , comment: , formula: , referenced blocks: {\'text_0\': b\'No prompt\', \'text_1\': b\'Prompt\', \'default_addr\': b\'\'}, address: 921616, fields: [\'_cache:None\', \'address:921616\', \'block_len:120\', \'comment:\', \'comment_addr:0\', \'conversion_type:7\', \'default_addr:0\', \'flags:0\', \'formula:\', "id:b\'##CC\'", \'inv_conv_addr:0\', \'is_user_defined:False\', \'links_nr:7\', \'max_phy_value:0.0\', \'min_phy_value:0.0\', \'name:\', \'name_addr:0\', \'precision:0\', \'ref_param_nr:3\', "referenced_blocks:{\'text_0\': b\'No prompt\', \'text_1\': b\'Prompt\', \'default_addr\': b\'\'}", \'reserved0:0\', \'text_0:921544\', \'text_1:921584\', \'unit:\', \'unit_addr:0\', \'val_0:0.0\', \'val_1:1.0\', \'val_param_nr:2\'])>'
  - 组 'VCU_3'.VCU_ChgButtonStDsp data_type: 7 vs 0
  - 组 'VCU_3'.VCU_ChgButtonStDsp bit_count: 64 vs 3
  - 组 'VCU_3'.VCU_ChgButtonStDsp flags: 0 vs 16
  - 组 'VCU_3'.VCU_ChgButtonStDsp conversion: 'None' vs '<ChannelConversion (name: , unit: , comment: , formula: , referenced blocks: {\'text_0\': b\'No display\', \'text_1\': b\'Immediately\', \'text_2\': b\'Cancel\', \'text_3\': b\'Stop\', \'text_4\': b\'Stopping\', \'text_5\': b\'Waiting\', \'default_addr\': b\'\'}, address: 920944, fields: [\'_cache:None\', \'address:920944\', \'block_len:184\', \'comment:\', \'comment_addr:0\', \'conversion_type:7\', \'default_addr:0\', \'flags:0\', \'formula:\', "id:b\'##CC\'", \'inv_conv_addr:0\', \'is_user_defined:False\', \'links_nr:11\', \'max_phy_value:0.0\', \'min_phy_value:0.0\', \'name:\', \'name_addr:0\', \'precision:0\', \'ref_param_nr:7\', "referenced_blocks:{\'text_0\': b\'No display\', \'text_1\': b\'Immediately\', \'text_2\': b\'Cancel\', \'text_3\': b\'Stop\', \'text_4\': b\'Stopping\', \'text_5\': b\'Waiting\', \'default_addr\': b\'\'}", \'reserved0:0\', \'text_0:920728\', \'text_1:920768\', \'text_2:920808\', \'text_3:920840\', \'text_4:920872\', \'text_5:920912\', \'unit:\', \'unit_addr:0\', \'val_0:0.0\', \'val_1:1.0\', \'val_2:2.0\', \'val_3:3.0\', \'val_4:4.0\', \'val_5:5.0\', \'val_param_nr:6\'])>'
  - 组 'VCU_3'.VCU_stChcBD bit_count: 8 vs 6
  - 组 'VCU_3'.VCU_stChcBD flags: 0 vs 16
  - 组 'VCU_3'.VCU_EcoPlusModeEnable data_type: 7 vs 0
  - 组 'VCU_3'.VCU_EcoPlusModeEnable bit_count: 64 vs 1
  - 组 'VCU_3'.VCU_EcoPlusModeEnable flags: 0 vs 16
  - 组 'VCU_3'.VCU_EcoPlusModeEnable conversion: 'None' vs '<ChannelConversion (name: , unit: , comment: , formula: , referenced blocks: {\'text_0\': b\'Disable\', \'text_1\': b\'Enable\', \'default_addr\': b\'\'}, address: 922896, fields: [\'_cache:None\', \'address:922896\', \'block_len:120\', \'comment:\', \'comment_addr:0\', \'conversion_type:7\', \'default_addr:0\', \'flags:0\', \'formula:\', "id:b\'##CC\'", \'inv_conv_addr:0\', \'is_user_defined:False\', \'links_nr:7\', \'max_phy_value:0.0\', \'min_phy_value:0.0\', \'name:\', \'name_addr:0\', \'precision:0\', \'ref_param_nr:3\', "referenced_blocks:{\'text_0\': b\'Disable\', \'text_1\': b\'Enable\', \'default_addr\': b\'\'}", \'reserved0:0\', \'text_0:922832\', \'text_1:922864\', \'unit:\', \'unit_addr:0\', \'val_0:0.0\', \'val_1:1.0\', \'val_param_nr:2\'])>'
  - 组 'VCU_3'.VCU_EcoPlusSpdLimitSt data_type: 7 vs 0
  - 组 'VCU_3'.VCU_EcoPlusSpdLimitSt bit_count: 64 vs 2
  - 组 'VCU_3'.VCU_EcoPlusSpdLimitSt flags: 0 vs 16
  - 组 'VCU_3'.VCU_EcoPlusSpdLimitSt conversion: 'None' vs '<ChannelConversion (name: , unit: , comment: , formula: , referenced blocks: {\'text_0\': b\'no command\', \'text_1\': b\'Speed Limit not active\', \'text_2\': b\'Speed Limit active\', \'default_addr\': b\'\'}, address: 922280, fields: [\'_cache:None\', \'address:922280\', \'block_len:136\', \'comment:\', \'comment_addr:0\', \'conversion_type:7\', \'default_addr:0\', \'flags:0\', \'formula:\', "id:b\'##CC\'", \'inv_conv_addr:0\', \'is_user_defined:False\', \'links_nr:8\', \'max_phy_value:0.0\', \'min_phy_value:0.0\', \'name:\', \'name_addr:0\', \'precision:0\', \'ref_param_nr:4\', "referenced_blocks:{\'text_0\': b\'no command\', \'text_1\': b\'Speed Limit not active\', \'text_2\': b\'Speed Limit active\', \'default_addr\': b\'\'}", \'reserved0:0\', \'text_0:922144\', \'text_1:922184\', \'text_2:922232\', \'unit:\', \'unit_addr:0\', \'val_0:0.0\', \'val_1:1.0\', \'val_2:2.0\', \'val_param_nr:3\'])>'
  - 组 'VCU_3'.VCU_EcoPlusModeDisableNotice data_type: 7 vs 0
  - 组 'VCU_3'.VCU_EcoPlusModeDisableNotice bit_count: 64 vs 3
  - 组 'VCU_3'.VCU_EcoPlusModeDisableNotice flags: 0 vs 16
  - 组 'VCU_3'.VCU_EcoPlusModeDisableNotice conversion: 'None' vs '<ChannelConversion (name: , unit: , comment: , formula: , referenced blocks: {\'text_0\': b\'No command\', \'text_1\': b\'speed limit\', \'text_2\': b\'ADC active\', \'text_3\': b\'BCS Regen not Available\', \'default_addr\': b\'\'}, address: 923992, fields: [\'_cache:None\', \'address:923992\', \'block_len:152\', \'comment:\', \'comment_addr:0\', \'conversion_type:7\', \'default_addr:0\', \'flags:0\', \'formula:\', "id:b\'##CC\'", \'inv_conv_addr:0\', \'is_user_defined:False\', \'links_nr:9\', \'max_phy_value:0.0\', \'min_phy_value:0.0\', \'name:\', \'name_addr:0\', \'precision:0\', \'ref_param_nr:5\', "referenced_blocks:{\'text_0\': b\'No command\', \'text_1\': b\'speed limit\', \'text_2\': b\'ADC active\', \'text_3\': b\'BCS Regen not Available\', \'default_addr\': b\'\'}", \'reserved0:0\', \'text_0:923824\', \'text_1:923864\', \'text_2:923904\', \'text_3:923944\', \'unit:\', \'unit_addr:0\', \'val_0:0.0\', \'val_1:1.0\', \'val_2:2.0\', \'val_3:3.0\', \'val_param_nr:4\'])>'
  - 组 'VCU_3'.VCU_VehElcConspAccumAvg_B data_type: 4 vs 0
  - 组 'VCU_3'.VCU_VehElcConspAccumAvg_B bit_count: 64 vs 9
  - 组 'VCU_3'.VCU_VehElcConspAccumAvg_B flags: 0 vs 16
  - 组 'VCU_3'.VCU_VehElcConspAccumAvg_B conversion: 'None' vs '<ChannelConversion (name: , unit: kWh/100km, comment: , formula: , referenced blocks: {}, address: 924600, fields: [\'_cache:None\', \'a:0.1\', \'address:924600\', \'b:0.0\', \'block_len:96\', \'comment:\', \'comment_addr:0\', \'conversion_type:1\', \'flags:0\', \'formula:\', "id:b\'##CC\'", \'inv_conv_addr:0\', \'is_user_defined:False\', \'links_nr:4\', \'max_phy_value:0.0\', \'min_phy_value:0.0\', \'name:\', \'name_addr:0\', \'precision:0\', \'ref_param_nr:0\', \'referenced_blocks:{}\', \'reserved0:0\', \'unit:kWh/100km\', \'unit_addr:924560\', \'val_param_nr:2\'])>'
  - 组 'VCU_3'.VCU_AccurVehRng bit_count: 16 vs 10
  - 组 'VCU_3'.VCU_AccurVehRng flags: 0 vs 16
  - 组 'VCU_3'.VCU_AccurVehRng conversion: 'None' vs '<ChannelConversion (name: , unit: km, comment: , formula: , referenced blocks: {}, address: 925544, fields: [\'_cache:None\', \'address:925544\', \'block_len:80\', \'comment:\', \'comment_addr:0\', \'conversion_type:0\', \'flags:0\', \'formula:\', "id:b\'##CC\'", \'inv_conv_addr:0\', \'is_user_defined:False\', \'links_nr:4\', \'max_phy_value:0.0\', \'min_phy_value:0.0\', \'name:\', \'name_addr:0\', \'precision:0\', \'ref_param_nr:0\', \'referenced_blocks:{}\', \'reserved0:0\', \'unit:km\', \'unit_addr:925512\', \'val_param_nr:0\'])>'
  - 组 'VCU_3'.VCU_ErhStBD bit_count: 8 vs 4
  - 组 'VCU_3'.VCU_ErhStBD flags: 0 vs 16
  - 组 'VCU_3'.VCU_EdvStBD bit_count: 8 vs 4
  - 组 'VCU_3'.VCU_EdvStBD flags: 0 vs 16
  - 组 'VCU_3'.VCU_ImmPlugDischgSt data_type: 7 vs 0
  - 组 'VCU_3'.VCU_ImmPlugDischgSt bit_count: 64 vs 2
  - 组 'VCU_3'.VCU_ImmPlugDischgSt flags: 0 vs 16
  - 组 'VCU_3'.VCU_ImmPlugDischgSt conversion: 'None' vs '<ChannelConversion (name: , unit: , comment: , formula: , referenced blocks: {\'text_0\': b\'No command\', \'text_1\': b\'ON\', \'text_2\': b\'OFF\', \'default_addr\': b\'\'}, address: 927360, fields: [\'_cache:None\', \'address:927360\', \'block_len:136\', \'comment:\', \'comment_addr:0\', \'conversion_type:7\', \'default_addr:0\', \'flags:0\', \'formula:\', "id:b\'##CC\'", \'inv_conv_addr:0\', \'is_user_defined:False\', \'links_nr:8\', \'max_phy_value:0.0\', \'min_phy_value:0.0\', \'name:\', \'name_addr:0\', \'precision:0\', \'ref_param_nr:4\', "referenced_blocks:{\'text_0\': b\'No command\', \'text_1\': b\'ON\', \'text_2\': b\'OFF\', \'default_addr\': b\'\'}", \'reserved0:0\', \'text_0:927256\', \'text_1:927296\', \'text_2:927328\', \'unit:\', \'unit_addr:0\', \'val_0:0.0\', \'val_1:1.0\', \'val_2:2.0\', \'val_param_nr:3\'])>'
  - 组 'VCU_3'.VCU_HVAC_PTCdelayEnBD data_type: 7 vs 0
  - 组 'VCU_3'.VCU_HVAC_PTCdelayEnBD bit_count: 64 vs 1
  - 组 'VCU_3'.VCU_HVAC_PTCdelayEnBD flags: 0 vs 16
  - 组 'VCU_3'.VCU_HVAC_PTCdelayEnBD conversion: 'None' vs '<ChannelConversion (name: , unit: , comment: , formula: , referenced blocks: {\'text_0\': b\'No Request\', \'text_1\': b\'Request\', \'default_addr\': b\'\'}, address: 926696, fields: [\'_cache:None\', \'address:926696\', \'block_len:120\', \'comment:\', \'comment_addr:0\', \'conversion_type:7\', \'default_addr:0\', \'flags:0\', \'formula:\', "id:b\'##CC\'", \'inv_conv_addr:0\', \'is_user_defined:False\', \'links_nr:7\', \'max_phy_value:0.0\', \'min_phy_value:0.0\', \'name:\', \'name_addr:0\', \'precision:0\', \'ref_param_nr:3\', "referenced_blocks:{\'text_0\': b\'No Request\', \'text_1\': b\'Request\', \'default_addr\': b\'\'}", \'reserved0:0\', \'text_0:926624\', \'text_1:926664\', \'unit:\', \'unit_addr:0\', \'val_0:0.0\', \'val_1:1.0\', \'val_param_nr:2\'])>'
  - 组 'VCU_3'.VCU_AccurRngAvail data_type: 7 vs 0
  - 组 'VCU_3'.VCU_AccurRngAvail bit_count: 64 vs 1
  - 组 'VCU_3'.VCU_AccurRngAvail flags: 0 vs 16
  - 组 'VCU_3'.VCU_AccurRngAvail conversion: 'None' vs '<ChannelConversion (name: , unit: , comment: , formula: , referenced blocks: {\'text_0\': b\'Not available\', \'text_1\': b\'Available\', \'default_addr\': b\'\'}, address: 926096, fields: [\'_cache:None\', \'address:926096\', \'block_len:120\', \'comment:\', \'comment_addr:0\', \'conversion_type:7\', \'default_addr:0\', \'flags:0\', \'formula:\', "id:b\'##CC\'", \'inv_conv_addr:0\', \'is_user_defined:False\', \'links_nr:7\', \'max_phy_value:0.0\', \'min_phy_value:0.0\', \'name:\', \'name_addr:0\', \'precision:0\', \'ref_param_nr:3\', "referenced_blocks:{\'text_0\': b\'Not available\', \'text_1\': b\'Available\', \'default_addr\': b\'\'}", \'reserved0:0\', \'text_0:926016\', \'text_1:926056\', \'unit:\', \'unit_addr:0\', \'val_0:0.0\', \'val_1:1.0\', \'val_param_nr:2\'])>'
  - 组 'VCU_3'.VCU_AccPdlLvlResp data_type: 7 vs 0
  - 组 'VCU_3'.VCU_AccPdlLvlResp bit_count: 64 vs 7
  - 组 'VCU_3'.VCU_AccPdlLvlResp flags: 0 vs 16
  - 组 'VCU_3'.VCU_AccPdlLvlResp conversion: 'None' vs '<ChannelConversion (name: , unit: , comment: , formula: , referenced blocks: {\'text_0\': b\'Not valid\', \'text_1\': b\'1%\', \'text_2\': b\'2%\', \'text_3\': b\'3%\', \'text_4\': b\'4%\', \'text_5\': b\'5%\', \'text_6\': b\'6%\', \'text_7\': b\'7%\', \'text_8\': b\'8%\', \'text_9\': b\'9%\', \'text_10\': b\'10%\', \'text_11\': b\'11%\', \'text_12\': b\'12%\', \'text_13\': b\'13%\', \'text_14\': b\'14%\', \'text_15\': b\'15%\', \'text_16\': b\'16%\', \'text_17\': b\'17%\', \'text_18\': b\'18%\', \'text_19\': b\'19%\', \'text_20\': b\'20%\', \'text_21\': b\'21%\', \'text_22\': b\'22%\', \'text_23\': b\'23%\', \'text_24\': b\'24%\', \'text_25\': b\'25%\', \'text_26\': b\'26%\', \'text_27\': b\'27%\', \'text_28\': b\'28%\', \'text_29\': b\'29%\', \'text_30\': b\'30%\', \'text_31\': b\'31%\', \'text_32\': b\'32%\', \'text_33\': b\'33%\', \'text_34\': b\'34%\', \'text_35\': b\'35%\', \'text_36\': b\'36%\', \'text_37\': b\'37%\', \'text_38\': b\'38%\', \'text_39\': b\'39%\', \'text_40\': b\'40%\', \'text_41\': b\'41%\', \'text_42\': b\'42%\', \'text_43\': b\'43%\', \'text_44\': b\'44%\', \'text_45\': b\'45%\', \'text_46\': b\'46%\', \'text_47\': b\'47%\', \'text_48\': b\'48%\', \'text_49\': b\'49%\', \'text_50\': b\'50%\', \'text_51\': b\'51%\', \'text_52\': b\'52%\', \'text_53\': b\'53%\', \'text_54\': b\'54%\', \'text_55\': b\'55%\', \'text_56\': b\'56%\', \'text_57\': b\'57%\', \'text_58\': b\'58%\', \'text_59\': b\'59%\', \'text_60\': b\'60%\', \'text_61\': b\'61%\', \'text_62\': b\'62%\', \'text_63\': b\'63%\', \'text_64\': b\'64%\', \'text_65\': b\'65%\', \'text_66\': b\'66%\', \'text_67\': b\'67%\', \'text_68\': b\'68%\', \'text_69\': b\'69%\', \'text_70\': b\'70%\', \'text_71\': b\'71%\', \'text_72\': b\'72%\', \'text_73\': b\'73%\', \'text_74\': b\'74%\', \'text_75\': b\'75%\', \'text_76\': b\'76%\', \'text_77\': b\'77%\', \'text_78\': b\'78%\', \'text_79\': b\'79%\', \'text_80\': b\'80%\', \'text_81\': b\'81%\', \'text_82\': b\'82%\', \'text_83\': b\'83%\', \'text_84\': b\'84%\', \'text_85\': b\'85%\', \'text_86\': b\'86%\', \'text_87\': b\'87%\', \'text_88\': b\'88%\', \'text_89\': b\'89%\', \'text_90\': b\'90%\', \'text_91\': b\'91%\', \'text_92\': b\'92%\', \'text_93\': b\'93%\', \'text_94\': b\'94%\', \'text_95\': b\'95%\', \'text_96\': b\'96%\', \'text_97\': b\'97%\', \'text_98\': b\'98%\', \'text_99\': b\'99%\', \'text_100\': b\'100%\', \'text_101\': b\'0%\', \'default_addr\': b\'\'}, address: 931608, fields: [\'_cache:None\', \'address:931608\', \'block_len:1720\', \'comment:\', \'comment_addr:0\', \'conversion_type:7\', \'default_addr:0\', \'flags:0\', \'formula:\', "id:b\'##CC\'", \'inv_conv_addr:0\', \'is_user_defined:False\', \'links_nr:107\', \'max_phy_value:0.0\', \'min_phy_value:0.0\', \'name:\', \'name_addr:0\', \'precision:0\', \'ref_param_nr:103\', "referenced_blocks:{\'text_0\': b\'Not valid\', \'text_1\': b\'1%\', \'text_2\': b\'2%\', \'text_3\': b\'3%\', \'text_4\': b\'4%\', \'text_5\': b\'5%\', \'text_6\': b\'6%\', \'text_7\': b\'7%\', \'text_8\': b\'8%\', \'text_9\': b\'9%\', \'text_10\': b\'10%\', \'text_11\': b\'11%\', \'text_12\': b\'12%\', \'text_13\': b\'13%\', \'text_14\': b\'14%\', \'text_15\': b\'15%\', \'text_16\': b\'16%\', \'text_17\': b\'17%\', \'text_18\': b\'18%\', \'text_19\': b\'19%\', \'text_20\': b\'20%\', \'text_21\': b\'21%\', \'text_22\': b\'22%\', \'text_23\': b\'23%\', \'text_24\': b\'24%\', \'text_25\': b\'25%\', \'text_26\': b\'26%\', \'text_27\': b\'27%\', \'text_28\': b\'28%\', \'text_29\': b\'29%\', \'text_30\': b\'30%\', \'text_31\': b\'31%\', \'text_32\': b\'32%\', \'text_33\': b\'33%\', \'text_34\': b\'34%\', \'text_35\': b\'35%\', \'text_36\': b\'36%\', \'text_37\': b\'37%\', \'text_38\': b\'38%\', \'text_39\': b\'39%\', \'text_40\': b\'40%\', \'text_41\': b\'41%\', \'text_42\': b\'42%\', \'text_43\': b\'43%\', \'text_44\': b\'44%\', \'text_45\': b\'45%\', \'text_46\': b\'46%\', \'text_47\': b\'47%\', \'text_48\': b\'48%\', \'text_49\': b\'49%\', \'text_50\': b\'50%\', \'text_51\': b\'51%\', \'text_52\': b\'52%\', \'text_53\': b\'53%\', \'text_54\': b\'54%\', \'text_55\': b\'55%\', \'text_56\': b\'56%\', \'text_57\': b\'57%\', \'text_58\': b\'58%\', \'text_59\': b\'59%\', \'text_60\': b\'60%\', \'text_61\': b\'61%\', \'text_62\': b\'62%\', \'text_63\': b\'63%\', \'text_64\': b\'64%\', \'text_65\': b\'65%\', \'text_66\': b\'66%\', \'text_67\': b\'67%\', \'text_68\': b\'68%\', \'text_69\': b\'69%\', \'text_70\': b\'70%\', \'text_71\': b\'71%\', \'text_72\': b\'72%\', \'text_73\': b\'73%\', \'text_74\': b\'74%\', \'text_75\': b\'75%\', \'text_76\': b\'76%\', \'text_77\': b\'77%\', \'text_78\': b\'78%\', \'text_79\': b\'79%\', \'text_80\': b\'80%\', \'text_81\': b\'81%\', \'text_82\': b\'82%\', \'text_83\': b\'83%\', \'text_84\': b\'84%\', \'text_85\': b\'85%\', \'text_86\': b\'86%\', \'text_87\': b\'87%\', \'text_88\': b\'88%\', \'text_89\': b\'89%\', \'text_90\': b\'90%\', \'text_91\': b\'91%\', \'text_92\': b\'92%\', \'text_93\': b\'93%\', \'text_94\': b\'94%\', \'text_95\': b\'95%\', \'text_96\': b\'96%\', \'text_97\': b\'97%\', \'text_98\': b\'98%\', \'text_99\': b\'99%\', \'text_100\': b\'100%\', \'text_101\': b\'0%\', \'default_addr\': b\'\'}", \'reserved0:0\', \'text_0:928336\', \'text_1:928376\', \'text_10:928664\', \'text_100:931544\', \'text_101:931576\', \'text_11:928696\', \'text_12:928728\', \'text_13:928760\', \'text_14:928792\', \'text_15:928824\', \'text_16:928856\', \'text_17:928888\', \'text_18:928920\', \'text_19:928952\', \'text_2:928408\', \'text_20:928984\', \'text_21:929016\', \'text_22:929048\', \'text_23:929080\', \'text_24:929112\', \'text_25:929144\', \'text_26:929176\', \'text_27:929208\', \'text_28:929240\', \'text_29:929272\', \'text_3:928440\', \'text_30:929304\', \'text_31:929336\', \'text_32:929368\', \'text_33:929400\', \'text_34:929432\', \'text_35:929464\', \'text_36:929496\', \'text_37:929528\', \'text_38:929560\', \'text_39:929592\', \'text_4:928472\', \'text_40:929624\', \'text_41:929656\', \'text_42:929688\', \'text_43:929720\', \'text_44:929752\', \'text_45:929784\', \'text_46:929816\', \'text_47:929848\', \'text_48:929880\', \'text_49:929912\', \'text_5:928504\', \'text_50:929944\', \'text_51:929976\', \'text_52:930008\', \'text_53:930040\', \'text_54:930072\', \'text_55:930104\', \'text_56:930136\', \'text_57:930168\', \'text_58:930200\', \'text_59:930232\', \'text_6:928536\', \'text_60:930264\', \'text_61:930296\', \'text_62:930328\', \'text_63:930360\', \'text_64:930392\', \'text_65:930424\', \'text_66:930456\', \'text_67:930488\', \'text_68:930520\', \'text_69:930552\', \'text_7:928568\', \'text_70:930584\', \'text_71:930616\', \'text_72:930648\', \'text_73:930680\', \'text_74:930712\', \'text_75:930744\', \'text_76:930776\', \'text_77:930808\', \'text_78:930840\', \'text_79:930872\', \'text_8:928600\', \'text_80:930904\', \'text_81:930936\', \'text_82:930968\', \'text_83:931000\', \'text_84:931032\', \'text_85:931064\', \'text_86:931096\', \'text_87:931128\', \'text_88:931160\', \'text_89:931192\', \'text_9:928632\', \'text_90:931224\', \'text_91:931256\', \'text_92:931288\', \'text_93:931320\', \'text_94:931352\', \'text_95:931384\', \'text_96:931416\', \'text_97:931448\', \'text_98:931480\', \'text_99:931512\', \'unit:\', \'unit_addr:0\', \'val_0:0.0\', \'val_1:1.0\', \'val_10:10.0\', \'val_100:100.0\', \'val_101:101.0\', \'val_11:11.0\', \'val_12:12.0\', \'val_13:13.0\', \'val_14:14.0\', \'val_15:15.0\', \'val_16:16.0\', \'val_17:17.0\', \'val_18:18.0\', \'val_19:19.0\', \'val_2:2.0\', \'val_20:20.0\', \'val_21:21.0\', \'val_22:22.0\', \'val_23:23.0\', \'val_24:24.0\', \'val_25:25.0\', \'val_26:26.0\', \'val_27:27.0\', \'val_28:28.0\', \'val_29:29.0\', \'val_3:3.0\', \'val_30:30.0\', \'val_31:31.0\', \'val_32:32.0\', \'val_33:33.0\', \'val_34:34.0\', \'val_35:35.0\', \'val_36:36.0\', \'val_37:37.0\', \'val_38:38.0\', \'val_39:39.0\', \'val_4:4.0\', \'val_40:40.0\', \'val_41:41.0\', \'val_42:42.0\', \'val_43:43.0\', \'val_44:44.0\', \'val_45:45.0\', \'val_46:46.0\', \'val_47:47.0\', \'val_48:48.0\', \'val_49:49.0\', \'val_5:5.0\', \'val_50:50.0\', \'val_51:51.0\', \'val_52:52.0\', \'val_53:53.0\', \'val_54:54.0\', \'val_55:55.0\', \'val_56:56.0\', \'val_57:57.0\', \'val_58:58.0\', \'val_59:59.0\', \'val_6:6.0\', \'val_60:60.0\', \'val_61:61.0\', \'val_62:62.0\', \'val_63:63.0\', \'val_64:64.0\', \'val_65:65.0\', \'val_66:66.0\', \'val_67:67.0\', \'val_68:68.0\', \'val_69:69.0\', \'val_7:7.0\', \'val_70:70.0\', \'val_71:71.0\', \'val_72:72.0\', \'val_73:73.0\', \'val_74:74.0\', \'val_75:75.0\', \'val_76:76.0\', \'val_77:77.0\', \'val_78:78.0\', \'val_79:79.0\', \'val_8:8.0\', \'val_80:80.0\', \'val_81:81.0\', \'val_82:82.0\', \'val_83:83.0\', \'val_84:84.0\', \'val_85:85.0\', \'val_86:86.0\', \'val_87:87.0\', \'val_88:88.0\', \'val_89:89.0\', \'val_9:9.0\', \'val_90:90.0\', \'val_91:91.0\', \'val_92:92.0\', \'val_93:93.0\', \'val_94:94.0\', \'val_95:95.0\', \'val_96:96.0\', \'val_97:97.0\', \'val_98:98.0\', \'val_99:99.0\', \'val_param_nr:102\'])>'
  - 组 'VCU_3'.VCU_AccurRngConspAccumAvg data_type: 4 vs 0
  - 组 'VCU_3'.VCU_AccurRngConspAccumAvg bit_count: 64 vs 9
  - 组 'VCU_3'.VCU_AccurRngConspAccumAvg flags: 0 vs 16
  - 组 'VCU_3'.VCU_AccurRngConspAccumAvg conversion: 'None' vs '<ChannelConversion (name: , unit: kWh/100km, comment: , formula: , referenced blocks: {}, address: 933776, fields: [\'_cache:None\', \'a:0.1\', \'address:933776\', \'b:0.0\', \'block_len:96\', \'comment:\', \'comment_addr:0\', \'conversion_type:1\', \'flags:0\', \'formula:\', "id:b\'##CC\'", \'inv_conv_addr:0\', \'is_user_defined:False\', \'links_nr:4\', \'max_phy_value:0.0\', \'min_phy_value:0.0\', \'name:\', \'name_addr:0\', \'precision:0\', \'ref_param_nr:0\', \'referenced_blocks:{}\', \'reserved0:0\', \'unit:kWh/100km\', \'unit_addr:933736\', \'val_param_nr:2\'])>'
  - 组 'VCU_3'.VCU_RecpLevelstRespL data_type: 7 vs 0
  - 组 'VCU_3'.VCU_RecpLevelstRespL bit_count: 64 vs 7
  - 组 'VCU_3'.VCU_RecpLevelstRespL flags: 0 vs 16
  - 组 'VCU_3'.VCU_RecpLevelstRespL conversion: 'None' vs '<ChannelConversion (name: , unit: , comment: , formula: , referenced blocks: {\'text_0\': b\'Not valid\', \'text_1\': b\'1%\', \'text_2\': b\'2%\', \'text_3\': b\'3%\', \'text_4\': b\'4%\', \'text_5\': b\'5%\', \'text_6\': b\'6%\', \'text_7\': b\'7%\', \'text_8\': b\'8%\', \'text_9\': b\'9%\', \'text_10\': b\'10%\', \'text_11\': b\'11%\', \'text_12\': b\'12%\', \'text_13\': b\'13%\', \'text_14\': b\'14%\', \'text_15\': b\'15%\', \'text_16\': b\'16%\', \'text_17\': b\'17%\', \'text_18\': b\'18%\', \'text_19\': b\'19%\', \'text_20\': b\'20%\', \'text_21\': b\'21%\', \'text_22\': b\'22%\', \'text_23\': b\'23%\', \'text_24\': b\'24%\', \'text_25\': b\'25%\', \'text_26\': b\'26%\', \'text_27\': b\'27%\', \'text_28\': b\'28%\', \'text_29\': b\'29%\', \'text_30\': b\'30%\', \'text_31\': b\'31%\', \'text_32\': b\'32%\', \'text_33\': b\'33%\', \'text_34\': b\'34%\', \'text_35\': b\'35%\', \'text_36\': b\'36%\', \'text_37\': b\'37%\', \'text_38\': b\'38%\', \'text_39\': b\'39%\', \'text_40\': b\'40%\', \'text_41\': b\'41%\', \'text_42\': b\'42%\', \'text_43\': b\'43%\', \'text_44\': b\'44%\', \'text_45\': b\'45%\', \'text_46\': b\'46%\', \'text_47\': b\'47%\', \'text_48\': b\'48%\', \'text_49\': b\'49%\', \'text_50\': b\'50%\', \'text_51\': b\'51%\', \'text_52\': b\'52%\', \'text_53\': b\'53%\', \'text_54\': b\'54%\', \'text_55\': b\'55%\', \'text_56\': b\'56%\', \'text_57\': b\'57%\', \'text_58\': b\'58%\', \'text_59\': b\'59%\', \'text_60\': b\'60%\', \'text_61\': b\'61%\', \'text_62\': b\'62%\', \'text_63\': b\'63%\', \'text_64\': b\'64%\', \'text_65\': b\'65%\', \'text_66\': b\'66%\', \'text_67\': b\'67%\', \'text_68\': b\'68%\', \'text_69\': b\'69%\', \'text_70\': b\'70%\', \'text_71\': b\'71%\', \'text_72\': b\'72%\', \'text_73\': b\'73%\', \'text_74\': b\'74%\', \'text_75\': b\'75%\', \'text_76\': b\'76%\', \'text_77\': b\'77%\', \'text_78\': b\'78%\', \'text_79\': b\'79%\', \'text_80\': b\'80%\', \'text_81\': b\'81%\', \'text_82\': b\'82%\', \'text_83\': b\'83%\', \'text_84\': b\'84%\', \'text_85\': b\'85%\', \'text_86\': b\'86%\', \'text_87\': b\'87%\', \'text_88\': b\'88%\', \'text_89\': b\'89%\', \'text_90\': b\'90%\', \'text_91\': b\'91%\', \'text_92\': b\'92%\', \'text_93\': b\'93%\', \'text_94\': b\'94%\', \'text_95\': b\'95%\', \'text_96\': b\'96%\', \'text_97\': b\'97%\', \'text_98\': b\'98%\', \'text_99\': b\'99%\', \'text_100\': b\'100%\', \'text_101\': b\'0%\', \'text_102\': b\'smart\', \'default_addr\': b\'\'}, address: 937648, fields: [\'_cache:None\', \'address:937648\', \'block_len:1736\', \'comment:\', \'comment_addr:0\', \'conversion_type:7\', \'default_addr:0\', \'flags:0\', \'formula:\', "id:b\'##CC\'", \'inv_conv_addr:0\', \'is_user_defined:False\', \'links_nr:108\', \'max_phy_value:0.0\', \'min_phy_value:0.0\', \'name:\', \'name_addr:0\', \'precision:0\', \'ref_param_nr:104\', "referenced_blocks:{\'text_0\': b\'Not valid\', \'text_1\': b\'1%\', \'text_2\': b\'2%\', \'text_3\': b\'3%\', \'text_4\': b\'4%\', \'text_5\': b\'5%\', \'text_6\': b\'6%\', \'text_7\': b\'7%\', \'text_8\': b\'8%\', \'text_9\': b\'9%\', \'text_10\': b\'10%\', \'text_11\': b\'11%\', \'text_12\': b\'12%\', \'text_13\': b\'13%\', \'text_14\': b\'14%\', \'text_15\': b\'15%\', \'text_16\': b\'16%\', \'text_17\': b\'17%\', \'text_18\': b\'18%\', \'text_19\': b\'19%\', \'text_20\': b\'20%\', \'text_21\': b\'21%\', \'text_22\': b\'22%\', \'text_23\': b\'23%\', \'text_24\': b\'24%\', \'text_25\': b\'25%\', \'text_26\': b\'26%\', \'text_27\': b\'27%\', \'text_28\': b\'28%\', \'text_29\': b\'29%\', \'text_30\': b\'30%\', \'text_31\': b\'31%\', \'text_32\': b\'32%\', \'text_33\': b\'33%\', \'text_34\': b\'34%\', \'text_35\': b\'35%\', \'text_36\': b\'36%\', \'text_37\': b\'37%\', \'text_38\': b\'38%\', \'text_39\': b\'39%\', \'text_40\': b\'40%\', \'text_41\': b\'41%\', \'text_42\': b\'42%\', \'text_43\': b\'43%\', \'text_44\': b\'44%\', \'text_45\': b\'45%\', \'text_46\': b\'46%\', \'text_47\': b\'47%\', \'text_48\': b\'48%\', \'text_49\': b\'49%\', \'text_50\': b\'50%\', \'text_51\': b\'51%\', \'text_52\': b\'52%\', \'text_53\': b\'53%\', \'text_54\': b\'54%\', \'text_55\': b\'55%\', \'text_56\': b\'56%\', \'text_57\': b\'57%\', \'text_58\': b\'58%\', \'text_59\': b\'59%\', \'text_60\': b\'60%\', \'text_61\': b\'61%\', \'text_62\': b\'62%\', \'text_63\': b\'63%\', \'text_64\': b\'64%\', \'text_65\': b\'65%\', \'text_66\': b\'66%\', \'text_67\': b\'67%\', \'text_68\': b\'68%\', \'text_69\': b\'69%\', \'text_70\': b\'70%\', \'text_71\': b\'71%\', \'text_72\': b\'72%\', \'text_73\': b\'73%\', \'text_74\': b\'74%\', \'text_75\': b\'75%\', \'text_76\': b\'76%\', \'text_77\': b\'77%\', \'text_78\': b\'78%\', \'text_79\': b\'79%\', \'text_80\': b\'80%\', \'text_81\': b\'81%\', \'text_82\': b\'82%\', \'text_83\': b\'83%\', \'text_84\': b\'84%\', \'text_85\': b\'85%\', \'text_86\': b\'86%\', \'text_87\': b\'87%\', \'text_88\': b\'88%\', \'text_89\': b\'89%\', \'text_90\': b\'90%\', \'text_91\': b\'91%\', \'text_92\': b\'92%\', \'text_93\': b\'93%\', \'text_94\': b\'94%\', \'text_95\': b\'95%\', \'text_96\': b\'96%\', \'text_97\': b\'97%\', \'text_98\': b\'98%\', \'text_99\': b\'99%\', \'text_100\': b\'100%\', \'text_101\': b\'0%\', \'text_102\': b\'smart\', \'default_addr\': b\'\'}", \'reserved0:0\', \'text_0:934344\', \'text_1:934384\', \'text_10:934672\', \'text_100:937552\', \'text_101:937584\', \'text_102:937616\', \'text_11:934704\', \'text_12:934736\', \'text_13:934768\', \'text_14:934800\', \'text_15:934832\', \'text_16:934864\', \'text_17:934896\', \'text_18:934928\', \'text_19:934960\', \'text_2:934416\', \'text_20:934992\', \'text_21:935024\', \'text_22:935056\', \'text_23:935088\', \'text_24:935120\', \'text_25:935152\', \'text_26:935184\', \'text_27:935216\', \'text_28:935248\', \'text_29:935280\', \'text_3:934448\', \'text_30:935312\', \'text_31:935344\', \'text_32:935376\', \'text_33:935408\', \'text_34:935440\', \'text_35:935472\', \'text_36:935504\', \'text_37:935536\', \'text_38:935568\', \'text_39:935600\', \'text_4:934480\', \'text_40:935632\', \'text_41:935664\', \'text_42:935696\', \'text_43:935728\', \'text_44:935760\', \'text_45:935792\', \'text_46:935824\', \'text_47:935856\', \'text_48:935888\', \'text_49:935920\', \'text_5:934512\', \'text_50:935952\', \'text_51:935984\', \'text_52:936016\', \'text_53:936048\', \'text_54:936080\', \'text_55:936112\', \'text_56:936144\', \'text_57:936176\', \'text_58:936208\', \'text_59:936240\', \'text_6:934544\', \'text_60:936272\', \'text_61:936304\', \'text_62:936336\', \'text_63:936368\', \'text_64:936400\', \'text_65:936432\', \'text_66:936464\', \'text_67:936496\', \'text_68:936528\', \'text_69:936560\', \'text_7:934576\', \'text_70:936592\', \'text_71:936624\', \'text_72:936656\', \'text_73:936688\', \'text_74:936720\', \'text_75:936752\', \'text_76:936784\', \'text_77:936816\', \'text_78:936848\', \'text_79:936880\', \'text_8:934608\', \'text_80:936912\', \'text_81:936944\', \'text_82:936976\', \'text_83:937008\', \'text_84:937040\', \'text_85:937072\', \'text_86:937104\', \'text_87:937136\', \'text_88:937168\', \'text_89:937200\', \'text_9:934640\', \'text_90:937232\', \'text_91:937264\', \'text_92:937296\', \'text_93:937328\', \'text_94:937360\', \'text_95:937392\', \'text_96:937424\', \'text_97:937456\', \'text_98:937488\', \'text_99:937520\', \'unit:\', \'unit_addr:0\', \'val_0:0.0\', \'val_1:1.0\', \'val_10:10.0\', \'val_100:100.0\', \'val_101:101.0\', \'val_102:102.0\', \'val_11:11.0\', \'val_12:12.0\', \'val_13:13.0\', \'val_14:14.0\', \'val_15:15.0\', \'val_16:16.0\', \'val_17:17.0\', \'val_18:18.0\', \'val_19:19.0\', \'val_2:2.0\', \'val_20:20.0\', \'val_21:21.0\', \'val_22:22.0\', \'val_23:23.0\', \'val_24:24.0\', \'val_25:25.0\', \'val_26:26.0\', \'val_27:27.0\', \'val_28:28.0\', \'val_29:29.0\', \'val_3:3.0\', \'val_30:30.0\', \'val_31:31.0\', \'val_32:32.0\', \'val_33:33.0\', \'val_34:34.0\', \'val_35:35.0\', \'val_36:36.0\', \'val_37:37.0\', \'val_38:38.0\', \'val_39:39.0\', \'val_4:4.0\', \'val_40:40.0\', \'val_41:41.0\', \'val_42:42.0\', \'val_43:43.0\', \'val_44:44.0\', \'val_45:45.0\', \'val_46:46.0\', \'val_47:47.0\', \'val_48:48.0\', \'val_49:49.0\', \'val_5:5.0\', \'val_50:50.0\', \'val_51:51.0\', \'val_52:52.0\', \'val_53:53.0\', \'val_54:54.0\', \'val_55:55.0\', \'val_56:56.0\', \'val_57:57.0\', \'val_58:58.0\', \'val_59:59.0\', \'val_6:6.0\', \'val_60:60.0\', \'val_61:61.0\', \'val_62:62.0\', \'val_63:63.0\', \'val_64:64.0\', \'val_65:65.0\', \'val_66:66.0\', \'val_67:67.0\', \'val_68:68.0\', \'val_69:69.0\', \'val_7:7.0\', \'val_70:70.0\', \'val_71:71.0\', \'val_72:72.0\', \'val_73:73.0\', \'val_74:74.0\', \'val_75:75.0\', \'val_76:76.0\', \'val_77:77.0\', \'val_78:78.0\', \'val_79:79.0\', \'val_8:8.0\', \'val_80:80.0\', \'val_81:81.0\', \'val_82:82.0\', \'val_83:83.0\', \'val_84:84.0\', \'val_85:85.0\', \'val_86:86.0\', \'val_87:87.0\', \'val_88:88.0\', \'val_89:89.0\', \'val_9:9.0\', \'val_90:90.0\', \'val_91:91.0\', \'val_92:92.0\', \'val_93:93.0\', \'val_94:94.0\', \'val_95:95.0\', \'val_96:96.0\', \'val_97:97.0\', \'val_98:98.0\', \'val_99:99.0\', \'val_param_nr:103\'])>'
  - 组 'VCU_3'.VCU_EcoPlusMod data_type: 7 vs 0
  - 组 'VCU_3'.VCU_EcoPlusMod bit_count: 64 vs 2
  - 组 'VCU_3'.VCU_EcoPlusMod flags: 0 vs 16
  - 组 'VCU_3'.VCU_EcoPlusMod conversion: 'None' vs '<ChannelConversion (name: , unit: , comment: , formula: , referenced blocks: {\'text_0\': b\'No command\', \'text_1\': b\'ON\', \'text_2\': b\'OFF\', \'default_addr\': b\'\'}, address: 941264, fields: [\'_cache:None\', \'address:941264\', \'block_len:136\', \'comment:\', \'comment_addr:0\', \'conversion_type:7\', \'default_addr:0\', \'flags:0\', \'formula:\', "id:b\'##CC\'", \'inv_conv_addr:0\', \'is_user_defined:False\', \'links_nr:8\', \'max_phy_value:0.0\', \'min_phy_value:0.0\', \'name:\', \'name_addr:0\', \'precision:0\', \'ref_param_nr:4\', "referenced_blocks:{\'text_0\': b\'No command\', \'text_1\': b\'ON\', \'text_2\': b\'OFF\', \'default_addr\': b\'\'}", \'reserved0:0\', \'text_0:941160\', \'text_1:941200\', \'text_2:941232\', \'unit:\', \'unit_addr:0\', \'val_0:0.0\', \'val_1:1.0\', \'val_2:2.0\', \'val_param_nr:3\'])>'
  - 组 'VCU_3'.VCU_AccurRngCmd data_type: 7 vs 0
  - 组 'VCU_3'.VCU_AccurRngCmd bit_count: 64 vs 2
  - 组 'VCU_3'.VCU_AccurRngCmd flags: 0 vs 16
  - 组 'VCU_3'.VCU_AccurRngCmd conversion: 'None' vs '<ChannelConversion (name: , unit: , comment: , formula: , referenced blocks: {\'text_0\': b\'No command\', \'text_1\': b\'dynamic\', \'text_2\': b\'standard\', \'default_addr\': b\'\'}, address: 940632, fields: [\'_cache:None\', \'address:940632\', \'block_len:136\', \'comment:\', \'comment_addr:0\', \'conversion_type:7\', \'default_addr:0\', \'flags:0\', \'formula:\', "id:b\'##CC\'", \'inv_conv_addr:0\', \'is_user_defined:False\', \'links_nr:8\', \'max_phy_value:0.0\', \'min_phy_value:0.0\', \'name:\', \'name_addr:0\', \'precision:0\', \'ref_param_nr:4\', "referenced_blocks:{\'text_0\': b\'No command\', \'text_1\': b\'dynamic\', \'text_2\': b\'standard\', \'default_addr\': b\'\'}", \'reserved0:0\', \'text_0:940520\', \'text_1:940560\', \'text_2:940592\', \'unit:\', \'unit_addr:0\', \'val_0:0.0\', \'val_1:1.0\', \'val_2:2.0\', \'val_param_nr:3\'])>'
  - 组 'VCU_3'.VCU_AccurHMIModeCmd data_type: 7 vs 0
  - 组 'VCU_3'.VCU_AccurHMIModeCmd bit_count: 64 vs 2
  - 组 'VCU_3'.VCU_AccurHMIModeCmd flags: 0 vs 16
  - 组 'VCU_3'.VCU_AccurHMIModeCmd conversion: 'None' vs '<ChannelConversion (name: , unit: , comment: , formula: , referenced blocks: {\'text_0\': b\'No command\', \'text_1\': b\'short 10km\', \'text_2\': b\'medium 50km\', \'text_3\': b\'long 100km\', \'default_addr\': b\'\'}, address: 939952, fields: [\'_cache:None\', \'address:939952\', \'block_len:152\', \'comment:\', \'comment_addr:0\', \'conversion_type:7\', \'default_addr:0\', \'flags:0\', \'formula:\', "id:b\'##CC\'", \'inv_conv_addr:0\', \'is_user_defined:False\', \'links_nr:9\', \'max_phy_value:0.0\', \'min_phy_value:0.0\', \'name:\', \'name_addr:0\', \'precision:0\', \'ref_param_nr:5\', "referenced_blocks:{\'text_0\': b\'No command\', \'text_1\': b\'short 10km\', \'text_2\': b\'medium 50km\', \'text_3\': b\'long 100km\', \'default_addr\': b\'\'}", \'reserved0:0\', \'text_0:939792\', \'text_1:939832\', \'text_2:939872\', \'text_3:939912\', \'unit:\', \'unit_addr:0\', \'val_0:0.0\', \'val_1:1.0\', \'val_2:2.0\', \'val_3:3.0\', \'val_param_nr:4\'])>'
  - 组 'VCU_3'.VCU_AccurRngConspCurvept10 data_type: 4 vs 0
  - 组 'VCU_3'.VCU_AccurRngConspCurvept10 bit_count: 64 vs 10
  - 组 'VCU_3'.VCU_AccurRngConspCurvept10 flags: 0 vs 16
  - 组 'VCU_3'.VCU_AccurRngConspCurvept10 conversion: 'None' vs '<ChannelConversion (name: , unit: kWh/100km, comment: , formula: , referenced blocks: {}, address: 941840, fields: [\'_cache:None\', \'a:0.1\', \'address:941840\', \'b:-41.0\', \'block_len:96\', \'comment:\', \'comment_addr:0\', \'conversion_type:1\', \'flags:0\', \'formula:\', "id:b\'##CC\'", \'inv_conv_addr:0\', \'is_user_defined:False\', \'links_nr:4\', \'max_phy_value:0.0\', \'min_phy_value:0.0\', \'name:\', \'name_addr:0\', \'precision:0\', \'ref_param_nr:0\', \'referenced_blocks:{}\', \'reserved0:0\', \'unit:kWh/100km\', \'unit_addr:941800\', \'val_param_nr:2\'])>'
  - 组 'VCU_3'.VCU_AccurRngConspCurvept50 data_type: 4 vs 0
  - 组 'VCU_3'.VCU_AccurRngConspCurvept50 bit_count: 64 vs 10
  - 组 'VCU_3'.VCU_AccurRngConspCurvept50 flags: 0 vs 16
  - 组 'VCU_3'.VCU_AccurRngConspCurvept50 conversion: 'None' vs '<ChannelConversion (name: , unit: kWh/100km, comment: , formula: , referenced blocks: {}, address: 942456, fields: [\'_cache:None\', \'a:0.1\', \'address:942456\', \'b:-41.0\', \'block_len:96\', \'comment:\', \'comment_addr:0\', \'conversion_type:1\', \'flags:0\', \'formula:\', "id:b\'##CC\'", \'inv_conv_addr:0\', \'is_user_defined:False\', \'links_nr:4\', \'max_phy_value:0.0\', \'min_phy_value:0.0\', \'name:\', \'name_addr:0\', \'precision:0\', \'ref_param_nr:0\', \'referenced_blocks:{}\', \'reserved0:0\', \'unit:kWh/100km\', \'unit_addr:942416\', \'val_param_nr:2\'])>'
  - 组 'VCU_3'.VCU_AccurRngConspCurvept100 data_type: 4 vs 0
  - 组 'VCU_3'.VCU_AccurRngConspCurvept100 bit_count: 64 vs 10
  - 组 'VCU_3'.VCU_AccurRngConspCurvept100 flags: 0 vs 16
  - 组 'VCU_3'.VCU_AccurRngConspCurvept100 conversion: 'None' vs '<ChannelConversion (name: , unit: kWh/100km, comment: , formula: , referenced blocks: {}, address: 943072, fields: [\'_cache:None\', \'a:0.1\', \'address:943072\', \'b:-41.0\', \'block_len:96\', \'comment:\', \'comment_addr:0\', \'conversion_type:1\', \'flags:0\', \'formula:\', "id:b\'##CC\'", \'inv_conv_addr:0\', \'is_user_defined:False\', \'links_nr:4\', \'max_phy_value:0.0\', \'min_phy_value:0.0\', \'name:\', \'name_addr:0\', \'precision:0\', \'ref_param_nr:0\', \'referenced_blocks:{}\', \'reserved0:0\', \'unit:kWh/100km\', \'unit_addr:943032\', \'val_param_nr:2\'])>'
  - 组 'ITS_1'.t data_type: 4 vs 0
  - 组 'ITS_1'.t conversion: 'None' vs '<ChannelConversion (name: , unit: s, comment: , formula: , referenced blocks: {}, address: 1344, fields: [\'_cache:None\', \'a:1e-09\', \'address:1344\', \'b:0.0\', \'block_len:96\', \'comment:\', \'comment_addr:0\', \'conversion_type:1\', \'flags:0\', \'formula:\', "id:b\'##CC\'", \'inv_conv_addr:0\', \'is_user_defined:False\', \'links_nr:4\', \'max_phy_value:0.0\', \'min_phy_value:0.0\', \'name:\', \'name_addr:0\', \'precision:0\', \'ref_param_nr:0\', \'referenced_blocks:{}\', \'reserved0:0\', \'unit:s\', \'unit_addr:1312\', \'val_param_nr:2\'])>'
  - 组 'ITS_1'.ITS_1_CRC flags: 0 vs 16
  - 组 'ITS_1'.ITS_1_Counter flags: 0 vs 16
  - 组 'ITS_1'.ITS_MotorInletTemp data_type: 4 vs 0
  - 组 'ITS_1'.ITS_MotorInletTemp bit_count: 64 vs 16
  - 组 'ITS_1'.ITS_MotorInletTemp flags: 0 vs 16
  - 组 'ITS_1'.ITS_MotorInletTemp conversion: 'None' vs '<ChannelConversion (name: , unit: degC, comment: , formula: , referenced blocks: {\'text_0\': b\'Invalid Value\', \'default_addr\': <asammdf.blocks.v4_blocks.ChannelConversion object at 0x000001F865D62210>}, address: 945288, fields: [\'_cache:None\', \'address:945288\', \'block_len:104\', \'comment:\', \'comment_addr:0\', \'conversion_type:7\', \'default_addr:945152\', \'flags:4\', \'formula:\', "id:b\'##CC\'", \'inv_conv_addr:0\', \'is_user_defined:False\', \'links_nr:6\', \'max_phy_value:0.0\', \'min_phy_value:0.0\', \'name:\', \'name_addr:0\', \'precision:0\', \'ref_param_nr:2\', "referenced_blocks:{\'text_0\': b\'Invalid Value\', \'default_addr\': <asammdf.blocks.v4_blocks.ChannelConversion object at 0x000001F865D62210>}", \'reserved0:0\', \'text_0:945248\', \'unit:degC\', \'unit_addr:0\', \'val_0:3050.0\', \'val_param_nr:1\'])>'
  - 组 'CCU_15'.t data_type: 4 vs 0
  - 组 'CCU_15'.t conversion: 'None' vs '<ChannelConversion (name: , unit: s, comment: , formula: , referenced blocks: {}, address: 1344, fields: [\'_cache:None\', \'a:1e-09\', \'address:1344\', \'b:0.0\', \'block_len:96\', \'comment:\', \'comment_addr:0\', \'conversion_type:1\', \'flags:0\', \'formula:\', "id:b\'##CC\'", \'inv_conv_addr:0\', \'is_user_defined:False\', \'links_nr:4\', \'max_phy_value:0.0\', \'min_phy_value:0.0\', \'name:\', \'name_addr:0\', \'precision:0\', \'ref_param_nr:0\', \'referenced_blocks:{}\', \'reserved0:0\', \'unit:s\', \'unit_addr:1312\', \'val_param_nr:2\'])>'
  - 组 'CCU_15'.Theft_Auth_Status bit_count: 16 vs 12
  - 组 'CCU_15'.Theft_Auth_Status flags: 0 vs 16
  - 组 'BMC_3': 组内信号序不同 ['BMC_3_CRC', 'BMC_3_Counter', 'BMC_VCU_V2gCurDir', 'BMC_BattSoh', 'BMC_BattTempMin', 'BMC_BattTempAvg', 'BMC_BattTempMax', 'BMC_TempOvrInd']... vs ['BMC_3_CRC', 'BMC_3_Counter', 'BMC_VCU_V2gCurDir', 'BMC_BattSoh', 'BMC_BattTempMin', 'BMC_BattTempAvg', 'BMC_TempOvrInd', 'BMC_BattTempMax']...
  - 组 'BMC_3'.t data_type: 4 vs 0
  - 组 'BMC_3'.t conversion: 'None' vs '<ChannelConversion (name: , unit: s, comment: , formula: , referenced blocks: {}, address: 1344, fields: [\'_cache:None\', \'a:1e-09\', \'address:1344\', \'b:0.0\', \'block_len:96\', \'comment:\', \'comment_addr:0\', \'conversion_type:1\', \'flags:0\', \'formula:\', "id:b\'##CC\'", \'inv_conv_addr:0\', \'is_user_defined:False\', \'links_nr:4\', \'max_phy_value:0.0\', \'min_phy_value:0.0\', \'name:\', \'name_addr:0\', \'precision:0\', \'ref_param_nr:0\', \'referenced_blocks:{}\', \'reserved0:0\', \'unit:s\', \'unit_addr:1312\', \'val_param_nr:2\'])>'
  - 组 'BMC_3'.BMC_3_CRC flags: 0 vs 16
  - 组 'BMC_3'.BMC_3_Counter flags: 0 vs 16
  - 组 'BMC_3'.BMC_VCU_V2gCurDir data_type: 7 vs 0
  - 组 'BMC_3'.BMC_VCU_V2gCurDir bit_count: 64 vs 2
  - 组 'BMC_3'.BMC_VCU_V2gCurDir flags: 0 vs 16
  - 组 'BMC_3'.BMC_VCU_V2gCurDir conversion: 'None' vs '<ChannelConversion (name: , unit: , comment: , formula: , referenced blocks: {\'text_0\': b\'Charging\', \'text_1\': b\'DisCharging\', \'default_addr\': b\'\'}, address: 947344, fields: [\'_cache:None\', \'address:947344\', \'block_len:120\', \'comment:\', \'comment_addr:0\', \'conversion_type:7\', \'default_addr:0\', \'flags:0\', \'formula:\', "id:b\'##CC\'", \'inv_conv_addr:0\', \'is_user_defined:False\', \'links_nr:7\', \'max_phy_value:0.0\', \'min_phy_value:0.0\', \'name:\', \'name_addr:0\', \'precision:0\', \'ref_param_nr:3\', "referenced_blocks:{\'text_0\': b\'Charging\', \'text_1\': b\'DisCharging\', \'default_addr\': b\'\'}", \'reserved0:0\', \'text_0:947264\', \'text_1:947304\', \'unit:\', \'unit_addr:0\', \'val_0:0.0\', \'val_1:1.0\', \'val_param_nr:2\'])>'
  - 组 'BMC_3'.BMC_BattSoh data_type: 4 vs 0
  - 组 'BMC_3'.BMC_BattSoh bit_count: 64 vs 10
  - 组 'BMC_3'.BMC_BattSoh flags: 0 vs 16
  - 组 'BMC_3'.BMC_BattSoh conversion: 'None' vs '<ChannelConversion (name: , unit: %, comment: , formula: , referenced blocks: {}, address: 947896, fields: [\'_cache:None\', \'a:0.1\', \'address:947896\', \'b:0.0\', \'block_len:96\', \'comment:\', \'comment_addr:0\', \'conversion_type:1\', \'flags:0\', \'formula:\', "id:b\'##CC\'", \'inv_conv_addr:0\', \'is_user_defined:False\', \'links_nr:4\', \'max_phy_value:0.0\', \'min_phy_value:0.0\', \'name:\', \'name_addr:0\', \'precision:0\', \'ref_param_nr:0\', \'referenced_blocks:{}\', \'reserved0:0\', \'unit:%\', \'unit_addr:947864\', \'val_param_nr:2\'])>'
  - 组 'BMC_3'.BMC_BattTempMin data_type: 4 vs 0
  - 组 'BMC_3'.BMC_BattTempMin bit_count: 64 vs 8
  - 组 'BMC_3'.BMC_BattTempMin flags: 0 vs 16
  - 组 'BMC_3'.BMC_BattTempMin conversion: 'None' vs '<ChannelConversion (name: , unit: degC, comment: , formula: , referenced blocks: {}, address: 948400, fields: [\'_cache:None\', \'a:0.5\', \'address:948400\', \'b:-40.0\', \'block_len:96\', \'comment:\', \'comment_addr:0\', \'conversion_type:1\', \'flags:0\', \'formula:\', "id:b\'##CC\'", \'inv_conv_addr:0\', \'is_user_defined:False\', \'links_nr:4\', \'max_phy_value:0.0\', \'min_phy_value:0.0\', \'name:\', \'name_addr:0\', \'precision:0\', \'ref_param_nr:0\', \'referenced_blocks:{}\', \'reserved0:0\', \'unit:degC\', \'unit_addr:948368\', \'val_param_nr:2\'])>'
  - 组 'BMC_3'.BMC_BattTempAvg data_type: 4 vs 0
  - 组 'BMC_3'.BMC_BattTempAvg bit_count: 64 vs 8
  - 组 'BMC_3'.BMC_BattTempAvg flags: 0 vs 16
  - 组 'BMC_3'.BMC_BattTempAvg conversion: 'None' vs '<ChannelConversion (name: , unit: degC, comment: , formula: , referenced blocks: {}, address: 948912, fields: [\'_cache:None\', \'a:0.5\', \'address:948912\', \'b:-40.0\', \'block_len:96\', \'comment:\', \'comment_addr:0\', \'conversion_type:1\', \'flags:0\', \'formula:\', "id:b\'##CC\'", \'inv_conv_addr:0\', \'is_user_defined:False\', \'links_nr:4\', \'max_phy_value:0.0\', \'min_phy_value:0.0\', \'name:\', \'name_addr:0\', \'precision:0\', \'ref_param_nr:0\', \'referenced_blocks:{}\', \'reserved0:0\', \'unit:degC\', \'unit_addr:948880\', \'val_param_nr:2\'])>'
  - 组 'BMC_3'.BMC_BattTempMax data_type: 4 vs 0
  - 组 'BMC_3'.BMC_BattTempMax bit_count: 64 vs 8
  - 组 'BMC_3'.BMC_BattTempMax flags: 0 vs 16
  - 组 'BMC_3'.BMC_BattTempMax conversion: 'None' vs '<ChannelConversion (name: , unit: degC, comment: , formula: , referenced blocks: {}, address: 950080, fields: [\'_cache:None\', \'a:0.5\', \'address:950080\', \'b:-40.0\', \'block_len:96\', \'comment:\', \'comment_addr:0\', \'conversion_type:1\', \'flags:0\', \'formula:\', "id:b\'##CC\'", \'inv_conv_addr:0\', \'is_user_defined:False\', \'links_nr:4\', \'max_phy_value:0.0\', \'min_phy_value:0.0\', \'name:\', \'name_addr:0\', \'precision:0\', \'ref_param_nr:0\', \'referenced_blocks:{}\', \'reserved0:0\', \'unit:degC\', \'unit_addr:950048\', \'val_param_nr:2\'])>'
  - 组 'BMC_3'.BMC_TempOvrInd data_type: 7 vs 0
  - 组 'BMC_3'.BMC_TempOvrInd bit_count: 64 vs 1
  - 组 'BMC_3'.BMC_TempOvrInd flags: 0 vs 16
  - 组 'BMC_3'.BMC_TempOvrInd conversion: 'None' vs '<ChannelConversion (name: , unit: , comment: , formula: , referenced blocks: {\'text_0\': b\'Lamp off\', \'text_1\': b\'Lamp on\', \'default_addr\': b\'\'}, address: 949472, fields: [\'_cache:None\', \'address:949472\', \'block_len:120\', \'comment:\', \'comment_addr:0\', \'conversion_type:7\', \'default_addr:0\', \'flags:0\', \'formula:\', "id:b\'##CC\'", \'inv_conv_addr:0\', \'is_user_defined:False\', \'links_nr:7\', \'max_phy_value:0.0\', \'min_phy_value:0.0\', \'name:\', \'name_addr:0\', \'precision:0\', \'ref_param_nr:3\', "referenced_blocks:{\'text_0\': b\'Lamp off\', \'text_1\': b\'Lamp on\', \'default_addr\': b\'\'}", \'reserved0:0\', \'text_0:949400\', \'text_1:949440\', \'unit:\', \'unit_addr:0\', \'val_0:0.0\', \'val_1:1.0\', \'val_param_nr:2\'])>'
  - 组 'BMC_3'.BMC_SupDcChgSt data_type: 7 vs 0
  - 组 'BMC_3'.BMC_SupDcChgSt bit_count: 64 vs 1
  - 组 'BMC_3'.BMC_SupDcChgSt flags: 0 vs 16
  - 组 'BMC_3'.BMC_SupDcChgSt conversion: 'None' vs '<ChannelConversion (name: , unit: , comment: , formula: , referenced blocks: {\'text_0\': b\'Normal\', \'text_1\': b\'DC Super Charge\', \'default_addr\': b\'\'}, address: 950632, fields: [\'_cache:None\', \'address:950632\', \'block_len:120\', \'comment:\', \'comment_addr:0\', \'conversion_type:7\', \'default_addr:0\', \'flags:0\', \'formula:\', "id:b\'##CC\'", \'inv_conv_addr:0\', \'is_user_defined:False\', \'links_nr:7\', \'max_phy_value:0.0\', \'min_phy_value:0.0\', \'name:\', \'name_addr:0\', \'precision:0\', \'ref_param_nr:3\', "referenced_blocks:{\'text_0\': b\'Normal\', \'text_1\': b\'DC Super Charge\', \'default_addr\': b\'\'}", \'reserved0:0\', \'text_0:950560\', \'text_1:950592\', \'unit:\', \'unit_addr:0\', \'val_0:0.0\', \'val_1:1.0\', \'val_param_nr:2\'])>'
  - 组 'BMC_3'.BMC_SwAlignCode flags: 0 vs 16
  - 组 'BMC_3'.BMC_SwAlignSt bit_count: 8 vs 2
  - 组 'BMC_3'.BMC_SwAlignSt flags: 0 vs 16
  - 组 'BMC_3'.BMC_BattSocMax data_type: 4 vs 0
  - 组 'BMC_3'.BMC_BattSocMax bit_count: 64 vs 10
  - 组 'BMC_3'.BMC_BattSocMax flags: 0 vs 16
  - 组 'BMC_3'.BMC_BattSocMax conversion: 'None' vs '<ChannelConversion (name: , unit: %, comment: , formula: , referenced blocks: {}, address: 951984, fields: [\'_cache:None\', \'a:0.1\', \'address:951984\', \'b:0.0\', \'block_len:96\', \'comment:\', \'comment_addr:0\', \'conversion_type:1\', \'flags:0\', \'formula:\', "id:b\'##CC\'", \'inv_conv_addr:0\', \'is_user_defined:False\', \'links_nr:4\', \'max_phy_value:0.0\', \'min_phy_value:0.0\', \'name:\', \'name_addr:0\', \'precision:0\', \'ref_param_nr:0\', \'referenced_blocks:{}\', \'reserved0:0\', \'unit:%\', \'unit_addr:951952\', \'val_param_nr:2\'])>'
  - 组 'BMC_3'.BMC_BattSocMin data_type: 4 vs 0
  - 组 'BMC_3'.BMC_BattSocMin bit_count: 64 vs 10
  - 组 'BMC_3'.BMC_BattSocMin flags: 0 vs 16
  - 组 'BMC_3'.BMC_BattSocMin conversion: 'None' vs '<ChannelConversion (name: , unit: %, comment: , formula: , referenced blocks: {}, address: 952480, fields: [\'_cache:None\', \'a:0.1\', \'address:952480\', \'b:0.0\', \'block_len:96\', \'comment:\', \'comment_addr:0\', \'conversion_type:1\', \'flags:0\', \'formula:\', "id:b\'##CC\'", \'inv_conv_addr:0\', \'is_user_defined:False\', \'links_nr:4\', \'max_phy_value:0.0\', \'min_phy_value:0.0\', \'name:\', \'name_addr:0\', \'precision:0\', \'ref_param_nr:0\', \'referenced_blocks:{}\', \'reserved0:0\', \'unit:%\', \'unit_addr:952448\', \'val_param_nr:2\'])>'
  - 组 'BMC_3'.BMC_12Volt data_type: 4 vs 0
  - 组 'BMC_3'.BMC_12Volt bit_count: 64 vs 8
  - 组 'BMC_3'.BMC_12Volt flags: 0 vs 16
  - 组 'BMC_3'.BMC_12Volt conversion: 'None' vs '<ChannelConversion (name: , unit: V, comment: , formula: , referenced blocks: {}, address: 952976, fields: [\'_cache:None\', \'a:0.1\', \'address:952976\', \'b:0.0\', \'block_len:96\', \'comment:\', \'comment_addr:0\', \'conversion_type:1\', \'flags:0\', \'formula:\', "id:b\'##CC\'", \'inv_conv_addr:0\', \'is_user_defined:False\', \'links_nr:4\', \'max_phy_value:0.0\', \'min_phy_value:0.0\', \'name:\', \'name_addr:0\', \'precision:0\', \'ref_param_nr:0\', \'referenced_blocks:{}\', \'reserved0:0\', \'unit:V\', \'unit_addr:952944\', \'val_param_nr:2\'])>'
  - 组 'BMS_4'.t data_type: 4 vs 0
  - 组 'BMS_4'.t conversion: 'None' vs '<ChannelConversion (name: , unit: s, comment: , formula: , referenced blocks: {}, address: 1344, fields: [\'_cache:None\', \'a:1e-09\', \'address:1344\', \'b:0.0\', \'block_len:96\', \'comment:\', \'comment_addr:0\', \'conversion_type:1\', \'flags:0\', \'formula:\', "id:b\'##CC\'", \'inv_conv_addr:0\', \'is_user_defined:False\', \'links_nr:4\', \'max_phy_value:0.0\', \'min_phy_value:0.0\', \'name:\', \'name_addr:0\', \'precision:0\', \'ref_param_nr:0\', \'referenced_blocks:{}\', \'reserved0:0\', \'unit:s\', \'unit_addr:1312\', \'val_param_nr:2\'])>'
  - 组 'BMS_4'.BMS_InsulationLevel data_type: 7 vs 0
  - 组 'BMS_4'.BMS_InsulationLevel bit_count: 64 vs 3
  - 组 'BMS_4'.BMS_InsulationLevel flags: 0 vs 16
  - 组 'BMS_4'.BMS_InsulationLevel conversion: 'None' vs '<ChannelConversion (name: , unit: , comment: , formula: , referenced blocks: {\'text_0\': b\'Unknow\', \'text_1\': b\'Normal\', \'text_2\': b\'Fault LEVEL 1\', \'text_3\': b\'Fault LEVEL 2\', \'text_4\': b\'Fault LEVEL 3\', \'text_5\': b\'Fault LEVEL 4\', \'text_6\': b\'Reseverd\', \'text_7\': b\'Reseverd\', \'default_addr\': b\'\'}, address: 973592, fields: [\'_cache:None\', \'address:973592\', \'block_len:216\', \'comment:\', \'comment_addr:0\', \'conversion_type:7\', \'default_addr:0\', \'flags:0\', \'formula:\', "id:b\'##CC\'", \'inv_conv_addr:0\', \'is_user_defined:False\', \'links_nr:13\', \'max_phy_value:0.0\', \'min_phy_value:0.0\', \'name:\', \'name_addr:0\', \'precision:0\', \'ref_param_nr:9\', "referenced_blocks:{\'text_0\': b\'Unknow\', \'text_1\': b\'Normal\', \'text_2\': b\'Fault LEVEL 1\', \'text_3\': b\'Fault LEVEL 2\', \'text_4\': b\'Fault LEVEL 3\', \'text_5\': b\'Fault LEVEL 4\', \'text_6\': b\'Reseverd\', \'text_7\': b\'Reseverd\', \'default_addr\': b\'\'}", \'reserved0:0\', \'text_0:973288\', \'text_1:973320\', \'text_2:973352\', \'text_3:973392\', \'text_4:973432\', \'text_5:973472\', \'text_6:973512\', \'text_7:973552\', \'unit:\', \'unit_addr:0\', \'val_0:0.0\', \'val_1:1.0\', \'val_2:2.0\', \'val_3:3.0\', \'val_4:4.0\', \'val_5:5.0\', \'val_6:6.0\', \'val_7:7.0\', \'val_param_nr:8\'])>'
  - 组 'BMS_4'.BMS_InsulationPosRp data_type: 7 vs 0
  - 组 'BMS_4'.BMS_InsulationPosRp bit_count: 64 vs 16
  - 组 'BMS_4'.BMS_InsulationPosRp flags: 0 vs 16
  - 组 'BMS_4'.BMS_InsulationPosRp conversion: 'None' vs '<ChannelConversion (name: , unit: , comment: , formula: , referenced blocks: {\'text_0\': b\'Invalid\', \'default_addr\': b\'\'}, address: 974256, fields: [\'_cache:None\', \'address:974256\', \'block_len:104\', \'comment:\', \'comment_addr:0\', \'conversion_type:7\', \'default_addr:0\', \'flags:0\', \'formula:\', "id:b\'##CC\'", \'inv_conv_addr:0\', \'is_user_defined:False\', \'links_nr:6\', \'max_phy_value:0.0\', \'min_phy_value:0.0\', \'name:\', \'name_addr:0\', \'precision:0\', \'ref_param_nr:2\', "referenced_blocks:{\'text_0\': b\'Invalid\', \'default_addr\': b\'\'}", \'reserved0:0\', \'text_0:974224\', \'unit:\', \'unit_addr:0\', \'val_0:59999.0\', \'val_param_nr:1\'])>'
  - 组 'BMS_4'.BMS_InsulationNegRn data_type: 7 vs 0
  - 组 'BMS_4'.BMS_InsulationNegRn bit_count: 64 vs 16
  - 组 'BMS_4'.BMS_InsulationNegRn flags: 0 vs 16
  - 组 'BMS_4'.BMS_InsulationNegRn conversion: 'None' vs '<ChannelConversion (name: , unit: , comment: , formula: , referenced blocks: {\'text_0\': b\'Invalid\', \'default_addr\': b\'\'}, address: 974824, fields: [\'_cache:None\', \'address:974824\', \'block_len:104\', \'comment:\', \'comment_addr:0\', \'conversion_type:7\', \'default_addr:0\', \'flags:0\', \'formula:\', "id:b\'##CC\'", \'inv_conv_addr:0\', \'is_user_defined:False\', \'links_nr:6\', \'max_phy_value:0.0\', \'min_phy_value:0.0\', \'name:\', \'name_addr:0\', \'precision:0\', \'ref_param_nr:2\', "referenced_blocks:{\'text_0\': b\'Invalid\', \'default_addr\': b\'\'}", \'reserved0:0\', \'text_0:974792\', \'unit:\', \'unit_addr:0\', \'val_0:59999.0\', \'val_param_nr:1\'])>'
  - 组 'BMC_5'.t data_type: 4 vs 0
  - 组 'BMC_5'.t conversion: 'None' vs '<ChannelConversion (name: , unit: s, comment: , formula: , referenced blocks: {}, address: 1344, fields: [\'_cache:None\', \'a:1e-09\', \'address:1344\', \'b:0.0\', \'block_len:96\', \'comment:\', \'comment_addr:0\', \'conversion_type:1\', \'flags:0\', \'formula:\', "id:b\'##CC\'", \'inv_conv_addr:0\', \'is_user_defined:False\', \'links_nr:4\', \'max_phy_value:0.0\', \'min_phy_value:0.0\', \'name:\', \'name_addr:0\', \'precision:0\', \'ref_param_nr:0\', \'referenced_blocks:{}\', \'reserved0:0\', \'unit:s\', \'unit_addr:1312\', \'val_param_nr:2\'])>'
  - 组 'BMC_5'.BMC_SV flags: 0 vs 16
  - 组 'BMC_4'.t data_type: 4 vs 0
  - 组 'BMC_4'.t conversion: 'None' vs '<ChannelConversion (name: , unit: s, comment: , formula: , referenced blocks: {}, address: 1344, fields: [\'_cache:None\', \'a:1e-09\', \'address:1344\', \'b:0.0\', \'block_len:96\', \'comment:\', \'comment_addr:0\', \'conversion_type:1\', \'flags:0\', \'formula:\', "id:b\'##CC\'", \'inv_conv_addr:0\', \'is_user_defined:False\', \'links_nr:4\', \'max_phy_value:0.0\', \'min_phy_value:0.0\', \'name:\', \'name_addr:0\', \'precision:0\', \'ref_param_nr:0\', \'referenced_blocks:{}\', \'reserved0:0\', \'unit:s\', \'unit_addr:1312\', \'val_param_nr:2\'])>'
  - 组 'BMC_4'.BMC_4_CRC flags: 0 vs 16
  - 组 'BMC_4'.BMC_4_Counter flags: 0 vs 16
  - 组 'BMC_4'.BMC_SuperChgSt data_type: 7 vs 0
  - 组 'BMC_4'.BMC_SuperChgSt bit_count: 64 vs 1
  - 组 'BMC_4'.BMC_SuperChgSt flags: 0 vs 16
  - 组 'BMC_4'.BMC_SuperChgSt conversion: 'None' vs '<ChannelConversion (name: , unit: , comment: , formula: , referenced blocks: {\'text_0\': b\'Normal DC charging\', \'text_1\': b\'High power DC charging\', \'default_addr\': b\'\'}, address: 976912, fields: [\'_cache:None\', \'address:976912\', \'block_len:120\', \'comment:\', \'comment_addr:0\', \'conversion_type:7\', \'default_addr:0\', \'flags:0\', \'formula:\', "id:b\'##CC\'", \'inv_conv_addr:0\', \'is_user_defined:False\', \'links_nr:7\', \'max_phy_value:0.0\', \'min_phy_value:0.0\', \'name:\', \'name_addr:0\', \'precision:0\', \'ref_param_nr:3\', "referenced_blocks:{\'text_0\': b\'Normal DC charging\', \'text_1\': b\'High power DC charging\', \'default_addr\': b\'\'}", \'reserved0:0\', \'text_0:976816\', \'text_1:976864\', \'unit:\', \'unit_addr:0\', \'val_0:0.0\', \'val_1:1.0\', \'val_param_nr:2\'])>'
  - 组 'EOP_1'.t data_type: 4 vs 0
  - 组 'EOP_1'.t conversion: 'None' vs '<ChannelConversion (name: , unit: s, comment: , formula: , referenced blocks: {}, address: 1344, fields: [\'_cache:None\', \'a:1e-09\', \'address:1344\', \'b:0.0\', \'block_len:96\', \'comment:\', \'comment_addr:0\', \'conversion_type:1\', \'flags:0\', \'formula:\', "id:b\'##CC\'", \'inv_conv_addr:0\', \'is_user_defined:False\', \'links_nr:4\', \'max_phy_value:0.0\', \'min_phy_value:0.0\', \'name:\', \'name_addr:0\', \'precision:0\', \'ref_param_nr:0\', \'referenced_blocks:{}\', \'reserved0:0\', \'unit:s\', \'unit_addr:1312\', \'val_param_nr:2\'])>'
  - 组 'EOP_1'.EOP_1_CRC flags: 0 vs 16
  - 组 'EOP_1'.EOP_1_Counter flags: 0 vs 16
  - 组 'EOP_1'.EOP_RemoteDiagCode data_type: 7 vs 0
  - 组 'EOP_1'.EOP_RemoteDiagCode bit_count: 64 vs 2
  - 组 'EOP_1'.EOP_RemoteDiagCode flags: 0 vs 16
  - 组 'EOP_1'.EOP_RemoteDiagCode conversion: 'None' vs '<ChannelConversion (name: , unit: , comment: , formula: , referenced blocks: {\'text_0\': b\'NOFault\', \'text_1\': b\'A -\', \'text_2\': b\'B Faults that cannot work\', \'text_3\': b\'C Only store DTC corresponding faults\', \'default_addr\': b\'\'}, address: 998640, fields: [\'_cache:None\', \'address:998640\', \'block_len:152\', \'comment:\', \'comment_addr:0\', \'conversion_type:7\', \'default_addr:0\', \'flags:0\', \'formula:\', "id:b\'##CC\'", \'inv_conv_addr:0\', \'is_user_defined:False\', \'links_nr:9\', \'max_phy_value:0.0\', \'min_phy_value:0.0\', \'name:\', \'name_addr:0\', \'precision:0\', \'ref_param_nr:5\', "referenced_blocks:{\'text_0\': b\'NOFault\', \'text_1\': b\'A -\', \'text_2\': b\'B Faults that cannot work\', \'text_3\': b\'C Only store DTC corresponding faults\', \'default_addr\': b\'\'}", \'reserved0:0\', \'text_0:998456\', \'text_1:998488\', \'text_2:998520\', \'text_3:998576\', \'unit:\', \'unit_addr:0\', \'val_0:0.0\', \'val_1:1.0\', \'val_2:2.0\', \'val_3:3.0\', \'val_param_nr:4\'])>'
  - 组 'VCU_5': 组内信号序不同 ['VCU_5_CRC', 'VCU_5_Counter', 'VCU_AccButtInfo', 'VCU_LateralAssistBtnInfo', 'VCU_LateralAssistBtnInfoVD', 'VCU_StartAuthReq', 'VCU_TCSOffReq', 'VCU_ShootLaunchSt']... vs ['VCU_5_CRC', 'VCU_5_Counter', 'VCU_AccButtInfo', 'VCU_ShootLaunchSt', 'VCU_TCSOffReq', 'VCU_StartAuthReq', 'VCU_LateralAssistBtnInfoVD', 'VCU_LateralAssistBtnInfo']...
  - 组 'VCU_5'.t data_type: 4 vs 0
  - 组 'VCU_5'.t conversion: 'None' vs '<ChannelConversion (name: , unit: s, comment: , formula: , referenced blocks: {}, address: 1344, fields: [\'_cache:None\', \'a:1e-09\', \'address:1344\', \'b:0.0\', \'block_len:96\', \'comment:\', \'comment_addr:0\', \'conversion_type:1\', \'flags:0\', \'formula:\', "id:b\'##CC\'", \'inv_conv_addr:0\', \'is_user_defined:False\', \'links_nr:4\', \'max_phy_value:0.0\', \'min_phy_value:0.0\', \'name:\', \'name_addr:0\', \'precision:0\', \'ref_param_nr:0\', \'referenced_blocks:{}\', \'reserved0:0\', \'unit:s\', \'unit_addr:1312\', \'val_param_nr:2\'])>'
  - 组 'VCU_5'.VCU_5_CRC flags: 0 vs 16
  - 组 'VCU_5'.VCU_5_Counter flags: 0 vs 16
  - 组 'VCU_5'.VCU_AccButtInfo flags: 0 vs 16
  - 组 'VCU_5'.VCU_LateralAssistBtnInfo data_type: 7 vs 0
  - 组 'VCU_5'.VCU_LateralAssistBtnInfo bit_count: 64 vs 1
  - 组 'VCU_5'.VCU_LateralAssistBtnInfo flags: 0 vs 16
  - 组 'VCU_5'.VCU_LateralAssistBtnInfo conversion: 'None' vs '<ChannelConversion (name: , unit: , comment: , formula: , referenced blocks: {\'text_0\': b\'Not pressed\', \'text_1\': b\'Pressed\', \'default_addr\': b\'\'}, address: 447776, fields: [\'_cache:None\', \'address:447776\', \'block_len:120\', \'comment:\', \'comment_addr:0\', \'conversion_type:7\', \'default_addr:0\', \'flags:0\', \'formula:\', "id:b\'##CC\'", \'inv_conv_addr:0\', \'is_user_defined:False\', \'links_nr:7\', \'max_phy_value:0.0\', \'min_phy_value:0.0\', \'name:\', \'name_addr:0\', \'precision:0\', \'ref_param_nr:3\', "referenced_blocks:{\'text_0\': b\'Not pressed\', \'text_1\': b\'Pressed\', \'default_addr\': b\'\'}", \'reserved0:0\', \'text_0:447704\', \'text_1:447744\', \'unit:\', \'unit_addr:0\', \'val_0:0.0\', \'val_1:1.0\', \'val_param_nr:2\'])>'
  - 组 'VCU_5'.VCU_LateralAssistBtnInfoVD data_type: 7 vs 0
  - 组 'VCU_5'.VCU_LateralAssistBtnInfoVD bit_count: 64 vs 1
  - 组 'VCU_5'.VCU_LateralAssistBtnInfoVD flags: 0 vs 16
  - 组 'VCU_5'.VCU_LateralAssistBtnInfoVD conversion: 'None' vs '<ChannelConversion (name: , unit: , comment: , formula: , referenced blocks: {\'text_0\': b\'Invalid\', \'text_1\': b\'Valid\', \'default_addr\': b\'\'}, address: 447152, fields: [\'_cache:None\', \'address:447152\', \'block_len:120\', \'comment:\', \'comment_addr:0\', \'conversion_type:7\', \'default_addr:0\', \'flags:0\', \'formula:\', "id:b\'##CC\'", \'inv_conv_addr:0\', \'is_user_defined:False\', \'links_nr:7\', \'max_phy_value:0.0\', \'min_phy_value:0.0\', \'name:\', \'name_addr:0\', \'precision:0\', \'ref_param_nr:3\', "referenced_blocks:{\'text_0\': b\'Invalid\', \'text_1\': b\'Valid\', \'default_addr\': b\'\'}", \'reserved0:0\', \'text_0:447088\', \'text_1:447120\', \'unit:\', \'unit_addr:0\', \'val_0:0.0\', \'val_1:1.0\', \'val_param_nr:2\'])>'
  - 组 'VCU_5'.VCU_StartAuthReq data_type: 7 vs 0
  - 组 'VCU_5'.VCU_StartAuthReq bit_count: 64 vs 1
  - 组 'VCU_5'.VCU_StartAuthReq flags: 0 vs 16
  - 组 'VCU_5'.VCU_StartAuthReq conversion: 'None' vs '<ChannelConversion (name: , unit: , comment: , formula: , referenced blocks: {\'text_0\': b\'Not request\', \'text_1\': b\'Request\', \'default_addr\': b\'\'}, address: 446568, fields: [\'_cache:None\', \'address:446568\', \'block_len:120\', \'comment:\', \'comment_addr:0\', \'conversion_type:7\', \'default_addr:0\', \'flags:0\', \'formula:\', "id:b\'##CC\'", \'inv_conv_addr:0\', \'is_user_defined:False\', \'links_nr:7\', \'max_phy_value:0.0\', \'min_phy_value:0.0\', \'name:\', \'name_addr:0\', \'precision:0\', \'ref_param_nr:3\', "referenced_blocks:{\'text_0\': b\'Not request\', \'text_1\': b\'Request\', \'default_addr\': b\'\'}", \'reserved0:0\', \'text_0:446496\', \'text_1:446536\', \'unit:\', \'unit_addr:0\', \'val_0:0.0\', \'val_1:1.0\', \'val_param_nr:2\'])>'
  - 组 'VCU_5'.VCU_TCSOffReq data_type: 7 vs 0
  - 组 'VCU_5'.VCU_TCSOffReq bit_count: 64 vs 2
  - 组 'VCU_5'.VCU_TCSOffReq flags: 0 vs 16
  - 组 'VCU_5'.VCU_TCSOffReq conversion: 'None' vs '<ChannelConversion (name: , unit: , comment: , formula: , referenced blocks: {\'text_0\': b\'Not Request\', \'text_1\': b\'Request\', \'default_addr\': b\'\'}, address: 445992, fields: [\'_cache:None\', \'address:445992\', \'block_len:120\', \'comment:\', \'comment_addr:0\', \'conversion_type:7\', \'default_addr:0\', \'flags:0\', \'formula:\', "id:b\'##CC\'", \'inv_conv_addr:0\', \'is_user_defined:False\', \'links_nr:7\', \'max_phy_value:0.0\', \'min_phy_value:0.0\', \'name:\', \'name_addr:0\', \'precision:0\', \'ref_param_nr:3\', "referenced_blocks:{\'text_0\': b\'Not Request\', \'text_1\': b\'Request\', \'default_addr\': b\'\'}", \'reserved0:0\', \'text_0:445920\', \'text_1:445960\', \'unit:\', \'unit_addr:0\', \'val_0:0.0\', \'val_1:1.0\', \'val_param_nr:2\'])>'
  - 组 'VCU_5'.VCU_ShootLaunchSt data_type: 7 vs 0
  - 组 'VCU_5'.VCU_ShootLaunchSt bit_count: 64 vs 2
  - 组 'VCU_5'.VCU_ShootLaunchSt flags: 0 vs 16
  - 组 'VCU_5'.VCU_ShootLaunchSt conversion: 'None' vs '<ChannelConversion (name: , unit: , comment: , formula: , referenced blocks: {\'text_0\': b\'Off\', \'text_1\': b\'Stanby\', \'text_2\': b\'Active\', \'default_addr\': b\'\'}, address: 445384, fields: [\'_cache:None\', \'address:445384\', \'block_len:136\', \'comment:\', \'comment_addr:0\', \'conversion_type:7\', \'default_addr:0\', \'flags:0\', \'formula:\', "id:b\'##CC\'", \'inv_conv_addr:0\', \'is_user_defined:False\', \'links_nr:8\', \'max_phy_value:0.0\', \'min_phy_value:0.0\', \'name:\', \'name_addr:0\', \'precision:0\', \'ref_param_nr:4\', "referenced_blocks:{\'text_0\': b\'Off\', \'text_1\': b\'Stanby\', \'text_2\': b\'Active\', \'default_addr\': b\'\'}", \'reserved0:0\', \'text_0:445288\', \'text_1:445320\', \'text_2:445352\', \'unit:\', \'unit_addr:0\', \'val_0:0.0\', \'val_1:1.0\', \'val_2:2.0\', \'val_param_nr:3\'])>'
  - 组 'VCU_5'.VCU_EMS_AccPedalPstProtValue flags: 0 vs 16
  - 组 'VCU_5'.VCU_EMS_AccPedalActPst data_type: 4 vs 0
  - 组 'VCU_5'.VCU_EMS_AccPedalActPst bit_count: 64 vs 8
  - 组 'VCU_5'.VCU_EMS_AccPedalActPst flags: 0 vs 16
  - 组 'VCU_5'.VCU_EMS_AccPedalActPst conversion: 'None' vs '<ChannelConversion (name: , unit: %, comment: , formula: , referenced blocks: {}, address: 449416, fields: [\'_cache:None\', \'a:0.392\', \'address:449416\', \'b:0.0\', \'block_len:96\', \'comment:\', \'comment_addr:0\', \'conversion_type:1\', \'flags:0\', \'formula:\', "id:b\'##CC\'", \'inv_conv_addr:0\', \'is_user_defined:False\', \'links_nr:4\', \'max_phy_value:0.0\', \'min_phy_value:0.0\', \'name:\', \'name_addr:0\', \'precision:0\', \'ref_param_nr:0\', \'referenced_blocks:{}\', \'reserved0:0\', \'unit:%\', \'unit_addr:449384\', \'val_param_nr:2\'])>'
  - 组 'VCU_5'.VCU_EMS_BrkNomalCloseSwitchSt data_type: 7 vs 0
  - 组 'VCU_5'.VCU_EMS_BrkNomalCloseSwitchSt bit_count: 64 vs 1
  - 组 'VCU_5'.VCU_EMS_BrkNomalCloseSwitchSt flags: 0 vs 16
  - 组 'VCU_5'.VCU_EMS_BrkNomalCloseSwitchSt conversion: 'None' vs '<ChannelConversion (name: , unit: , comment: , formula: , referenced blocks: {\'text_0\': b\'Not pressed\', \'text_1\': b\'Pressed\', \'default_addr\': b\'\'}, address: 448832, fields: [\'_cache:None\', \'address:448832\', \'block_len:120\', \'comment:\', \'comment_addr:0\', \'conversion_type:7\', \'default_addr:0\', \'flags:0\', \'formula:\', "id:b\'##CC\'", \'inv_conv_addr:0\', \'is_user_defined:False\', \'links_nr:7\', \'max_phy_value:0.0\', \'min_phy_value:0.0\', \'name:\', \'name_addr:0\', \'precision:0\', \'ref_param_nr:3\', "referenced_blocks:{\'text_0\': b\'Not pressed\', \'text_1\': b\'Pressed\', \'default_addr\': b\'\'}", \'reserved0:0\', \'text_0:448760\', \'text_1:448800\', \'unit:\', \'unit_addr:0\', \'val_0:0.0\', \'val_1:1.0\', \'val_param_nr:2\'])>'
  - 组 'VCU_5'.VCU_EMS_BrkPedalSt data_type: 7 vs 0
  - 组 'VCU_5'.VCU_EMS_BrkPedalSt bit_count: 64 vs 1
  - 组 'VCU_5'.VCU_EMS_BrkPedalSt flags: 0 vs 16
  - 组 'VCU_5'.VCU_EMS_BrkPedalSt conversion: 'None' vs '<ChannelConversion (name: , unit: , comment: , formula: , referenced blocks: {\'text_0\': b\'Not pressed\', \'text_1\': b\'Pressed\', \'default_addr\': b\'\'}, address: 451240, fields: [\'_cache:None\', \'address:451240\', \'block_len:120\', \'comment:\', \'comment_addr:0\', \'conversion_type:7\', \'default_addr:0\', \'flags:0\', \'formula:\', "id:b\'##CC\'", \'inv_conv_addr:0\', \'is_user_defined:False\', \'links_nr:7\', \'max_phy_value:0.0\', \'min_phy_value:0.0\', \'name:\', \'name_addr:0\', \'precision:0\', \'ref_param_nr:3\', "referenced_blocks:{\'text_0\': b\'Not pressed\', \'text_1\': b\'Pressed\', \'default_addr\': b\'\'}", \'reserved0:0\', \'text_0:451168\', \'text_1:451208\', \'unit:\', \'unit_addr:0\', \'val_0:0.0\', \'val_1:1.0\', \'val_param_nr:2\'])>'
  - 组 'VCU_5'.VCU_EMS_BrkPedalStVD data_type: 7 vs 0
  - 组 'VCU_5'.VCU_EMS_BrkPedalStVD bit_count: 64 vs 1
  - 组 'VCU_5'.VCU_EMS_BrkPedalStVD flags: 0 vs 16
  - 组 'VCU_5'.VCU_EMS_BrkPedalStVD conversion: 'None' vs '<ChannelConversion (name: , unit: , comment: , formula: , referenced blocks: {\'text_0\': b\'Not valid\', \'text_1\': b\'Valid\', \'default_addr\': b\'\'}, address: 450640, fields: [\'_cache:None\', \'address:450640\', \'block_len:120\', \'comment:\', \'comment_addr:0\', \'conversion_type:7\', \'default_addr:0\', \'flags:0\', \'formula:\', "id:b\'##CC\'", \'inv_conv_addr:0\', \'is_user_defined:False\', \'links_nr:7\', \'max_phy_value:0.0\', \'min_phy_value:0.0\', \'name:\', \'name_addr:0\', \'precision:0\', \'ref_param_nr:3\', "referenced_blocks:{\'text_0\': b\'Not valid\', \'text_1\': b\'Valid\', \'default_addr\': b\'\'}", \'reserved0:0\', \'text_0:450568\', \'text_1:450608\', \'unit:\', \'unit_addr:0\', \'val_0:0.0\', \'val_1:1.0\', \'val_param_nr:2\'])>'
  - 组 'VCU_5'.VCU_EMS_AccPedalActPstVD data_type: 7 vs 0
  - 组 'VCU_5'.VCU_EMS_AccPedalActPstVD bit_count: 64 vs 1
  - 组 'VCU_5'.VCU_EMS_AccPedalActPstVD flags: 0 vs 16
  - 组 'VCU_5'.VCU_EMS_AccPedalActPstVD conversion: 'None' vs '<ChannelConversion (name: , unit: , comment: , formula: , referenced blocks: {\'text_0\': b\'Not valid\', \'text_1\': b\'Valid\', \'default_addr\': b\'\'}, address: 450008, fields: [\'_cache:None\', \'address:450008\', \'block_len:120\', \'comment:\', \'comment_addr:0\', \'conversion_type:7\', \'default_addr:0\', \'flags:0\', \'formula:\', "id:b\'##CC\'", \'inv_conv_addr:0\', \'is_user_defined:False\', \'links_nr:7\', \'max_phy_value:0.0\', \'min_phy_value:0.0\', \'name:\', \'name_addr:0\', \'precision:0\', \'ref_param_nr:3\', "referenced_blocks:{\'text_0\': b\'Not valid\', \'text_1\': b\'Valid\', \'default_addr\': b\'\'}", \'reserved0:0\', \'text_0:449936\', \'text_1:449976\', \'unit:\', \'unit_addr:0\', \'val_0:0.0\', \'val_1:1.0\', \'val_param_nr:2\'])>'
  - 组 'VCU_5'.VCU_DCU_ActRotSpd data_type: 4 vs 0
  - 组 'VCU_5'.VCU_DCU_ActRotSpd bit_count: 64 vs 16
  - 组 'VCU_5'.VCU_DCU_ActRotSpd flags: 0 vs 16
  - 组 'VCU_5'.VCU_DCU_ActRotSpd conversion: 'None' vs '<ChannelConversion (name: , unit: rpm, comment: , formula: , referenced blocks: {}, address: 451792, fields: [\'_cache:None\', \'a:1.0\', \'address:451792\', \'b:-32767.0\', \'block_len:96\', \'comment:\', \'comment_addr:0\', \'conversion_type:1\', \'flags:0\', \'formula:\', "id:b\'##CC\'", \'inv_conv_addr:0\', \'is_user_defined:False\', \'links_nr:4\', \'max_phy_value:0.0\', \'min_phy_value:0.0\', \'name:\', \'name_addr:0\', \'precision:0\', \'ref_param_nr:0\', \'referenced_blocks:{}\', \'reserved0:0\', \'unit:rpm\', \'unit_addr:451760\', \'val_param_nr:2\'])>'
  - 组 'VCU_5'.VCU_ActVehWheelTorqFA bit_count: 16 vs 14
  - 组 'VCU_5'.VCU_ActVehWheelTorqFA flags: 0 vs 16
  - 组 'VCU_5'.VCU_ActVehWheelTorqFA conversion: 'None' vs '<ChannelConversion (name: , unit: Nm, comment: , formula: , referenced blocks: {}, address: 452328, fields: [\'_cache:None\', \'address:452328\', \'block_len:80\', \'comment:\', \'comment_addr:0\', \'conversion_type:0\', \'flags:0\', \'formula:\', "id:b\'##CC\'", \'inv_conv_addr:0\', \'is_user_defined:False\', \'links_nr:4\', \'max_phy_value:0.0\', \'min_phy_value:0.0\', \'name:\', \'name_addr:0\', \'precision:0\', \'ref_param_nr:0\', \'referenced_blocks:{}\', \'reserved0:0\', \'unit:Nm\', \'unit_addr:452296\', \'val_param_nr:0\'])>'
  - 组 'VCU_5'.VCU_VehWheelTorqMaxFA bit_count: 16 vs 14
  - 组 'VCU_5'.VCU_VehWheelTorqMaxFA flags: 0 vs 16
  - 组 'VCU_5'.VCU_VehWheelTorqMaxFA conversion: 'None' vs '<ChannelConversion (name: , unit: Nm, comment: , formula: , referenced blocks: {}, address: 452872, fields: [\'_cache:None\', \'address:452872\', \'block_len:80\', \'comment:\', \'comment_addr:0\', \'conversion_type:0\', \'flags:0\', \'formula:\', "id:b\'##CC\'", \'inv_conv_addr:0\', \'is_user_defined:False\', \'links_nr:4\', \'max_phy_value:0.0\', \'min_phy_value:0.0\', \'name:\', \'name_addr:0\', \'precision:0\', \'ref_param_nr:0\', \'referenced_blocks:{}\', \'reserved0:0\', \'unit:Nm\', \'unit_addr:452840\', \'val_param_nr:0\'])>'
  - 组 'VCU_5'.VCU_BrkPedPstVD data_type: 7 vs 0
  - 组 'VCU_5'.VCU_BrkPedPstVD bit_count: 64 vs 1
  - 组 'VCU_5'.VCU_BrkPedPstVD flags: 0 vs 16
  - 组 'VCU_5'.VCU_BrkPedPstVD conversion: 'None' vs '<ChannelConversion (name: , unit: , comment: , formula: , referenced blocks: {\'text_0\': b\'Not valid\', \'text_1\': b\'Valid\', \'default_addr\': b\'\'}, address: 453464, fields: [\'_cache:None\', \'address:453464\', \'block_len:120\', \'comment:\', \'comment_addr:0\', \'conversion_type:7\', \'default_addr:0\', \'flags:0\', \'formula:\', "id:b\'##CC\'", \'inv_conv_addr:0\', \'is_user_defined:False\', \'links_nr:7\', \'max_phy_value:0.0\', \'min_phy_value:0.0\', \'name:\', \'name_addr:0\', \'precision:0\', \'ref_param_nr:3\', "referenced_blocks:{\'text_0\': b\'Not valid\', \'text_1\': b\'Valid\', \'default_addr\': b\'\'}", \'reserved0:0\', \'text_0:453392\', \'text_1:453432\', \'unit:\', \'unit_addr:0\', \'val_0:0.0\', \'val_1:1.0\', \'val_param_nr:2\'])>'
  - 组 'VCU_5'.VCU_CrntGearLvl data_type: 7 vs 0
  - 组 'VCU_5'.VCU_CrntGearLvl bit_count: 64 vs 3
  - 组 'VCU_5'.VCU_CrntGearLvl flags: 0 vs 16
  - 组 'VCU_5'.VCU_CrntGearLvl conversion: 'None' vs '<ChannelConversion (name: , unit: , comment: , formula: , referenced blocks: {\'text_0\': b\'Invalid;- others : reserved\', \'text_1\': b"\'D\' Drive gear", \'text_2\': b"\'N\' Neutral gear", \'text_3\': b"\'R\' Reverse gear", \'text_4\': b"\'P\' Park gear", \'default_addr\': b\'\'}, address: 454224, fields: [\'_cache:None\', \'address:454224\', \'block_len:168\', \'comment:\', \'comment_addr:0\', \'conversion_type:7\', \'default_addr:0\', \'flags:0\', \'formula:\', "id:b\'##CC\'", \'inv_conv_addr:0\', \'is_user_defined:False\', \'links_nr:10\', \'max_phy_value:0.0\', \'min_phy_value:0.0\', \'name:\', \'name_addr:0\', \'precision:0\', \'ref_param_nr:6\', \'referenced_blocks:{\\\'text_0\\\': b\\\'Invalid;- others : reserved\\\', \\\'text_1\\\': b"\\\'D\\\' Drive gear", \\\'text_2\\\': b"\\\'N\\\' Neutral gear", \\\'text_3\\\': b"\\\'R\\\' Reverse gear", \\\'text_4\\\': b"\\\'P\\\' Park gear", \\\'default_addr\\\': b\\\'\\\'}\', \'reserved0:0\', \'text_0:453992\', \'text_1:454048\', \'text_2:454088\', \'text_3:454136\', \'text_4:454184\', \'unit:\', \'unit_addr:0\', \'val_0:0.0\', \'val_1:1.0\', \'val_2:2.0\', \'val_3:3.0\', \'val_4:4.0\', \'val_param_nr:5\'])>'
  - 组 'VCU_5'.VCU_DCU2_ActRotSpd data_type: 4 vs 0
  - 组 'VCU_5'.VCU_DCU2_ActRotSpd bit_count: 64 vs 16
  - 组 'VCU_5'.VCU_DCU2_ActRotSpd flags: 0 vs 16
  - 组 'VCU_5'.VCU_DCU2_ActRotSpd conversion: 'None' vs '<ChannelConversion (name: , unit: rpm, comment: , formula: , referenced blocks: {}, address: 454832, fields: [\'_cache:None\', \'a:1.0\', \'address:454832\', \'b:-32767.0\', \'block_len:96\', \'comment:\', \'comment_addr:0\', \'conversion_type:1\', \'flags:0\', \'formula:\', "id:b\'##CC\'", \'inv_conv_addr:0\', \'is_user_defined:False\', \'links_nr:4\', \'max_phy_value:0.0\', \'min_phy_value:0.0\', \'name:\', \'name_addr:0\', \'precision:0\', \'ref_param_nr:0\', \'referenced_blocks:{}\', \'reserved0:0\', \'unit:rpm\', \'unit_addr:454800\', \'val_param_nr:2\'])>'
  - 组 'VCU_5'.VCU_BrkPedPst data_type: 4 vs 0
  - 组 'VCU_5'.VCU_BrkPedPst bit_count: 64 vs 8
  - 组 'VCU_5'.VCU_BrkPedPst flags: 0 vs 16
  - 组 'VCU_5'.VCU_BrkPedPst conversion: 'None' vs '<ChannelConversion (name: , unit: %, comment: , formula: , referenced blocks: {}, address: 456656, fields: [\'_cache:None\', \'a:0.392\', \'address:456656\', \'b:0.0\', \'block_len:96\', \'comment:\', \'comment_addr:0\', \'conversion_type:1\', \'flags:0\', \'formula:\', "id:b\'##CC\'", \'inv_conv_addr:0\', \'is_user_defined:False\', \'links_nr:4\', \'max_phy_value:0.0\', \'min_phy_value:0.0\', \'name:\', \'name_addr:0\', \'precision:0\', \'ref_param_nr:0\', \'referenced_blocks:{}\', \'reserved0:0\', \'unit:%\', \'unit_addr:456624\', \'val_param_nr:2\'])>'
  - 组 'VCU_5'.VCU_APAGasPedalIntv data_type: 7 vs 0
  - 组 'VCU_5'.VCU_APAGasPedalIntv bit_count: 64 vs 1
  - 组 'VCU_5'.VCU_APAGasPedalIntv flags: 0 vs 16
  - 组 'VCU_5'.VCU_APAGasPedalIntv conversion: 'None' vs '<ChannelConversion (name: , unit: , comment: , formula: , referenced blocks: {\'text_0\': b\'With not intervention\', \'text_1\': b\'With intervention\', \'default_addr\': b\'\'}, address: 456056, fields: [\'_cache:None\', \'address:456056\', \'block_len:120\', \'comment:\', \'comment_addr:0\', \'conversion_type:7\', \'default_addr:0\', \'flags:0\', \'formula:\', "id:b\'##CC\'", \'inv_conv_addr:0\', \'is_user_defined:False\', \'links_nr:7\', \'max_phy_value:0.0\', \'min_phy_value:0.0\', \'name:\', \'name_addr:0\', \'precision:0\', \'ref_param_nr:3\', "referenced_blocks:{\'text_0\': b\'With not intervention\', \'text_1\': b\'With intervention\', \'default_addr\': b\'\'}", \'reserved0:0\', \'text_0:455960\', \'text_1:456008\', \'unit:\', \'unit_addr:0\', \'val_0:0.0\', \'val_1:1.0\', \'val_param_nr:2\'])>'
  - 组 'VCU_5'.VCU_APAAvailable data_type: 7 vs 0
  - 组 'VCU_5'.VCU_APAAvailable bit_count: 64 vs 1
  - 组 'VCU_5'.VCU_APAAvailable flags: 0 vs 16
  - 组 'VCU_5'.VCU_APAAvailable conversion: 'None' vs '<ChannelConversion (name: , unit: , comment: , formula: , referenced blocks: {\'text_0\': b\'Not available\', \'text_1\': b\'Available\', \'default_addr\': b\'\'}, address: 455416, fields: [\'_cache:None\', \'address:455416\', \'block_len:120\', \'comment:\', \'comment_addr:0\', \'conversion_type:7\', \'default_addr:0\', \'flags:0\', \'formula:\', "id:b\'##CC\'", \'inv_conv_addr:0\', \'is_user_defined:False\', \'links_nr:7\', \'max_phy_value:0.0\', \'min_phy_value:0.0\', \'name:\', \'name_addr:0\', \'precision:0\', \'ref_param_nr:3\', "referenced_blocks:{\'text_0\': b\'Not available\', \'text_1\': b\'Available\', \'default_addr\': b\'\'}", \'reserved0:0\', \'text_0:455336\', \'text_1:455376\', \'unit:\', \'unit_addr:0\', \'val_0:0.0\', \'val_1:1.0\', \'val_param_nr:2\'])>'
  - 组 'VCU_5'.VCU_APAWheelTorqDriverReq data_type: 4 vs 0
  - 组 'VCU_5'.VCU_APAWheelTorqDriverReq bit_count: 64 vs 14
  - 组 'VCU_5'.VCU_APAWheelTorqDriverReq flags: 0 vs 16
  - 组 'VCU_5'.VCU_APAWheelTorqDriverReq conversion: 'None' vs '<ChannelConversion (name: , unit: Nm, comment: , formula: , referenced blocks: {}, address: 457184, fields: [\'_cache:None\', \'a:1.0\', \'address:457184\', \'b:-5000.0\', \'block_len:96\', \'comment:\', \'comment_addr:0\', \'conversion_type:1\', \'flags:0\', \'formula:\', "id:b\'##CC\'", \'inv_conv_addr:0\', \'is_user_defined:False\', \'links_nr:4\', \'max_phy_value:0.0\', \'min_phy_value:0.0\', \'name:\', \'name_addr:0\', \'precision:0\', \'ref_param_nr:0\', \'referenced_blocks:{}\', \'reserved0:0\', \'unit:Nm\', \'unit_addr:457152\', \'val_param_nr:2\'])>'
  - 组 'VCU_5'.VCU_ACCMaxRecpDecel data_type: 4 vs 0
  - 组 'VCU_5'.VCU_ACCMaxRecpDecel bit_count: 64 vs 8
  - 组 'VCU_5'.VCU_ACCMaxRecpDecel flags: 0 vs 16
  - 组 'VCU_5'.VCU_ACCMaxRecpDecel conversion: 'None' vs '<ChannelConversion (name: , unit: m/s2, comment: , formula: , referenced blocks: {}, address: 460248, fields: [\'_cache:None\', \'a:0.05\', \'address:460248\', \'b:-5.0\', \'block_len:96\', \'comment:\', \'comment_addr:0\', \'conversion_type:1\', \'flags:0\', \'formula:\', "id:b\'##CC\'", \'inv_conv_addr:0\', \'is_user_defined:False\', \'links_nr:4\', \'max_phy_value:0.0\', \'min_phy_value:0.0\', \'name:\', \'name_addr:0\', \'precision:0\', \'ref_param_nr:0\', \'referenced_blocks:{}\', \'reserved0:0\', \'unit:m/s2\', \'unit_addr:460216\', \'val_param_nr:2\'])>'
  - 组 'VCU_5'.VCU_FullBattBrkReq data_type: 7 vs 0
  - 组 'VCU_5'.VCU_FullBattBrkReq bit_count: 64 vs 1
  - 组 'VCU_5'.VCU_FullBattBrkReq flags: 0 vs 16
  - 组 'VCU_5'.VCU_FullBattBrkReq conversion: 'None' vs '<ChannelConversion (name: , unit: , comment: , formula: , referenced blocks: {\'text_0\': b\'No request\', \'text_1\': b\'Request\', \'default_addr\': b\'\'}, address: 459664, fields: [\'_cache:None\', \'address:459664\', \'block_len:120\', \'comment:\', \'comment_addr:0\', \'conversion_type:7\', \'default_addr:0\', \'flags:0\', \'formula:\', "id:b\'##CC\'", \'inv_conv_addr:0\', \'is_user_defined:False\', \'links_nr:7\', \'max_phy_value:0.0\', \'min_phy_value:0.0\', \'name:\', \'name_addr:0\', \'precision:0\', \'ref_param_nr:3\', "referenced_blocks:{\'text_0\': b\'No request\', \'text_1\': b\'Request\', \'default_addr\': b\'\'}", \'reserved0:0\', \'text_0:459592\', \'text_1:459632\', \'unit:\', \'unit_addr:0\', \'val_0:0.0\', \'val_1:1.0\', \'val_param_nr:2\'])>'
  - 组 'VCU_5'.VCU_ACCLimitOperatingSt data_type: 7 vs 0
  - 组 'VCU_5'.VCU_ACCLimitOperatingSt bit_count: 64 vs 1
  - 组 'VCU_5'.VCU_ACCLimitOperatingSt flags: 0 vs 16
  - 组 'VCU_5'.VCU_ACCLimitOperatingSt conversion: 'None' vs '<ChannelConversion (name: , unit: , comment: , formula: , referenced blocks: {\'text_0\': b\'Not active\', \'text_1\': b\'active\', \'default_addr\': b\'\'}, address: 459016, fields: [\'_cache:None\', \'address:459016\', \'block_len:120\', \'comment:\', \'comment_addr:0\', \'conversion_type:7\', \'default_addr:0\', \'flags:0\', \'formula:\', "id:b\'##CC\'", \'inv_conv_addr:0\', \'is_user_defined:False\', \'links_nr:7\', \'max_phy_value:0.0\', \'min_phy_value:0.0\', \'name:\', \'name_addr:0\', \'precision:0\', \'ref_param_nr:3\', "referenced_blocks:{\'text_0\': b\'Not active\', \'text_1\': b\'active\', \'default_addr\': b\'\'}", \'reserved0:0\', \'text_0:458944\', \'text_1:458984\', \'unit:\', \'unit_addr:0\', \'val_0:0.0\', \'val_1:1.0\', \'val_param_nr:2\'])>'
  - 组 'VCU_5'.VCU_ACCMaxRecpDecelVD data_type: 7 vs 0
  - 组 'VCU_5'.VCU_ACCMaxRecpDecelVD bit_count: 64 vs 1
  - 组 'VCU_5'.VCU_ACCMaxRecpDecelVD flags: 0 vs 16
  - 组 'VCU_5'.VCU_ACCMaxRecpDecelVD conversion: 'None' vs '<ChannelConversion (name: , unit: , comment: , formula: , referenced blocks: {\'text_0\': b\'Not valid\', \'text_1\': b\'Valid\', \'default_addr\': b\'\'}, address: 458408, fields: [\'_cache:None\', \'address:458408\', \'block_len:120\', \'comment:\', \'comment_addr:0\', \'conversion_type:7\', \'default_addr:0\', \'flags:0\', \'formula:\', "id:b\'##CC\'", \'inv_conv_addr:0\', \'is_user_defined:False\', \'links_nr:7\', \'max_phy_value:0.0\', \'min_phy_value:0.0\', \'name:\', \'name_addr:0\', \'precision:0\', \'ref_param_nr:3\', "referenced_blocks:{\'text_0\': b\'Not valid\', \'text_1\': b\'Valid\', \'default_addr\': b\'\'}", \'reserved0:0\', \'text_0:458336\', \'text_1:458376\', \'unit:\', \'unit_addr:0\', \'val_0:0.0\', \'val_1:1.0\', \'val_param_nr:2\'])>'
  - 组 'VCU_5'.VCU_APA_Resp data_type: 7 vs 0
  - 组 'VCU_5'.VCU_APA_Resp bit_count: 64 vs 1
  - 组 'VCU_5'.VCU_APA_Resp flags: 0 vs 16
  - 组 'VCU_5'.VCU_APA_Resp conversion: 'None' vs '<ChannelConversion (name: , unit: , comment: , formula: , referenced blocks: {\'text_0\': b\'No\', \'text_1\': b\'Yes\', \'default_addr\': b\'\'}, address: 457776, fields: [\'_cache:None\', \'address:457776\', \'block_len:120\', \'comment:\', \'comment_addr:0\', \'conversion_type:7\', \'default_addr:0\', \'flags:0\', \'formula:\', "id:b\'##CC\'", \'inv_conv_addr:0\', \'is_user_defined:False\', \'links_nr:7\', \'max_phy_value:0.0\', \'min_phy_value:0.0\', \'name:\', \'name_addr:0\', \'precision:0\', \'ref_param_nr:3\', "referenced_blocks:{\'text_0\': b\'No\', \'text_1\': b\'Yes\', \'default_addr\': b\'\'}", \'reserved0:0\', \'text_0:457712\', \'text_1:457744\', \'unit:\', \'unit_addr:0\', \'val_0:0.0\', \'val_1:1.0\', \'val_param_nr:2\'])>'
  - 组 'VCU_5'.VCU_APAGearIntervern data_type: 7 vs 0
  - 组 'VCU_5'.VCU_APAGearIntervern bit_count: 64 vs 1
  - 组 'VCU_5'.VCU_APAGearIntervern flags: 0 vs 16
  - 组 'VCU_5'.VCU_APAGearIntervern conversion: 'None' vs '<ChannelConversion (name: , unit: , comment: , formula: , referenced blocks: {\'text_0\': b\'with not intervention\', \'text_1\': b\'with intervention\', \'default_addr\': b\'\'}, address: 462216, fields: [\'_cache:None\', \'address:462216\', \'block_len:120\', \'comment:\', \'comment_addr:0\', \'conversion_type:7\', \'default_addr:0\', \'flags:0\', \'formula:\', "id:b\'##CC\'", \'inv_conv_addr:0\', \'is_user_defined:False\', \'links_nr:7\', \'max_phy_value:0.0\', \'min_phy_value:0.0\', \'name:\', \'name_addr:0\', \'precision:0\', \'ref_param_nr:3\', "referenced_blocks:{\'text_0\': b\'with not intervention\', \'text_1\': b\'with intervention\', \'default_addr\': b\'\'}", \'reserved0:0\', \'text_0:462120\', \'text_1:462168\', \'unit:\', \'unit_addr:0\', \'val_0:0.0\', \'val_1:1.0\', \'val_param_nr:2\'])>'
  - 组 'VCU_5'.VCU_RegenModulationReq data_type: 7 vs 0
  - 组 'VCU_5'.VCU_RegenModulationReq bit_count: 64 vs 1
  - 组 'VCU_5'.VCU_RegenModulationReq flags: 0 vs 16
  - 组 'VCU_5'.VCU_RegenModulationReq conversion: 'None' vs '<ChannelConversion (name: , unit: , comment: , formula: , referenced blocks: {\'text_0\': b\'No request\', \'text_1\': b\'Request\', \'default_addr\': b\'\'}, address: 461576, fields: [\'_cache:None\', \'address:461576\', \'block_len:120\', \'comment:\', \'comment_addr:0\', \'conversion_type:7\', \'default_addr:0\', \'flags:0\', \'formula:\', "id:b\'##CC\'", \'inv_conv_addr:0\', \'is_user_defined:False\', \'links_nr:7\', \'max_phy_value:0.0\', \'min_phy_value:0.0\', \'name:\', \'name_addr:0\', \'precision:0\', \'ref_param_nr:3\', "referenced_blocks:{\'text_0\': b\'No request\', \'text_1\': b\'Request\', \'default_addr\': b\'\'}", \'reserved0:0\', \'text_0:461504\', \'text_1:461544\', \'unit:\', \'unit_addr:0\', \'val_0:0.0\', \'val_1:1.0\', \'val_param_nr:2\'])>'
  - 组 'VCU_5'.VCU_HydBrkTorqReqSt data_type: 7 vs 0
  - 组 'VCU_5'.VCU_HydBrkTorqReqSt bit_count: 64 vs 2
  - 组 'VCU_5'.VCU_HydBrkTorqReqSt flags: 0 vs 16
  - 组 'VCU_5'.VCU_HydBrkTorqReqSt conversion: 'None' vs '<ChannelConversion (name: , unit: , comment: , formula: , referenced blocks: {\'text_0\': b\'NoReq\', \'text_1\': b\'BrkTorqReq\', \'text_2\': b\'HoldReq\', \'text_3\': b\'DriveOffReq\', \'default_addr\': b\'\'}, address: 460920, fields: [\'_cache:None\', \'address:460920\', \'block_len:152\', \'comment:\', \'comment_addr:0\', \'conversion_type:7\', \'default_addr:0\', \'flags:0\', \'formula:\', "id:b\'##CC\'", \'inv_conv_addr:0\', \'is_user_defined:False\', \'links_nr:9\', \'max_phy_value:0.0\', \'min_phy_value:0.0\', \'name:\', \'name_addr:0\', \'precision:0\', \'ref_param_nr:5\', "referenced_blocks:{\'text_0\': b\'NoReq\', \'text_1\': b\'BrkTorqReq\', \'text_2\': b\'HoldReq\', \'text_3\': b\'DriveOffReq\', \'default_addr\': b\'\'}", \'reserved0:0\', \'text_0:460776\', \'text_1:460808\', \'text_2:460848\', \'text_3:460880\', \'unit:\', \'unit_addr:0\', \'val_0:0.0\', \'val_1:1.0\', \'val_2:2.0\', \'val_3:3.0\', \'val_param_nr:4\'])>'
  - 组 'VCU_5'.VCU_ActVehWheelTorq bit_count: 16 vs 14
  - 组 'VCU_5'.VCU_ActVehWheelTorq flags: 0 vs 16
  - 组 'VCU_5'.VCU_ActVehWheelTorq conversion: 'None' vs '<ChannelConversion (name: , unit: Nm, comment: , formula: , referenced blocks: {}, address: 464256, fields: [\'_cache:None\', \'address:464256\', \'block_len:80\', \'comment:\', \'comment_addr:0\', \'conversion_type:0\', \'flags:0\', \'formula:\', "id:b\'##CC\'", \'inv_conv_addr:0\', \'is_user_defined:False\', \'links_nr:4\', \'max_phy_value:0.0\', \'min_phy_value:0.0\', \'name:\', \'name_addr:0\', \'precision:0\', \'ref_param_nr:0\', \'referenced_blocks:{}\', \'reserved0:0\', \'unit:Nm\', \'unit_addr:464224\', \'val_param_nr:0\'])>'
  - 组 'VCU_5'.VCU_ACCmaxSpdLimit data_type: 7 vs 0
  - 组 'VCU_5'.VCU_ACCmaxSpdLimit bit_count: 64 vs 4
  - 组 'VCU_5'.VCU_ACCmaxSpdLimit flags: 0 vs 16
  - 组 'VCU_5'.VCU_ACCmaxSpdLimit conversion: 'None' vs '<ChannelConversion (name: , unit: , comment: , formula: , referenced blocks: {\'text_0\': b\'No Limit\', \'text_1\': b\'10 Km/h\', \'text_2\': b\'20 Km/h\', \'text_3\': b\'30 Km/h\', \'text_4\': b\'40 Km/h\', \'text_5\': b\'50 Km/h\', \'text_6\': b\'60 Km/h\', \'text_7\': b\'70 Km/h\', \'text_8\': b\'80 Km/h\', \'text_9\': b\'90 Km/h\', \'text_10\': b\'100 Km/h\', \'text_11\': b\'110 Km/h\', \'text_12\': b\'120 Km/h\', \'text_13\': b\'130 Km/h\', \'text_14\': b\'140 Km/h\', \'default_addr\': b\'\'}, address: 463432, fields: [\'_cache:None\', \'address:463432\', \'block_len:328\', \'comment:\', \'comment_addr:0\', \'conversion_type:7\', \'default_addr:0\', \'flags:0\', \'formula:\', "id:b\'##CC\'", \'inv_conv_addr:0\', \'is_user_defined:False\', \'links_nr:20\', \'max_phy_value:0.0\', \'min_phy_value:0.0\', \'name:\', \'name_addr:0\', \'precision:0\', \'ref_param_nr:16\', "referenced_blocks:{\'text_0\': b\'No Limit\', \'text_1\': b\'10 Km/h\', \'text_2\': b\'20 Km/h\', \'text_3\': b\'30 Km/h\', \'text_4\': b\'40 Km/h\', \'text_5\': b\'50 Km/h\', \'text_6\': b\'60 Km/h\', \'text_7\': b\'70 Km/h\', \'text_8\': b\'80 Km/h\', \'text_9\': b\'90 Km/h\', \'text_10\': b\'100 Km/h\', \'text_11\': b\'110 Km/h\', \'text_12\': b\'120 Km/h\', \'text_13\': b\'130 Km/h\', \'text_14\': b\'140 Km/h\', \'default_addr\': b\'\'}", \'reserved0:0\', \'text_0:462904\', \'text_1:462944\', \'text_10:463232\', \'text_11:463272\', \'text_12:463312\', \'text_13:463352\', \'text_14:463392\', \'text_2:462976\', \'text_3:463008\', \'text_4:463040\', \'text_5:463072\', \'text_6:463104\', \'text_7:463136\', \'text_8:463168\', \'text_9:463200\', \'unit:\', \'unit_addr:0\', \'val_0:0.0\', \'val_1:1.0\', \'val_10:10.0\', \'val_11:11.0\', \'val_12:12.0\', \'val_13:13.0\', \'val_14:14.0\', \'val_2:2.0\', \'val_3:3.0\', \'val_4:4.0\', \'val_5:5.0\', \'val_6:6.0\', \'val_7:7.0\', \'val_8:8.0\', \'val_9:9.0\', \'val_param_nr:15\'])>'
  - 组 'VCU_5'.VCU_VehWheelTorqMax bit_count: 16 vs 14
  - 组 'VCU_5'.VCU_VehWheelTorqMax flags: 0 vs 16
  - 组 'VCU_5'.VCU_VehWheelTorqMax conversion: 'None' vs '<ChannelConversion (name: , unit: Nm, comment: , formula: , referenced blocks: {}, address: 464792, fields: [\'_cache:None\', \'address:464792\', \'block_len:80\', \'comment:\', \'comment_addr:0\', \'conversion_type:0\', \'flags:0\', \'formula:\', "id:b\'##CC\'", \'inv_conv_addr:0\', \'is_user_defined:False\', \'links_nr:4\', \'max_phy_value:0.0\', \'min_phy_value:0.0\', \'name:\', \'name_addr:0\', \'precision:0\', \'ref_param_nr:0\', \'referenced_blocks:{}\', \'reserved0:0\', \'unit:Nm\', \'unit_addr:464760\', \'val_param_nr:0\'])>'
  - 组 'VCU_5'.VCU_EspDrvModReq data_type: 7 vs 0
  - 组 'VCU_5'.VCU_EspDrvModReq bit_count: 64 vs 3
  - 组 'VCU_5'.VCU_EspDrvModReq flags: 0 vs 16
  - 组 'VCU_5'.VCU_EspDrvModReq conversion: 'None' vs '<ChannelConversion (name: , unit: , comment: , formula: , referenced blocks: {\'text_0\': b\'Normal;- others : reserved\', \'text_1\': b\'Sport\', \'text_2\': b\'Snow\', \'text_3\': b\'ipedal\', \'default_addr\': b\'\'}, address: 466808, fields: [\'_cache:None\', \'address:466808\', \'block_len:152\', \'comment:\', \'comment_addr:0\', \'conversion_type:7\', \'default_addr:0\', \'flags:0\', \'formula:\', "id:b\'##CC\'", \'inv_conv_addr:0\', \'is_user_defined:False\', \'links_nr:9\', \'max_phy_value:0.0\', \'min_phy_value:0.0\', \'name:\', \'name_addr:0\', \'precision:0\', \'ref_param_nr:5\', "referenced_blocks:{\'text_0\': b\'Normal;- others : reserved\', \'text_1\': b\'Sport\', \'text_2\': b\'Snow\', \'text_3\': b\'ipedal\', \'default_addr\': b\'\'}", \'reserved0:0\', \'text_0:466656\', \'text_1:466712\', \'text_2:466744\', \'text_3:466776\', \'unit:\', \'unit_addr:0\', \'val_0:0.0\', \'val_1:1.0\', \'val_2:2.0\', \'val_3:3.0\', \'val_param_nr:4\'])>'
  - 组 'VCU_5'.VCU_ParkingReqToEPBVD data_type: 7 vs 0
  - 组 'VCU_5'.VCU_ParkingReqToEPBVD bit_count: 64 vs 1
  - 组 'VCU_5'.VCU_ParkingReqToEPBVD flags: 0 vs 16
  - 组 'VCU_5'.VCU_ParkingReqToEPBVD conversion: 'None' vs '<ChannelConversion (name: , unit: , comment: , formula: , referenced blocks: {\'text_0\': b\'Not valid\', \'text_1\': b\'Valid\', \'default_addr\': b\'\'}, address: 466096, fields: [\'_cache:None\', \'address:466096\', \'block_len:120\', \'comment:\', \'comment_addr:0\', \'conversion_type:7\', \'default_addr:0\', \'flags:0\', \'formula:\', "id:b\'##CC\'", \'inv_conv_addr:0\', \'is_user_defined:False\', \'links_nr:7\', \'max_phy_value:0.0\', \'min_phy_value:0.0\', \'name:\', \'name_addr:0\', \'precision:0\', \'ref_param_nr:3\', "referenced_blocks:{\'text_0\': b\'Not valid\', \'text_1\': b\'Valid\', \'default_addr\': b\'\'}", \'reserved0:0\', \'text_0:466024\', \'text_1:466064\', \'unit:\', \'unit_addr:0\', \'val_0:0.0\', \'val_1:1.0\', \'val_param_nr:2\'])>'
  - 组 'VCU_5'.VCU_ParkingReqToEPB data_type: 7 vs 0
  - 组 'VCU_5'.VCU_ParkingReqToEPB bit_count: 64 vs 2
  - 组 'VCU_5'.VCU_ParkingReqToEPB flags: 0 vs 16
  - 组 'VCU_5'.VCU_ParkingReqToEPB conversion: 'None' vs '<ChannelConversion (name: , unit: , comment: , formula: , referenced blocks: {\'text_0\': b\'No request;- others : reserved\', \'text_1\': b\'Release brake request\', \'text_2\': b\'Lock brake request\', \'default_addr\': b\'\'}, address: 465464, fields: [\'_cache:None\', \'address:465464\', \'block_len:136\', \'comment:\', \'comment_addr:0\', \'conversion_type:7\', \'default_addr:0\', \'flags:0\', \'formula:\', "id:b\'##CC\'", \'inv_conv_addr:0\', \'is_user_defined:False\', \'links_nr:8\', \'max_phy_value:0.0\', \'min_phy_value:0.0\', \'name:\', \'name_addr:0\', \'precision:0\', \'ref_param_nr:4\', "referenced_blocks:{\'text_0\': b\'No request;- others : reserved\', \'text_1\': b\'Release brake request\', \'text_2\': b\'Lock brake request\', \'default_addr\': b\'\'}", \'reserved0:0\', \'text_0:465312\', \'text_1:465368\', \'text_2:465416\', \'unit:\', \'unit_addr:0\', \'val_0:0.0\', \'val_1:1.0\', \'val_2:2.0\', \'val_param_nr:3\'])>'
  - 组 'VCU_5'.VCU_MaxVehTorqNorm data_type: 4 vs 0
  - 组 'VCU_5'.VCU_MaxVehTorqNorm bit_count: 64 vs 9
  - 组 'VCU_5'.VCU_MaxVehTorqNorm flags: 0 vs 16
  - 组 'VCU_5'.VCU_MaxVehTorqNorm conversion: 'None' vs '<ChannelConversion (name: , unit: Nm, comment: , formula: , referenced blocks: {}, address: 468632, fields: [\'_cache:None\', \'a:10.0\', \'address:468632\', \'b:0.0\', \'block_len:96\', \'comment:\', \'comment_addr:0\', \'conversion_type:1\', \'flags:0\', \'formula:\', "id:b\'##CC\'", \'inv_conv_addr:0\', \'is_user_defined:False\', \'links_nr:4\', \'max_phy_value:0.0\', \'min_phy_value:0.0\', \'name:\', \'name_addr:0\', \'precision:0\', \'ref_param_nr:0\', \'referenced_blocks:{}\', \'reserved0:0\', \'unit:Nm\', \'unit_addr:468600\', \'val_param_nr:2\'])>'
  - 组 'VCU_5'.VCU_RecpTorqVD data_type: 7 vs 0
  - 组 'VCU_5'.VCU_RecpTorqVD bit_count: 64 vs 1
  - 组 'VCU_5'.VCU_RecpTorqVD flags: 0 vs 16
  - 组 'VCU_5'.VCU_RecpTorqVD conversion: 'None' vs '<ChannelConversion (name: , unit: , comment: , formula: , referenced blocks: {\'text_0\': b\'Invalid\', \'text_1\': b\'Valid\', \'default_addr\': b\'\'}, address: 468064, fields: [\'_cache:None\', \'address:468064\', \'block_len:120\', \'comment:\', \'comment_addr:0\', \'conversion_type:7\', \'default_addr:0\', \'flags:0\', \'formula:\', "id:b\'##CC\'", \'inv_conv_addr:0\', \'is_user_defined:False\', \'links_nr:7\', \'max_phy_value:0.0\', \'min_phy_value:0.0\', \'name:\', \'name_addr:0\', \'precision:0\', \'ref_param_nr:3\', "referenced_blocks:{\'text_0\': b\'Invalid\', \'text_1\': b\'Valid\', \'default_addr\': b\'\'}", \'reserved0:0\', \'text_0:468000\', \'text_1:468032\', \'unit:\', \'unit_addr:0\', \'val_0:0.0\', \'val_1:1.0\', \'val_param_nr:2\'])>'
  - 组 'VCU_5'.VCU_MaxRecpTorqVD data_type: 7 vs 0
  - 组 'VCU_5'.VCU_MaxRecpTorqVD bit_count: 64 vs 1
  - 组 'VCU_5'.VCU_MaxRecpTorqVD flags: 0 vs 16
  - 组 'VCU_5'.VCU_MaxRecpTorqVD conversion: 'None' vs '<ChannelConversion (name: , unit: , comment: , formula: , referenced blocks: {\'text_0\': b\'Invalid\', \'text_1\': b\'Valid\', \'default_addr\': b\'\'}, address: 467432, fields: [\'_cache:None\', \'address:467432\', \'block_len:120\', \'comment:\', \'comment_addr:0\', \'conversion_type:7\', \'default_addr:0\', \'flags:0\', \'formula:\', "id:b\'##CC\'", \'inv_conv_addr:0\', \'is_user_defined:False\', \'links_nr:7\', \'max_phy_value:0.0\', \'min_phy_value:0.0\', \'name:\', \'name_addr:0\', \'precision:0\', \'ref_param_nr:3\', "referenced_blocks:{\'text_0\': b\'Invalid\', \'text_1\': b\'Valid\', \'default_addr\': b\'\'}", \'reserved0:0\', \'text_0:467368\', \'text_1:467400\', \'unit:\', \'unit_addr:0\', \'val_0:0.0\', \'val_1:1.0\', \'val_param_nr:2\'])>'
  - 组 'VCU_5'.VCU_MaxRecpTorq data_type: 4 vs 0
  - 组 'VCU_5'.VCU_MaxRecpTorq bit_count: 64 vs 11
  - 组 'VCU_5'.VCU_MaxRecpTorq flags: 0 vs 16
  - 组 'VCU_5'.VCU_MaxRecpTorq conversion: 'None' vs '<ChannelConversion (name: , unit: Nm, comment: , formula: , referenced blocks: {}, address: 469168, fields: [\'_cache:None\', \'a:2.0\', \'address:469168\', \'b:0.0\', \'block_len:96\', \'comment:\', \'comment_addr:0\', \'conversion_type:1\', \'flags:0\', \'formula:\', "id:b\'##CC\'", \'inv_conv_addr:0\', \'is_user_defined:False\', \'links_nr:4\', \'max_phy_value:0.0\', \'min_phy_value:0.0\', \'name:\', \'name_addr:0\', \'precision:0\', \'ref_param_nr:0\', \'referenced_blocks:{}\', \'reserved0:0\', \'unit:Nm\', \'unit_addr:469136\', \'val_param_nr:2\'])>'
  - 组 'VCU_5'.VCU_RecpTorq data_type: 4 vs 0
  - 组 'VCU_5'.VCU_RecpTorq bit_count: 64 vs 11
  - 组 'VCU_5'.VCU_RecpTorq flags: 0 vs 16
  - 组 'VCU_5'.VCU_RecpTorq conversion: 'None' vs '<ChannelConversion (name: , unit: Nm, comment: , formula: , referenced blocks: {}, address: 470304, fields: [\'_cache:None\', \'a:2.0\', \'address:470304\', \'b:0.0\', \'block_len:96\', \'comment:\', \'comment_addr:0\', \'conversion_type:1\', \'flags:0\', \'formula:\', "id:b\'##CC\'", \'inv_conv_addr:0\', \'is_user_defined:False\', \'links_nr:4\', \'max_phy_value:0.0\', \'min_phy_value:0.0\', \'name:\', \'name_addr:0\', \'precision:0\', \'ref_param_nr:0\', \'referenced_blocks:{}\', \'reserved0:0\', \'unit:Nm\', \'unit_addr:470272\', \'val_param_nr:2\'])>'
  - 组 'VCU_5'.VCU_PWTMode data_type: 7 vs 0
  - 组 'VCU_5'.VCU_PWTMode bit_count: 64 vs 1
  - 组 'VCU_5'.VCU_PWTMode flags: 0 vs 16
  - 组 'VCU_5'.VCU_PWTMode conversion: 'None' vs '<ChannelConversion (name: , unit: , comment: , formula: , referenced blocks: {\'text_0\': b\'2WD\', \'text_1\': b\'4WD\', \'default_addr\': b\'\'}, address: 469760, fields: [\'_cache:None\', \'address:469760\', \'block_len:120\', \'comment:\', \'comment_addr:0\', \'conversion_type:7\', \'default_addr:0\', \'flags:0\', \'formula:\', "id:b\'##CC\'", \'inv_conv_addr:0\', \'is_user_defined:False\', \'links_nr:7\', \'max_phy_value:0.0\', \'min_phy_value:0.0\', \'name:\', \'name_addr:0\', \'precision:0\', \'ref_param_nr:3\', "referenced_blocks:{\'text_0\': b\'2WD\', \'text_1\': b\'4WD\', \'default_addr\': b\'\'}", \'reserved0:0\', \'text_0:469696\', \'text_1:469728\', \'unit:\', \'unit_addr:0\', \'val_0:0.0\', \'val_1:1.0\', \'val_param_nr:2\'])>'
  - 组 'VCU_5'.VCU_PWTMode1 data_type: 7 vs 0
  - 组 'VCU_5'.VCU_PWTMode1 bit_count: 64 vs 2
  - 组 'VCU_5'.VCU_PWTMode1 flags: 0 vs 16
  - 组 'VCU_5'.VCU_PWTMode1 conversion: 'None' vs '<ChannelConversion (name: , unit: , comment: , formula: , referenced blocks: {\'text_0\': b\'Standby;- others : reserved\', \'text_1\': b\'EV mode or RangeExt mode\', \'text_2\': b\'HEV mode\', \'default_addr\': b\'\'}, address: 472176, fields: [\'_cache:None\', \'address:472176\', \'block_len:136\', \'comment:\', \'comment_addr:0\', \'conversion_type:7\', \'default_addr:0\', \'flags:0\', \'formula:\', "id:b\'##CC\'", \'inv_conv_addr:0\', \'is_user_defined:False\', \'links_nr:8\', \'max_phy_value:0.0\', \'min_phy_value:0.0\', \'name:\', \'name_addr:0\', \'precision:0\', \'ref_param_nr:4\', "referenced_blocks:{\'text_0\': b\'Standby;- others : reserved\', \'text_1\': b\'EV mode or RangeExt mode\', \'text_2\': b\'HEV mode\', \'default_addr\': b\'\'}", \'reserved0:0\', \'text_0:472024\', \'text_1:472080\', \'text_2:472136\', \'unit:\', \'unit_addr:0\', \'val_0:0.0\', \'val_1:1.0\', \'val_2:3.0\', \'val_param_nr:3\'])>'
  - 组 'VCU_5'.VCU_BrkVcuuPressVD data_type: 7 vs 0
  - 组 'VCU_5'.VCU_BrkVcuuPressVD bit_count: 64 vs 1
  - 组 'VCU_5'.VCU_BrkVcuuPressVD flags: 0 vs 16
  - 组 'VCU_5'.VCU_BrkVcuuPressVD conversion: 'None' vs '<ChannelConversion (name: , unit: , comment: , formula: , referenced blocks: {\'text_0\': b\'Invalid\', \'text_1\': b\'Valid\', \'default_addr\': b\'\'}, address: 471488, fields: [\'_cache:None\', \'address:471488\', \'block_len:120\', \'comment:\', \'comment_addr:0\', \'conversion_type:7\', \'default_addr:0\', \'flags:0\', \'formula:\', "id:b\'##CC\'", \'inv_conv_addr:0\', \'is_user_defined:False\', \'links_nr:7\', \'max_phy_value:0.0\', \'min_phy_value:0.0\', \'name:\', \'name_addr:0\', \'precision:0\', \'ref_param_nr:3\', "referenced_blocks:{\'text_0\': b\'Invalid\', \'text_1\': b\'Valid\', \'default_addr\': b\'\'}", \'reserved0:0\', \'text_0:471424\', \'text_1:471456\', \'unit:\', \'unit_addr:0\', \'val_0:0.0\', \'val_1:1.0\', \'val_param_nr:2\'])>'
  - 组 'VCU_5'.VCU_CrntGearLvlVD data_type: 7 vs 0
  - 组 'VCU_5'.VCU_CrntGearLvlVD bit_count: 64 vs 1
  - 组 'VCU_5'.VCU_CrntGearLvlVD flags: 0 vs 16
  - 组 'VCU_5'.VCU_CrntGearLvlVD conversion: 'None' vs '<ChannelConversion (name: , unit: , comment: , formula: , referenced blocks: {\'text_0\': b\'Not valid\', \'text_1\': b\'Valid\', \'default_addr\': b\'\'}, address: 470888, fields: [\'_cache:None\', \'address:470888\', \'block_len:120\', \'comment:\', \'comment_addr:0\', \'conversion_type:7\', \'default_addr:0\', \'flags:0\', \'formula:\', "id:b\'##CC\'", \'inv_conv_addr:0\', \'is_user_defined:False\', \'links_nr:7\', \'max_phy_value:0.0\', \'min_phy_value:0.0\', \'name:\', \'name_addr:0\', \'precision:0\', \'ref_param_nr:3\', "referenced_blocks:{\'text_0\': b\'Not valid\', \'text_1\': b\'Valid\', \'default_addr\': b\'\'}", \'reserved0:0\', \'text_0:470816\', \'text_1:470856\', \'unit:\', \'unit_addr:0\', \'val_0:0.0\', \'val_1:1.0\', \'val_param_nr:2\'])>'
  - 组 'VCU_5'.VCU_BrkVcuuPress bit_count: 16 vs 10
  - 组 'VCU_5'.VCU_BrkVcuuPress flags: 0 vs 16
  - 组 'VCU_5'.VCU_BrkVcuuPress conversion: 'None' vs '<ChannelConversion (name: , unit: hpa, comment: , formula: , referenced blocks: {}, address: 473416, fields: [\'_cache:None\', \'address:473416\', \'block_len:80\', \'comment:\', \'comment_addr:0\', \'conversion_type:0\', \'flags:0\', \'formula:\', "id:b\'##CC\'", \'inv_conv_addr:0\', \'is_user_defined:False\', \'links_nr:4\', \'max_phy_value:0.0\', \'min_phy_value:0.0\', \'name:\', \'name_addr:0\', \'precision:0\', \'ref_param_nr:0\', \'referenced_blocks:{}\', \'reserved0:0\', \'unit:hpa\', \'unit_addr:473384\', \'val_param_nr:0\'])>'
  - 组 'VCU_5'.VCU_ElecUnlockDrvReq data_type: 7 vs 0
  - 组 'VCU_5'.VCU_ElecUnlockDrvReq bit_count: 64 vs 2
  - 组 'VCU_5'.VCU_ElecUnlockDrvReq flags: 0 vs 16
  - 组 'VCU_5'.VCU_ElecUnlockDrvReq conversion: 'None' vs '<ChannelConversion (name: , unit: , comment: , formula: , referenced blocks: {\'text_0\': b\'Hold\', \'text_1\': b\'Lock\', \'text_2\': b\'UnLock\', \'default_addr\': b\'\'}, address: 472816, fields: [\'_cache:None\', \'address:472816\', \'block_len:136\', \'comment:\', \'comment_addr:0\', \'conversion_type:7\', \'default_addr:0\', \'flags:0\', \'formula:\', "id:b\'##CC\'", \'inv_conv_addr:0\', \'is_user_defined:False\', \'links_nr:8\', \'max_phy_value:0.0\', \'min_phy_value:0.0\', \'name:\', \'name_addr:0\', \'precision:0\', \'ref_param_nr:4\', "referenced_blocks:{\'text_0\': b\'Hold\', \'text_1\': b\'Lock\', \'text_2\': b\'UnLock\', \'default_addr\': b\'\'}", \'reserved0:0\', \'text_0:472720\', \'text_1:472752\', \'text_2:472784\', \'unit:\', \'unit_addr:0\', \'val_0:0.0\', \'val_1:1.0\', \'val_2:2.0\', \'val_param_nr:3\'])>'
  - 组 'VCU_5'.VCU_HydBrkTorqReq bit_count: 16 vs 15
  - 组 'VCU_5'.VCU_HydBrkTorqReq flags: 0 vs 16
  - 组 'VCU_5'.EMS_GasPedalActPstforMRR_D data_type: 4 vs 0
  - 组 'VCU_5'.EMS_GasPedalActPstforMRR_D bit_count: 64 vs 8
  - 组 'VCU_5'.EMS_GasPedalActPstforMRR_D flags: 0 vs 16
  - 组 'VCU_5'.EMS_GasPedalActPstforMRR_D conversion: 'None' vs '<ChannelConversion (name: , unit: %, comment: , formula: , referenced blocks: {}, address: 474304, fields: [\'_cache:None\', \'a:0.392\', \'address:474304\', \'b:0.0\', \'block_len:96\', \'comment:\', \'comment_addr:0\', \'conversion_type:1\', \'flags:0\', \'formula:\', "id:b\'##CC\'", \'inv_conv_addr:0\', \'is_user_defined:False\', \'links_nr:4\', \'max_phy_value:0.0\', \'min_phy_value:0.0\', \'name:\', \'name_addr:0\', \'precision:0\', \'ref_param_nr:0\', \'referenced_blocks:{}\', \'reserved0:0\', \'unit:%\', \'unit_addr:474272\', \'val_param_nr:2\'])>'
  - 组 'VCU_5'.VCU_ActVehWheelTorqRA bit_count: 16 vs 14
  - 组 'VCU_5'.VCU_ActVehWheelTorqRA flags: 0 vs 16
  - 组 'VCU_5'.VCU_ActVehWheelTorqRA conversion: 'None' vs '<ChannelConversion (name: , unit: Nm, comment: , formula: , referenced blocks: {}, address: 474848, fields: [\'_cache:None\', \'address:474848\', \'block_len:80\', \'comment:\', \'comment_addr:0\', \'conversion_type:0\', \'flags:0\', \'formula:\', "id:b\'##CC\'", \'inv_conv_addr:0\', \'is_user_defined:False\', \'links_nr:4\', \'max_phy_value:0.0\', \'min_phy_value:0.0\', \'name:\', \'name_addr:0\', \'precision:0\', \'ref_param_nr:0\', \'referenced_blocks:{}\', \'reserved0:0\', \'unit:Nm\', \'unit_addr:474816\', \'val_param_nr:0\'])>'
  - 组 'VCU_5'.VCU_VehWheelTorqMaxRA bit_count: 16 vs 14
  - 组 'VCU_5'.VCU_VehWheelTorqMaxRA flags: 0 vs 16
  - 组 'VCU_5'.VCU_VehWheelTorqMaxRA conversion: 'None' vs '<ChannelConversion (name: , unit: Nm, comment: , formula: , referenced blocks: {}, address: 475392, fields: [\'_cache:None\', \'address:475392\', \'block_len:80\', \'comment:\', \'comment_addr:0\', \'conversion_type:0\', \'flags:0\', \'formula:\', "id:b\'##CC\'", \'inv_conv_addr:0\', \'is_user_defined:False\', \'links_nr:4\', \'max_phy_value:0.0\', \'min_phy_value:0.0\', \'name:\', \'name_addr:0\', \'precision:0\', \'ref_param_nr:0\', \'referenced_blocks:{}\', \'reserved0:0\', \'unit:Nm\', \'unit_addr:475360\', \'val_param_nr:0\'])>'
  - 组 'VCU_5'.VCU_MaxVehTorqNormFA data_type: 4 vs 0
  - 组 'VCU_5'.VCU_MaxVehTorqNormFA bit_count: 64 vs 9
  - 组 'VCU_5'.VCU_MaxVehTorqNormFA flags: 0 vs 16
  - 组 'VCU_5'.VCU_MaxVehTorqNormFA conversion: 'None' vs '<ChannelConversion (name: , unit: Nm, comment: , formula: , referenced blocks: {}, address: 475944, fields: [\'_cache:None\', \'a:10.0\', \'address:475944\', \'b:0.0\', \'block_len:96\', \'comment:\', \'comment_addr:0\', \'conversion_type:1\', \'flags:0\', \'formula:\', "id:b\'##CC\'", \'inv_conv_addr:0\', \'is_user_defined:False\', \'links_nr:4\', \'max_phy_value:0.0\', \'min_phy_value:0.0\', \'name:\', \'name_addr:0\', \'precision:0\', \'ref_param_nr:0\', \'referenced_blocks:{}\', \'reserved0:0\', \'unit:Nm\', \'unit_addr:475912\', \'val_param_nr:2\'])>'
  - 组 'VCU_5'.VCU_MaxRecpTorqFA data_type: 4 vs 0
  - 组 'VCU_5'.VCU_MaxRecpTorqFA bit_count: 64 vs 11
  - 组 'VCU_5'.VCU_MaxRecpTorqFA flags: 0 vs 16
  - 组 'VCU_5'.VCU_MaxRecpTorqFA conversion: 'None' vs '<ChannelConversion (name: , unit: Nm, comment: , formula: , referenced blocks: {}, address: 476480, fields: [\'_cache:None\', \'a:2.0\', \'address:476480\', \'b:0.0\', \'block_len:96\', \'comment:\', \'comment_addr:0\', \'conversion_type:1\', \'flags:0\', \'formula:\', "id:b\'##CC\'", \'inv_conv_addr:0\', \'is_user_defined:False\', \'links_nr:4\', \'max_phy_value:0.0\', \'min_phy_value:0.0\', \'name:\', \'name_addr:0\', \'precision:0\', \'ref_param_nr:0\', \'referenced_blocks:{}\', \'reserved0:0\', \'unit:Nm\', \'unit_addr:476448\', \'val_param_nr:2\'])>'
  - 组 'VCU_5'.VCU_RecpTorqFA data_type: 4 vs 0
  - 组 'VCU_5'.VCU_RecpTorqFA bit_count: 64 vs 11
  - 组 'VCU_5'.VCU_RecpTorqFA flags: 0 vs 16
  - 组 'VCU_5'.VCU_RecpTorqFA conversion: 'None' vs '<ChannelConversion (name: , unit: Nm, comment: , formula: , referenced blocks: {}, address: 477048, fields: [\'_cache:None\', \'a:2.0\', \'address:477048\', \'b:0.0\', \'block_len:96\', \'comment:\', \'comment_addr:0\', \'conversion_type:1\', \'flags:0\', \'formula:\', "id:b\'##CC\'", \'inv_conv_addr:0\', \'is_user_defined:False\', \'links_nr:4\', \'max_phy_value:0.0\', \'min_phy_value:0.0\', \'name:\', \'name_addr:0\', \'precision:0\', \'ref_param_nr:0\', \'referenced_blocks:{}\', \'reserved0:0\', \'unit:Nm\', \'unit_addr:477016\', \'val_param_nr:2\'])>'
  - 组 'VCU_5'.VCU_MaxRecpTorqRA data_type: 4 vs 0
  - 组 'VCU_5'.VCU_MaxRecpTorqRA bit_count: 64 vs 11
  - 组 'VCU_5'.VCU_MaxRecpTorqRA flags: 0 vs 16
  - 组 'VCU_5'.VCU_MaxRecpTorqRA conversion: 'None' vs '<ChannelConversion (name: , unit: Nm, comment: , formula: , referenced blocks: {}, address: 477592, fields: [\'_cache:None\', \'a:2.0\', \'address:477592\', \'b:0.0\', \'block_len:96\', \'comment:\', \'comment_addr:0\', \'conversion_type:1\', \'flags:0\', \'formula:\', "id:b\'##CC\'", \'inv_conv_addr:0\', \'is_user_defined:False\', \'links_nr:4\', \'max_phy_value:0.0\', \'min_phy_value:0.0\', \'name:\', \'name_addr:0\', \'precision:0\', \'ref_param_nr:0\', \'referenced_blocks:{}\', \'reserved0:0\', \'unit:Nm\', \'unit_addr:477560\', \'val_param_nr:2\'])>'
  - 组 'VCU_5'.VCU_RecpTorqRA data_type: 4 vs 0
  - 组 'VCU_5'.VCU_RecpTorqRA bit_count: 64 vs 11
  - 组 'VCU_5'.VCU_RecpTorqRA flags: 0 vs 16
  - 组 'VCU_5'.VCU_RecpTorqRA conversion: 'None' vs '<ChannelConversion (name: , unit: Nm, comment: , formula: , referenced blocks: {}, address: 479408, fields: [\'_cache:None\', \'a:2.0\', \'address:479408\', \'b:0.0\', \'block_len:96\', \'comment:\', \'comment_addr:0\', \'conversion_type:1\', \'flags:0\', \'formula:\', "id:b\'##CC\'", \'inv_conv_addr:0\', \'is_user_defined:False\', \'links_nr:4\', \'max_phy_value:0.0\', \'min_phy_value:0.0\', \'name:\', \'name_addr:0\', \'precision:0\', \'ref_param_nr:0\', \'referenced_blocks:{}\', \'reserved0:0\', \'unit:Nm\', \'unit_addr:479376\', \'val_param_nr:2\'])>'
  - 组 'VCU_5'.VCU_MaxRecpTorqFAVD data_type: 7 vs 0
  - 组 'VCU_5'.VCU_MaxRecpTorqFAVD bit_count: 64 vs 1
  - 组 'VCU_5'.VCU_MaxRecpTorqFAVD flags: 0 vs 16
  - 组 'VCU_5'.VCU_MaxRecpTorqFAVD conversion: 'None' vs '<ChannelConversion (name: , unit: , comment: , formula: , referenced blocks: {\'text_0\': b\'Invalid\', \'text_1\': b\'Valid\', \'default_addr\': b\'\'}, address: 478816, fields: [\'_cache:None\', \'address:478816\', \'block_len:120\', \'comment:\', \'comment_addr:0\', \'conversion_type:7\', \'default_addr:0\', \'flags:0\', \'formula:\', "id:b\'##CC\'", \'inv_conv_addr:0\', \'is_user_defined:False\', \'links_nr:7\', \'max_phy_value:0.0\', \'min_phy_value:0.0\', \'name:\', \'name_addr:0\', \'precision:0\', \'ref_param_nr:3\', "referenced_blocks:{\'text_0\': b\'Invalid\', \'text_1\': b\'Valid\', \'default_addr\': b\'\'}", \'reserved0:0\', \'text_0:478752\', \'text_1:478784\', \'unit:\', \'unit_addr:0\', \'val_0:0.0\', \'val_1:1.0\', \'val_param_nr:2\'])>'
  - 组 'VCU_5'.VCU_RecpTorqFAVD data_type: 7 vs 0
  - 组 'VCU_5'.VCU_RecpTorqFAVD bit_count: 64 vs 1
  - 组 'VCU_5'.VCU_RecpTorqFAVD flags: 0 vs 16
  - 组 'VCU_5'.VCU_RecpTorqFAVD conversion: 'None' vs '<ChannelConversion (name: , unit: , comment: , formula: , referenced blocks: {\'text_0\': b\'Invalid\', \'text_1\': b\'Valid\', \'default_addr\': b\'\'}, address: 478192, fields: [\'_cache:None\', \'address:478192\', \'block_len:120\', \'comment:\', \'comment_addr:0\', \'conversion_type:7\', \'default_addr:0\', \'flags:0\', \'formula:\', "id:b\'##CC\'", \'inv_conv_addr:0\', \'is_user_defined:False\', \'links_nr:7\', \'max_phy_value:0.0\', \'min_phy_value:0.0\', \'name:\', \'name_addr:0\', \'precision:0\', \'ref_param_nr:3\', "referenced_blocks:{\'text_0\': b\'Invalid\', \'text_1\': b\'Valid\', \'default_addr\': b\'\'}", \'reserved0:0\', \'text_0:478128\', \'text_1:478160\', \'unit:\', \'unit_addr:0\', \'val_0:0.0\', \'val_1:1.0\', \'val_param_nr:2\'])>'
  - 组 'VCU_5'.VCU_MaxRecpTorqRAVD data_type: 7 vs 0
  - 组 'VCU_5'.VCU_MaxRecpTorqRAVD bit_count: 64 vs 1
  - 组 'VCU_5'.VCU_MaxRecpTorqRAVD flags: 0 vs 16
  - 组 'VCU_5'.VCU_MaxRecpTorqRAVD conversion: 'None' vs '<ChannelConversion (name: , unit: , comment: , formula: , referenced blocks: {\'text_0\': b\'Invalid\', \'text_1\': b\'Valid\', \'default_addr\': b\'\'}, address: 480608, fields: [\'_cache:None\', \'address:480608\', \'block_len:120\', \'comment:\', \'comment_addr:0\', \'conversion_type:7\', \'default_addr:0\', \'flags:0\', \'formula:\', "id:b\'##CC\'", \'inv_conv_addr:0\', \'is_user_defined:False\', \'links_nr:7\', \'max_phy_value:0.0\', \'min_phy_value:0.0\', \'name:\', \'name_addr:0\', \'precision:0\', \'ref_param_nr:3\', "referenced_blocks:{\'text_0\': b\'Invalid\', \'text_1\': b\'Valid\', \'default_addr\': b\'\'}", \'reserved0:0\', \'text_0:480544\', \'text_1:480576\', \'unit:\', \'unit_addr:0\', \'val_0:0.0\', \'val_1:1.0\', \'val_param_nr:2\'])>'
  - 组 'VCU_5'.VCU_RecpTorqRAVD data_type: 7 vs 0
  - 组 'VCU_5'.VCU_RecpTorqRAVD bit_count: 64 vs 1
  - 组 'VCU_5'.VCU_RecpTorqRAVD flags: 0 vs 16
  - 组 'VCU_5'.VCU_RecpTorqRAVD conversion: 'None' vs '<ChannelConversion (name: , unit: , comment: , formula: , referenced blocks: {\'text_0\': b\'Invalid\', \'text_1\': b\'Valid\', \'default_addr\': b\'\'}, address: 479984, fields: [\'_cache:None\', \'address:479984\', \'block_len:120\', \'comment:\', \'comment_addr:0\', \'conversion_type:7\', \'default_addr:0\', \'flags:0\', \'formula:\', "id:b\'##CC\'", \'inv_conv_addr:0\', \'is_user_defined:False\', \'links_nr:7\', \'max_phy_value:0.0\', \'min_phy_value:0.0\', \'name:\', \'name_addr:0\', \'precision:0\', \'ref_param_nr:3\', "referenced_blocks:{\'text_0\': b\'Invalid\', \'text_1\': b\'Valid\', \'default_addr\': b\'\'}", \'reserved0:0\', \'text_0:479920\', \'text_1:479952\', \'unit:\', \'unit_addr:0\', \'val_0:0.0\', \'val_1:1.0\', \'val_param_nr:2\'])>'
  - 组 'CCU_VCU_7'.t data_type: 4 vs 0
  - 组 'CCU_VCU_7'.t conversion: 'None' vs '<ChannelConversion (name: , unit: s, comment: , formula: , referenced blocks: {}, address: 1344, fields: [\'_cache:None\', \'a:1e-09\', \'address:1344\', \'b:0.0\', \'block_len:96\', \'comment:\', \'comment_addr:0\', \'conversion_type:1\', \'flags:0\', \'formula:\', "id:b\'##CC\'", \'inv_conv_addr:0\', \'is_user_defined:False\', \'links_nr:4\', \'max_phy_value:0.0\', \'min_phy_value:0.0\', \'name:\', \'name_addr:0\', \'precision:0\', \'ref_param_nr:0\', \'referenced_blocks:{}\', \'reserved0:0\', \'unit:s\', \'unit_addr:1312\', \'val_param_nr:2\'])>'
  - 组 'CCU_VCU_7'.VCU_AntiSicknessMode data_type: 7 vs 0
  - 组 'CCU_VCU_7'.VCU_AntiSicknessMode bit_count: 64 vs 2
  - 组 'CCU_VCU_7'.VCU_AntiSicknessMode flags: 0 vs 16
  - 组 'CCU_VCU_7'.VCU_AntiSicknessMode conversion: 'None' vs '<ChannelConversion (name: , unit: , comment: , formula: , referenced blocks: {\'text_0\': b\'Invalid\', \'text_1\': b\'Off\', \'text_2\': b\'On\', \'default_addr\': b\'\'}, address: 671336, fields: [\'_cache:None\', \'address:671336\', \'block_len:136\', \'comment:\', \'comment_addr:0\', \'conversion_type:7\', \'default_addr:0\', \'flags:0\', \'formula:\', "id:b\'##CC\'", \'inv_conv_addr:0\', \'is_user_defined:False\', \'links_nr:8\', \'max_phy_value:0.0\', \'min_phy_value:0.0\', \'name:\', \'name_addr:0\', \'precision:0\', \'ref_param_nr:4\', "referenced_blocks:{\'text_0\': b\'Invalid\', \'text_1\': b\'Off\', \'text_2\': b\'On\', \'default_addr\': b\'\'}", \'reserved0:0\', \'text_0:671240\', \'text_1:671272\', \'text_2:671304\', \'unit:\', \'unit_addr:0\', \'val_0:0.0\', \'val_1:1.0\', \'val_2:2.0\', \'val_param_nr:3\'])>'
  - 组 'CCU_VCU_7'.VCU_VehEngyTotalTemp data_type: 4 vs 0
  - 组 'CCU_VCU_7'.VCU_VehEngyTotalTemp bit_count: 64 vs 13
  - 组 'CCU_VCU_7'.VCU_VehEngyTotalTemp flags: 0 vs 16
  - 组 'CCU_VCU_7'.VCU_VehEngyTotalTemp conversion: 'None' vs '<ChannelConversion (name: , unit: kWh, comment: , formula: , referenced blocks: {}, address: 671920, fields: [\'_cache:None\', \'a:0.1\', \'address:671920\', \'b:0.0\', \'block_len:96\', \'comment:\', \'comment_addr:0\', \'conversion_type:1\', \'flags:0\', \'formula:\', "id:b\'##CC\'", \'inv_conv_addr:0\', \'is_user_defined:False\', \'links_nr:4\', \'max_phy_value:0.0\', \'min_phy_value:0.0\', \'name:\', \'name_addr:0\', \'precision:0\', \'ref_param_nr:0\', \'referenced_blocks:{}\', \'reserved0:0\', \'unit:kWh\', \'unit_addr:671888\', \'val_param_nr:2\'])>'
  - 组 'CCU_VCU_7'.VCU_EngyDrvRatio data_type: 4 vs 0
  - 组 'CCU_VCU_7'.VCU_EngyDrvRatio bit_count: 64 vs 10
  - 组 'CCU_VCU_7'.VCU_EngyDrvRatio flags: 0 vs 16
  - 组 'CCU_VCU_7'.VCU_EngyDrvRatio conversion: 'None' vs '<ChannelConversion (name: , unit: %, comment: , formula: , referenced blocks: {}, address: 672480, fields: [\'_cache:None\', \'a:0.1\', \'address:672480\', \'b:0.0\', \'block_len:96\', \'comment:\', \'comment_addr:0\', \'conversion_type:1\', \'flags:0\', \'formula:\', "id:b\'##CC\'", \'inv_conv_addr:0\', \'is_user_defined:False\', \'links_nr:4\', \'max_phy_value:0.0\', \'min_phy_value:0.0\', \'name:\', \'name_addr:0\', \'precision:0\', \'ref_param_nr:0\', \'referenced_blocks:{}\', \'reserved0:0\', \'unit:%\', \'unit_addr:672448\', \'val_param_nr:2\'])>'
  - 组 'CCU_VCU_7'.VCU_EngyACRatio data_type: 4 vs 0
  - 组 'CCU_VCU_7'.VCU_EngyACRatio bit_count: 64 vs 10
  - 组 'CCU_VCU_7'.VCU_EngyACRatio flags: 0 vs 16
  - 组 'CCU_VCU_7'.VCU_EngyACRatio conversion: 'None' vs '<ChannelConversion (name: , unit: %, comment: , formula: , referenced blocks: {}, address: 673040, fields: [\'_cache:None\', \'a:0.1\', \'address:673040\', \'b:0.0\', \'block_len:96\', \'comment:\', \'comment_addr:0\', \'conversion_type:1\', \'flags:0\', \'formula:\', "id:b\'##CC\'", \'inv_conv_addr:0\', \'is_user_defined:False\', \'links_nr:4\', \'max_phy_value:0.0\', \'min_phy_value:0.0\', \'name:\', \'name_addr:0\', \'precision:0\', \'ref_param_nr:0\', \'referenced_blocks:{}\', \'reserved0:0\', \'unit:%\', \'unit_addr:673008\', \'val_param_nr:2\'])>'
  - 组 'CCU_VCU_7'.VCU_EngyEERatio data_type: 4 vs 0
  - 组 'CCU_VCU_7'.VCU_EngyEERatio bit_count: 64 vs 10
  - 组 'CCU_VCU_7'.VCU_EngyEERatio flags: 0 vs 16
  - 组 'CCU_VCU_7'.VCU_EngyEERatio conversion: 'None' vs '<ChannelConversion (name: , unit: %, comment: , formula: , referenced blocks: {}, address: 673600, fields: [\'_cache:None\', \'a:0.1\', \'address:673600\', \'b:0.0\', \'block_len:96\', \'comment:\', \'comment_addr:0\', \'conversion_type:1\', \'flags:0\', \'formula:\', "id:b\'##CC\'", \'inv_conv_addr:0\', \'is_user_defined:False\', \'links_nr:4\', \'max_phy_value:0.0\', \'min_phy_value:0.0\', \'name:\', \'name_addr:0\', \'precision:0\', \'ref_param_nr:0\', \'referenced_blocks:{}\', \'reserved0:0\', \'unit:%\', \'unit_addr:673568\', \'val_param_nr:2\'])>'
  - 组 'VCU_7': 组内信号序不同 ['VCU_7_CRC', 'VCU_7_Counter', 'EMS_GasPedalActPstforMRRVD', 'VCU_ACCStResp', 'VCU_AccTMCFail', 'VCU_AccElecECFail', 'VCU_AccDriverOrvd', 'EMS_GasPedalActPstforMRR']... vs ['VCU_7_CRC', 'VCU_7_Counter', 'VCU_AccDriverOrvd', 'VCU_AccElecECFail', 'VCU_AccTMCFail', 'VCU_ACCStResp', 'EMS_GasPedalActPstforMRRVD', 'VCU_IFCFailureSt']...
  - 组 'VCU_7'.t data_type: 4 vs 0
  - 组 'VCU_7'.t conversion: 'None' vs '<ChannelConversion (name: , unit: s, comment: , formula: , referenced blocks: {}, address: 1344, fields: [\'_cache:None\', \'a:1e-09\', \'address:1344\', \'b:0.0\', \'block_len:96\', \'comment:\', \'comment_addr:0\', \'conversion_type:1\', \'flags:0\', \'formula:\', "id:b\'##CC\'", \'inv_conv_addr:0\', \'is_user_defined:False\', \'links_nr:4\', \'max_phy_value:0.0\', \'min_phy_value:0.0\', \'name:\', \'name_addr:0\', \'precision:0\', \'ref_param_nr:0\', \'referenced_blocks:{}\', \'reserved0:0\', \'unit:s\', \'unit_addr:1312\', \'val_param_nr:2\'])>'
  - 组 'VCU_7'.VCU_7_CRC flags: 0 vs 16
  - 组 'VCU_7'.VCU_7_Counter flags: 0 vs 16
  - 组 'VCU_7'.EMS_GasPedalActPstforMRRVD data_type: 7 vs 0
  - 组 'VCU_7'.EMS_GasPedalActPstforMRRVD bit_count: 64 vs 1
  - 组 'VCU_7'.EMS_GasPedalActPstforMRRVD flags: 0 vs 16
  - 组 'VCU_7'.EMS_GasPedalActPstforMRRVD conversion: 'None' vs '<ChannelConversion (name: , unit: , comment: , formula: , referenced blocks: {\'text_0\': b\'Invalid\', \'text_1\': b\'Valid\', \'default_addr\': b\'\'}, address: 381912, fields: [\'_cache:None\', \'address:381912\', \'block_len:120\', \'comment:\', \'comment_addr:0\', \'conversion_type:7\', \'default_addr:0\', \'flags:0\', \'formula:\', "id:b\'##CC\'", \'inv_conv_addr:0\', \'is_user_defined:False\', \'links_nr:7\', \'max_phy_value:0.0\', \'min_phy_value:0.0\', \'name:\', \'name_addr:0\', \'precision:0\', \'ref_param_nr:3\', "referenced_blocks:{\'text_0\': b\'Invalid\', \'text_1\': b\'Valid\', \'default_addr\': b\'\'}", \'reserved0:0\', \'text_0:381848\', \'text_1:381880\', \'unit:\', \'unit_addr:0\', \'val_0:0.0\', \'val_1:1.0\', \'val_param_nr:2\'])>'
  - 组 'VCU_7'.VCU_ACCStResp data_type: 7 vs 0
  - 组 'VCU_7'.VCU_ACCStResp bit_count: 64 vs 1
  - 组 'VCU_7'.VCU_ACCStResp flags: 0 vs 16
  - 组 'VCU_7'.VCU_ACCStResp conversion: 'None' vs '<ChannelConversion (name: , unit: , comment: , formula: , referenced blocks: {\'text_0\': b\'No response\', \'text_1\': b\'Response\', \'default_addr\': b\'\'}, address: 381336, fields: [\'_cache:None\', \'address:381336\', \'block_len:120\', \'comment:\', \'comment_addr:0\', \'conversion_type:7\', \'default_addr:0\', \'flags:0\', \'formula:\', "id:b\'##CC\'", \'inv_conv_addr:0\', \'is_user_defined:False\', \'links_nr:7\', \'max_phy_value:0.0\', \'min_phy_value:0.0\', \'name:\', \'name_addr:0\', \'precision:0\', \'ref_param_nr:3\', "referenced_blocks:{\'text_0\': b\'No response\', \'text_1\': b\'Response\', \'default_addr\': b\'\'}", \'reserved0:0\', \'text_0:381256\', \'text_1:381296\', \'unit:\', \'unit_addr:0\', \'val_0:0.0\', \'val_1:1.0\', \'val_param_nr:2\'])>'
  - 组 'VCU_7'.VCU_AccTMCFail data_type: 7 vs 0
  - 组 'VCU_7'.VCU_AccTMCFail bit_count: 64 vs 1
  - 组 'VCU_7'.VCU_AccTMCFail flags: 0 vs 16
  - 组 'VCU_7'.VCU_AccTMCFail conversion: 'None' vs '<ChannelConversion (name: , unit: , comment: , formula: , referenced blocks: {\'text_0\': b\'Normal mode\', \'text_1\': b\'In limp-home mode\', \'default_addr\': b\'\'}, address: 380720, fields: [\'_cache:None\', \'address:380720\', \'block_len:120\', \'comment:\', \'comment_addr:0\', \'conversion_type:7\', \'default_addr:0\', \'flags:0\', \'formula:\', "id:b\'##CC\'", \'inv_conv_addr:0\', \'is_user_defined:False\', \'links_nr:7\', \'max_phy_value:0.0\', \'min_phy_value:0.0\', \'name:\', \'name_addr:0\', \'precision:0\', \'ref_param_nr:3\', "referenced_blocks:{\'text_0\': b\'Normal mode\', \'text_1\': b\'In limp-home mode\', \'default_addr\': b\'\'}", \'reserved0:0\', \'text_0:380632\', \'text_1:380672\', \'unit:\', \'unit_addr:0\', \'val_0:0.0\', \'val_1:1.0\', \'val_param_nr:2\'])>'
  - 组 'VCU_7'.VCU_AccElecECFail data_type: 7 vs 0
  - 组 'VCU_7'.VCU_AccElecECFail bit_count: 64 vs 1
  - 组 'VCU_7'.VCU_AccElecECFail flags: 0 vs 16
  - 组 'VCU_7'.VCU_AccElecECFail conversion: 'None' vs '<ChannelConversion (name: , unit: , comment: , formula: , referenced blocks: {\'text_0\': b\'No failure\', \'text_1\': b\'Failure\', \'default_addr\': b\'\'}, address: 380080, fields: [\'_cache:None\', \'address:380080\', \'block_len:120\', \'comment:\', \'comment_addr:0\', \'conversion_type:7\', \'default_addr:0\', \'flags:0\', \'formula:\', "id:b\'##CC\'", \'inv_conv_addr:0\', \'is_user_defined:False\', \'links_nr:7\', \'max_phy_value:0.0\', \'min_phy_value:0.0\', \'name:\', \'name_addr:0\', \'precision:0\', \'ref_param_nr:3\', "referenced_blocks:{\'text_0\': b\'No failure\', \'text_1\': b\'Failure\', \'default_addr\': b\'\'}", \'reserved0:0\', \'text_0:380008\', \'text_1:380048\', \'unit:\', \'unit_addr:0\', \'val_0:0.0\', \'val_1:1.0\', \'val_param_nr:2\'])>'
  - 组 'VCU_7'.VCU_AccDriverOrvd data_type: 7 vs 0
  - 组 'VCU_7'.VCU_AccDriverOrvd bit_count: 64 vs 1
  - 组 'VCU_7'.VCU_AccDriverOrvd flags: 0 vs 16
  - 组 'VCU_7'.VCU_AccDriverOrvd conversion: 'None' vs '<ChannelConversion (name: , unit: , comment: , formula: , referenced blocks: {\'text_0\': b\'No override\', \'text_1\': b\'Driver override\', \'default_addr\': b\'\'}, address: 379424, fields: [\'_cache:None\', \'address:379424\', \'block_len:120\', \'comment:\', \'comment_addr:0\', \'conversion_type:7\', \'default_addr:0\', \'flags:0\', \'formula:\', "id:b\'##CC\'", \'inv_conv_addr:0\', \'is_user_defined:False\', \'links_nr:7\', \'max_phy_value:0.0\', \'min_phy_value:0.0\', \'name:\', \'name_addr:0\', \'precision:0\', \'ref_param_nr:3\', "referenced_blocks:{\'text_0\': b\'No override\', \'text_1\': b\'Driver override\', \'default_addr\': b\'\'}", \'reserved0:0\', \'text_0:379344\', \'text_1:379384\', \'unit:\', \'unit_addr:0\', \'val_0:0.0\', \'val_1:1.0\', \'val_param_nr:2\'])>'
  - 组 'VCU_7'.EMS_GasPedalActPstforMRR data_type: 4 vs 0
  - 组 'VCU_7'.EMS_GasPedalActPstforMRR bit_count: 64 vs 8
  - 组 'VCU_7'.EMS_GasPedalActPstforMRR flags: 0 vs 16
  - 组 'VCU_7'.EMS_GasPedalActPstforMRR conversion: 'None' vs '<ChannelConversion (name: , unit: %, comment: , formula: , referenced blocks: {}, address: 383672, fields: [\'_cache:None\', \'a:0.392\', \'address:383672\', \'b:0.0\', \'block_len:96\', \'comment:\', \'comment_addr:0\', \'conversion_type:1\', \'flags:0\', \'formula:\', "id:b\'##CC\'", \'inv_conv_addr:0\', \'is_user_defined:False\', \'links_nr:4\', \'max_phy_value:0.0\', \'min_phy_value:0.0\', \'name:\', \'name_addr:0\', \'precision:0\', \'ref_param_nr:0\', \'referenced_blocks:{}\', \'reserved0:0\', \'unit:%\', \'unit_addr:383640\', \'val_param_nr:2\'])>'
  - 组 'VCU_7'.VCU_AccSpareCanError data_type: 7 vs 0
  - 组 'VCU_7'.VCU_AccSpareCanError bit_count: 64 vs 1
  - 组 'VCU_7'.VCU_AccSpareCanError flags: 0 vs 16
  - 组 'VCU_7'.VCU_AccSpareCanError conversion: 'None' vs '<ChannelConversion (name: , unit: , comment: , formula: , referenced blocks: {\'text_0\': b\'No Error\', \'text_1\': b\'Error\', \'default_addr\': b\'\'}, address: 383120, fields: [\'_cache:None\', \'address:383120\', \'block_len:120\', \'comment:\', \'comment_addr:0\', \'conversion_type:7\', \'default_addr:0\', \'flags:0\', \'formula:\', "id:b\'##CC\'", \'inv_conv_addr:0\', \'is_user_defined:False\', \'links_nr:7\', \'max_phy_value:0.0\', \'min_phy_value:0.0\', \'name:\', \'name_addr:0\', \'precision:0\', \'ref_param_nr:3\', "referenced_blocks:{\'text_0\': b\'No Error\', \'text_1\': b\'Error\', \'default_addr\': b\'\'}", \'reserved0:0\', \'text_0:383048\', \'text_1:383088\', \'unit:\', \'unit_addr:0\', \'val_0:0.0\', \'val_1:1.0\', \'val_param_nr:2\'])>'
  - 组 'VCU_7'.VCU_IFCFailureSt data_type: 7 vs 0
  - 组 'VCU_7'.VCU_IFCFailureSt bit_count: 64 vs 1
  - 组 'VCU_7'.VCU_IFCFailureSt flags: 0 vs 16
  - 组 'VCU_7'.VCU_IFCFailureSt conversion: 'None' vs '<ChannelConversion (name: , unit: , comment: , formula: , referenced blocks: {\'text_0\': b\'Not Failure\', \'text_1\': b\'Failure\', \'default_addr\': b\'\'}, address: 382528, fields: [\'_cache:None\', \'address:382528\', \'block_len:120\', \'comment:\', \'comment_addr:0\', \'conversion_type:7\', \'default_addr:0\', \'flags:0\', \'formula:\', "id:b\'##CC\'", \'inv_conv_addr:0\', \'is_user_defined:False\', \'links_nr:7\', \'max_phy_value:0.0\', \'min_phy_value:0.0\', \'name:\', \'name_addr:0\', \'precision:0\', \'ref_param_nr:3\', "referenced_blocks:{\'text_0\': b\'Not Failure\', \'text_1\': b\'Failure\', \'default_addr\': b\'\'}", \'reserved0:0\', \'text_0:382456\', \'text_1:382496\', \'unit:\', \'unit_addr:0\', \'val_0:0.0\', \'val_1:1.0\', \'val_param_nr:2\'])>'
  - 组 'VCU_7'.VCU_AccDriverOrvdVD data_type: 7 vs 0
  - 组 'VCU_7'.VCU_AccDriverOrvdVD bit_count: 64 vs 1
  - 组 'VCU_7'.VCU_AccDriverOrvdVD flags: 0 vs 16
  - 组 'VCU_7'.VCU_AccDriverOrvdVD conversion: 'None' vs '<ChannelConversion (name: , unit: , comment: , formula: , referenced blocks: {\'text_0\': b\'Invalid\', \'text_1\': b\'Valid\', \'default_addr\': b\'\'}, address: 384872, fields: [\'_cache:None\', \'address:384872\', \'block_len:120\', \'comment:\', \'comment_addr:0\', \'conversion_type:7\', \'default_addr:0\', \'flags:0\', \'formula:\', "id:b\'##CC\'", \'inv_conv_addr:0\', \'is_user_defined:False\', \'links_nr:7\', \'max_phy_value:0.0\', \'min_phy_value:0.0\', \'name:\', \'name_addr:0\', \'precision:0\', \'ref_param_nr:3\', "referenced_blocks:{\'text_0\': b\'Invalid\', \'text_1\': b\'Valid\', \'default_addr\': b\'\'}", \'reserved0:0\', \'text_0:384808\', \'text_1:384840\', \'unit:\', \'unit_addr:0\', \'val_0:0.0\', \'val_1:1.0\', \'val_param_nr:2\'])>'
  - 组 'VCU_7'.VCU_TargetRecpTorqVD data_type: 7 vs 0
  - 组 'VCU_7'.VCU_TargetRecpTorqVD bit_count: 64 vs 1
  - 组 'VCU_7'.VCU_TargetRecpTorqVD flags: 0 vs 16
  - 组 'VCU_7'.VCU_TargetRecpTorqVD conversion: 'None' vs '<ChannelConversion (name: , unit: , comment: , formula: , referenced blocks: {\'text_0\': b\'Invalid\', \'text_1\': b\'Valid\', \'default_addr\': b\'\'}, address: 384248, fields: [\'_cache:None\', \'address:384248\', \'block_len:120\', \'comment:\', \'comment_addr:0\', \'conversion_type:7\', \'default_addr:0\', \'flags:0\', \'formula:\', "id:b\'##CC\'", \'inv_conv_addr:0\', \'is_user_defined:False\', \'links_nr:7\', \'max_phy_value:0.0\', \'min_phy_value:0.0\', \'name:\', \'name_addr:0\', \'precision:0\', \'ref_param_nr:3\', "referenced_blocks:{\'text_0\': b\'Invalid\', \'text_1\': b\'Valid\', \'default_addr\': b\'\'}", \'reserved0:0\', \'text_0:384184\', \'text_1:384216\', \'unit:\', \'unit_addr:0\', \'val_0:0.0\', \'val_1:1.0\', \'val_param_nr:2\'])>'
  - 组 'VCU_7'.VCU_TargetRecpTorq data_type: 4 vs 0
  - 组 'VCU_7'.VCU_TargetRecpTorq bit_count: 64 vs 11
  - 组 'VCU_7'.VCU_TargetRecpTorq flags: 0 vs 16
  - 组 'VCU_7'.VCU_TargetRecpTorq conversion: 'None' vs '<ChannelConversion (name: , unit: Nm, comment: , formula: , referenced blocks: {}, address: 385488, fields: [\'_cache:None\', \'a:2.0\', \'address:385488\', \'b:0.0\', \'block_len:96\', \'comment:\', \'comment_addr:0\', \'conversion_type:1\', \'flags:0\', \'formula:\', "id:b\'##CC\'", \'inv_conv_addr:0\', \'is_user_defined:False\', \'links_nr:4\', \'max_phy_value:0.0\', \'min_phy_value:0.0\', \'name:\', \'name_addr:0\', \'precision:0\', \'ref_param_nr:0\', \'referenced_blocks:{}\', \'reserved0:0\', \'unit:Nm\', \'unit_addr:385456\', \'val_param_nr:2\'])>'
  - 组 'VCU_7'.VCU_TorqDriverReq data_type: 4 vs 0
  - 组 'VCU_7'.VCU_TorqDriverReq bit_count: 64 vs 8
  - 组 'VCU_7'.VCU_TorqDriverReq flags: 0 vs 16
  - 组 'VCU_7'.VCU_TorqDriverReq conversion: 'None' vs '<ChannelConversion (name: , unit: %, comment: , formula: , referenced blocks: {}, address: 386056, fields: [\'_cache:None\', \'a:0.392\', \'address:386056\', \'b:0.0\', \'block_len:96\', \'comment:\', \'comment_addr:0\', \'conversion_type:1\', \'flags:0\', \'formula:\', "id:b\'##CC\'", \'inv_conv_addr:0\', \'is_user_defined:False\', \'links_nr:4\', \'max_phy_value:0.0\', \'min_phy_value:0.0\', \'name:\', \'name_addr:0\', \'precision:0\', \'ref_param_nr:0\', \'referenced_blocks:{}\', \'reserved0:0\', \'unit:%\', \'unit_addr:386024\', \'val_param_nr:2\'])>'
  - 组 'VCU_7'.VCU_VehActDrvTorq data_type: 4 vs 0
  - 组 'VCU_7'.VCU_VehActDrvTorq bit_count: 64 vs 8
  - 组 'VCU_7'.VCU_VehActDrvTorq flags: 0 vs 16
  - 组 'VCU_7'.VCU_VehActDrvTorq conversion: 'None' vs '<ChannelConversion (name: , unit: %, comment: , formula: , referenced blocks: {}, address: 387200, fields: [\'_cache:None\', \'a:0.392\', \'address:387200\', \'b:0.0\', \'block_len:96\', \'comment:\', \'comment_addr:0\', \'conversion_type:1\', \'flags:0\', \'formula:\', "id:b\'##CC\'", \'inv_conv_addr:0\', \'is_user_defined:False\', \'links_nr:4\', \'max_phy_value:0.0\', \'min_phy_value:0.0\', \'name:\', \'name_addr:0\', \'precision:0\', \'ref_param_nr:0\', \'referenced_blocks:{}\', \'reserved0:0\', \'unit:%\', \'unit_addr:387168\', \'val_param_nr:2\'])>'
  - 组 'VCU_7'.VCU_VehActDrvTorqVD data_type: 7 vs 0
  - 组 'VCU_7'.VCU_VehActDrvTorqVD bit_count: 64 vs 1
  - 组 'VCU_7'.VCU_VehActDrvTorqVD flags: 0 vs 16
  - 组 'VCU_7'.VCU_VehActDrvTorqVD conversion: 'None' vs '<ChannelConversion (name: , unit: , comment: , formula: , referenced blocks: {\'text_0\': b\'Not valid\', \'text_1\': b\'Valid\', \'default_addr\': b\'\'}, address: 386632, fields: [\'_cache:None\', \'address:386632\', \'block_len:120\', \'comment:\', \'comment_addr:0\', \'conversion_type:7\', \'default_addr:0\', \'flags:0\', \'formula:\', "id:b\'##CC\'", \'inv_conv_addr:0\', \'is_user_defined:False\', \'links_nr:7\', \'max_phy_value:0.0\', \'min_phy_value:0.0\', \'name:\', \'name_addr:0\', \'precision:0\', \'ref_param_nr:3\', "referenced_blocks:{\'text_0\': b\'Not valid\', \'text_1\': b\'Valid\', \'default_addr\': b\'\'}", \'reserved0:0\', \'text_0:386560\', \'text_1:386600\', \'unit:\', \'unit_addr:0\', \'val_0:0.0\', \'val_1:1.0\', \'val_param_nr:2\'])>'
  - 组 'VCU_7'.VCU_DCU_TorqSet data_type: 4 vs 0
  - 组 'VCU_7'.VCU_DCU_TorqSet bit_count: 64 vs 13
  - 组 'VCU_7'.VCU_DCU_TorqSet flags: 0 vs 16
  - 组 'VCU_7'.VCU_DCU_TorqSet conversion: 'None' vs '<ChannelConversion (name: , unit: Nm, comment: , formula: , referenced blocks: {}, address: 387736, fields: [\'_cache:None\', \'a:0.2\', \'address:387736\', \'b:-819.0\', \'block_len:96\', \'comment:\', \'comment_addr:0\', \'conversion_type:1\', \'flags:0\', \'formula:\', "id:b\'##CC\'", \'inv_conv_addr:0\', \'is_user_defined:False\', \'links_nr:4\', \'max_phy_value:0.0\', \'min_phy_value:0.0\', \'name:\', \'name_addr:0\', \'precision:0\', \'ref_param_nr:0\', \'referenced_blocks:{}\', \'reserved0:0\', \'unit:Nm\', \'unit_addr:387704\', \'val_param_nr:2\'])>'
  - 组 'VCU_7'.VCU_TargetRecpTorqRAVD data_type: 7 vs 0
  - 组 'VCU_7'.VCU_TargetRecpTorqRAVD bit_count: 64 vs 1
  - 组 'VCU_7'.VCU_TargetRecpTorqRAVD flags: 0 vs 16
  - 组 'VCU_7'.VCU_TargetRecpTorqRAVD conversion: 'None' vs '<ChannelConversion (name: , unit: , comment: , formula: , referenced blocks: {\'text_0\': b\'Invalid\', \'text_1\': b\'Valid\', \'default_addr\': b\'\'}, address: 388920, fields: [\'_cache:None\', \'address:388920\', \'block_len:120\', \'comment:\', \'comment_addr:0\', \'conversion_type:7\', \'default_addr:0\', \'flags:0\', \'formula:\', "id:b\'##CC\'", \'inv_conv_addr:0\', \'is_user_defined:False\', \'links_nr:7\', \'max_phy_value:0.0\', \'min_phy_value:0.0\', \'name:\', \'name_addr:0\', \'precision:0\', \'ref_param_nr:3\', "referenced_blocks:{\'text_0\': b\'Invalid\', \'text_1\': b\'Valid\', \'default_addr\': b\'\'}", \'reserved0:0\', \'text_0:388856\', \'text_1:388888\', \'unit:\', \'unit_addr:0\', \'val_0:0.0\', \'val_1:1.0\', \'val_param_nr:2\'])>'
  - 组 'VCU_7'.VCU_TargetRecpTorqFAVD data_type: 7 vs 0
  - 组 'VCU_7'.VCU_TargetRecpTorqFAVD bit_count: 64 vs 1
  - 组 'VCU_7'.VCU_TargetRecpTorqFAVD flags: 0 vs 16
  - 组 'VCU_7'.VCU_TargetRecpTorqFAVD conversion: 'None' vs '<ChannelConversion (name: , unit: , comment: , formula: , referenced blocks: {\'text_0\': b\'Invalid\', \'text_1\': b\'Valid\', \'default_addr\': b\'\'}, address: 388296, fields: [\'_cache:None\', \'address:388296\', \'block_len:120\', \'comment:\', \'comment_addr:0\', \'conversion_type:7\', \'default_addr:0\', \'flags:0\', \'formula:\', "id:b\'##CC\'", \'inv_conv_addr:0\', \'is_user_defined:False\', \'links_nr:7\', \'max_phy_value:0.0\', \'min_phy_value:0.0\', \'name:\', \'name_addr:0\', \'precision:0\', \'ref_param_nr:3\', "referenced_blocks:{\'text_0\': b\'Invalid\', \'text_1\': b\'Valid\', \'default_addr\': b\'\'}", \'reserved0:0\', \'text_0:388232\', \'text_1:388264\', \'unit:\', \'unit_addr:0\', \'val_0:0.0\', \'val_1:1.0\', \'val_param_nr:2\'])>'
  - 组 'VCU_7'.VCU_TorqDriverReqFA data_type: 4 vs 0
  - 组 'VCU_7'.VCU_TorqDriverReqFA bit_count: 64 vs 8
  - 组 'VCU_7'.VCU_TorqDriverReqFA flags: 0 vs 16
  - 组 'VCU_7'.VCU_TorqDriverReqFA conversion: 'None' vs '<ChannelConversion (name: , unit: %, comment: , formula: , referenced blocks: {}, address: 389512, fields: [\'_cache:None\', \'a:0.392\', \'address:389512\', \'b:0.0\', \'block_len:96\', \'comment:\', \'comment_addr:0\', \'conversion_type:1\', \'flags:0\', \'formula:\', "id:b\'##CC\'", \'inv_conv_addr:0\', \'is_user_defined:False\', \'links_nr:4\', \'max_phy_value:0.0\', \'min_phy_value:0.0\', \'name:\', \'name_addr:0\', \'precision:0\', \'ref_param_nr:0\', \'referenced_blocks:{}\', \'reserved0:0\', \'unit:%\', \'unit_addr:389480\', \'val_param_nr:2\'])>'
  - 组 'VCU_7'.VCU_TorqDriverReqRA data_type: 4 vs 0
  - 组 'VCU_7'.VCU_TorqDriverReqRA bit_count: 64 vs 8
  - 组 'VCU_7'.VCU_TorqDriverReqRA flags: 0 vs 16
  - 组 'VCU_7'.VCU_TorqDriverReqRA conversion: 'None' vs '<ChannelConversion (name: , unit: %, comment: , formula: , referenced blocks: {}, address: 390064, fields: [\'_cache:None\', \'a:0.392\', \'address:390064\', \'b:0.0\', \'block_len:96\', \'comment:\', \'comment_addr:0\', \'conversion_type:1\', \'flags:0\', \'formula:\', "id:b\'##CC\'", \'inv_conv_addr:0\', \'is_user_defined:False\', \'links_nr:4\', \'max_phy_value:0.0\', \'min_phy_value:0.0\', \'name:\', \'name_addr:0\', \'precision:0\', \'ref_param_nr:0\', \'referenced_blocks:{}\', \'reserved0:0\', \'unit:%\', \'unit_addr:390032\', \'val_param_nr:2\'])>'
  - 组 'VCU_7'.VCU_VehActDrvTorqFA data_type: 4 vs 0
  - 组 'VCU_7'.VCU_VehActDrvTorqFA bit_count: 64 vs 8
  - 组 'VCU_7'.VCU_VehActDrvTorqFA flags: 0 vs 16
  - 组 'VCU_7'.VCU_VehActDrvTorqFA conversion: 'None' vs '<ChannelConversion (name: , unit: %, comment: , formula: , referenced blocks: {}, address: 390608, fields: [\'_cache:None\', \'a:0.392\', \'address:390608\', \'b:0.0\', \'block_len:96\', \'comment:\', \'comment_addr:0\', \'conversion_type:1\', \'flags:0\', \'formula:\', "id:b\'##CC\'", \'inv_conv_addr:0\', \'is_user_defined:False\', \'links_nr:4\', \'max_phy_value:0.0\', \'min_phy_value:0.0\', \'name:\', \'name_addr:0\', \'precision:0\', \'ref_param_nr:0\', \'referenced_blocks:{}\', \'reserved0:0\', \'unit:%\', \'unit_addr:390576\', \'val_param_nr:2\'])>'
  - 组 'VCU_7'.VCU_VehActDrvTorqRA data_type: 4 vs 0
  - 组 'VCU_7'.VCU_VehActDrvTorqRA bit_count: 64 vs 8
  - 组 'VCU_7'.VCU_VehActDrvTorqRA flags: 0 vs 16
  - 组 'VCU_7'.VCU_VehActDrvTorqRA conversion: 'None' vs '<ChannelConversion (name: , unit: %, comment: , formula: , referenced blocks: {}, address: 391160, fields: [\'_cache:None\', \'a:0.392\', \'address:391160\', \'b:0.0\', \'block_len:96\', \'comment:\', \'comment_addr:0\', \'conversion_type:1\', \'flags:0\', \'formula:\', "id:b\'##CC\'", \'inv_conv_addr:0\', \'is_user_defined:False\', \'links_nr:4\', \'max_phy_value:0.0\', \'min_phy_value:0.0\', \'name:\', \'name_addr:0\', \'precision:0\', \'ref_param_nr:0\', \'referenced_blocks:{}\', \'reserved0:0\', \'unit:%\', \'unit_addr:391128\', \'val_param_nr:2\'])>'
  - 组 'VCU_7'.VCU_VehActDrvTorqFAVD data_type: 7 vs 0
  - 组 'VCU_7'.VCU_VehActDrvTorqFAVD bit_count: 64 vs 1
  - 组 'VCU_7'.VCU_VehActDrvTorqFAVD flags: 0 vs 16
  - 组 'VCU_7'.VCU_VehActDrvTorqFAVD conversion: 'None' vs '<ChannelConversion (name: , unit: , comment: , formula: , referenced blocks: {\'text_0\': b\'Not valid\', \'text_1\': b\'Valid\', \'default_addr\': b\'\'}, address: 392376, fields: [\'_cache:None\', \'address:392376\', \'block_len:120\', \'comment:\', \'comment_addr:0\', \'conversion_type:7\', \'default_addr:0\', \'flags:0\', \'formula:\', "id:b\'##CC\'", \'inv_conv_addr:0\', \'is_user_defined:False\', \'links_nr:7\', \'max_phy_value:0.0\', \'min_phy_value:0.0\', \'name:\', \'name_addr:0\', \'precision:0\', \'ref_param_nr:3\', "referenced_blocks:{\'text_0\': b\'Not valid\', \'text_1\': b\'Valid\', \'default_addr\': b\'\'}", \'reserved0:0\', \'text_0:392304\', \'text_1:392344\', \'unit:\', \'unit_addr:0\', \'val_0:0.0\', \'val_1:1.0\', \'val_param_nr:2\'])>'
  - 组 'VCU_7'.VCU_VehActDrvTorqRAVD data_type: 7 vs 0
  - 组 'VCU_7'.VCU_VehActDrvTorqRAVD bit_count: 64 vs 1
  - 组 'VCU_7'.VCU_VehActDrvTorqRAVD flags: 0 vs 16
  - 组 'VCU_7'.VCU_VehActDrvTorqRAVD conversion: 'None' vs '<ChannelConversion (name: , unit: , comment: , formula: , referenced blocks: {\'text_0\': b\'Not valid\', \'text_1\': b\'Valid\', \'default_addr\': b\'\'}, address: 391752, fields: [\'_cache:None\', \'address:391752\', \'block_len:120\', \'comment:\', \'comment_addr:0\', \'conversion_type:7\', \'default_addr:0\', \'flags:0\', \'formula:\', "id:b\'##CC\'", \'inv_conv_addr:0\', \'is_user_defined:False\', \'links_nr:7\', \'max_phy_value:0.0\', \'min_phy_value:0.0\', \'name:\', \'name_addr:0\', \'precision:0\', \'ref_param_nr:3\', "referenced_blocks:{\'text_0\': b\'Not valid\', \'text_1\': b\'Valid\', \'default_addr\': b\'\'}", \'reserved0:0\', \'text_0:391680\', \'text_1:391720\', \'unit:\', \'unit_addr:0\', \'val_0:0.0\', \'val_1:1.0\', \'val_param_nr:2\'])>'
  - 组 'VCU_7'.VCU_TargetRecpTorqFA data_type: 4 vs 0
  - 组 'VCU_7'.VCU_TargetRecpTorqFA bit_count: 64 vs 11
  - 组 'VCU_7'.VCU_TargetRecpTorqFA flags: 0 vs 16
  - 组 'VCU_7'.VCU_TargetRecpTorqFA conversion: 'None' vs '<ChannelConversion (name: , unit: Nm, comment: , formula: , referenced blocks: {}, address: 392960, fields: [\'_cache:None\', \'a:2.0\', \'address:392960\', \'b:0.0\', \'block_len:96\', \'comment:\', \'comment_addr:0\', \'conversion_type:1\', \'flags:0\', \'formula:\', "id:b\'##CC\'", \'inv_conv_addr:0\', \'is_user_defined:False\', \'links_nr:4\', \'max_phy_value:0.0\', \'min_phy_value:0.0\', \'name:\', \'name_addr:0\', \'precision:0\', \'ref_param_nr:0\', \'referenced_blocks:{}\', \'reserved0:0\', \'unit:Nm\', \'unit_addr:392928\', \'val_param_nr:2\'])>'
  - 组 'VCU_7'.VCU_TargetRecpTorqRA data_type: 4 vs 0
  - 组 'VCU_7'.VCU_TargetRecpTorqRA bit_count: 64 vs 11
  - 组 'VCU_7'.VCU_TargetRecpTorqRA flags: 0 vs 16
  - 组 'VCU_7'.VCU_TargetRecpTorqRA conversion: 'None' vs '<ChannelConversion (name: , unit: Nm, comment: , formula: , referenced blocks: {}, address: 393528, fields: [\'_cache:None\', \'a:2.0\', \'address:393528\', \'b:0.0\', \'block_len:96\', \'comment:\', \'comment_addr:0\', \'conversion_type:1\', \'flags:0\', \'formula:\', "id:b\'##CC\'", \'inv_conv_addr:0\', \'is_user_defined:False\', \'links_nr:4\', \'max_phy_value:0.0\', \'min_phy_value:0.0\', \'name:\', \'name_addr:0\', \'precision:0\', \'ref_param_nr:0\', \'referenced_blocks:{}\', \'reserved0:0\', \'unit:Nm\', \'unit_addr:393496\', \'val_param_nr:2\'])>'
  - 组 'VCU_6': 组内信号序不同 ['VCU_6_CRC', 'VCU_6_Counter', 'VCU_GearLvlDisp', 'VCU_GearLvlBlink', 'VCU_VehCrusSt', 'VCU_VehDrvMod', 'VCU_VehRdySt_Rddy', 'VCU_GearLvl']... vs ['VCU_6_CRC', 'VCU_6_Counter', 'VCU_GearLvlDisp', 'VCU_GearLvlBlink', 'VCU_VehRdySt_Rddy', 'VCU_VehDrvMod', 'VCU_VehCrusSt', 'VCU_BrkLightOn']...
  - 组 'VCU_6'.t data_type: 4 vs 0
  - 组 'VCU_6'.t conversion: 'None' vs '<ChannelConversion (name: , unit: s, comment: , formula: , referenced blocks: {}, address: 1344, fields: [\'_cache:None\', \'a:1e-09\', \'address:1344\', \'b:0.0\', \'block_len:96\', \'comment:\', \'comment_addr:0\', \'conversion_type:1\', \'flags:0\', \'formula:\', "id:b\'##CC\'", \'inv_conv_addr:0\', \'is_user_defined:False\', \'links_nr:4\', \'max_phy_value:0.0\', \'min_phy_value:0.0\', \'name:\', \'name_addr:0\', \'precision:0\', \'ref_param_nr:0\', \'referenced_blocks:{}\', \'reserved0:0\', \'unit:s\', \'unit_addr:1312\', \'val_param_nr:2\'])>'
  - 组 'VCU_6'.VCU_6_CRC flags: 0 vs 16
  - 组 'VCU_6'.VCU_6_Counter flags: 0 vs 16
  - 组 'VCU_6'.VCU_GearLvlDisp data_type: 7 vs 0
  - 组 'VCU_6'.VCU_GearLvlDisp bit_count: 64 vs 4
  - 组 'VCU_6'.VCU_GearLvlDisp flags: 0 vs 16
  - 组 'VCU_6'.VCU_GearLvlDisp conversion: 'None' vs '<ChannelConversion (name: , unit: , comment: , formula: , referenced blocks: {\'text_0\': b\'Invalid;- others : reserved\', \'text_1\': b"\'D\' Drive gear", \'text_2\': b"\'N\' Neutral gear", \'text_3\': b"\'R\' Reverse gear", \'text_4\': b"\'P\' Park gear", \'default_addr\': b\'\'}, address: 675872, fields: [\'_cache:None\', \'address:675872\', \'block_len:168\', \'comment:\', \'comment_addr:0\', \'conversion_type:7\', \'default_addr:0\', \'flags:0\', \'formula:\', "id:b\'##CC\'", \'inv_conv_addr:0\', \'is_user_defined:False\', \'links_nr:10\', \'max_phy_value:0.0\', \'min_phy_value:0.0\', \'name:\', \'name_addr:0\', \'precision:0\', \'ref_param_nr:6\', \'referenced_blocks:{\\\'text_0\\\': b\\\'Invalid;- others : reserved\\\', \\\'text_1\\\': b"\\\'D\\\' Drive gear", \\\'text_2\\\': b"\\\'N\\\' Neutral gear", \\\'text_3\\\': b"\\\'R\\\' Reverse gear", \\\'text_4\\\': b"\\\'P\\\' Park gear", \\\'default_addr\\\': b\\\'\\\'}\', \'reserved0:0\', \'text_0:675640\', \'text_1:675696\', \'text_2:675736\', \'text_3:675784\', \'text_4:675832\', \'unit:\', \'unit_addr:0\', \'val_0:0.0\', \'val_1:1.0\', \'val_2:2.0\', \'val_3:3.0\', \'val_4:4.0\', \'val_param_nr:5\'])>'
  - 组 'VCU_6'.VCU_GearLvlBlink data_type: 7 vs 0
  - 组 'VCU_6'.VCU_GearLvlBlink bit_count: 64 vs 1
  - 组 'VCU_6'.VCU_GearLvlBlink flags: 0 vs 16
  - 组 'VCU_6'.VCU_GearLvlBlink conversion: 'None' vs '<ChannelConversion (name: , unit: , comment: , formula: , referenced blocks: {\'text_0\': b\'Off\', \'text_1\': b\'Blink\', \'default_addr\': b\'\'}, address: 676496, fields: [\'_cache:None\', \'address:676496\', \'block_len:120\', \'comment:\', \'comment_addr:0\', \'conversion_type:7\', \'default_addr:0\', \'flags:0\', \'formula:\', "id:b\'##CC\'", \'inv_conv_addr:0\', \'is_user_defined:False\', \'links_nr:7\', \'max_phy_value:0.0\', \'min_phy_value:0.0\', \'name:\', \'name_addr:0\', \'precision:0\', \'ref_param_nr:3\', "referenced_blocks:{\'text_0\': b\'Off\', \'text_1\': b\'Blink\', \'default_addr\': b\'\'}", \'reserved0:0\', \'text_0:676432\', \'text_1:676464\', \'unit:\', \'unit_addr:0\', \'val_0:0.0\', \'val_1:1.0\', \'val_param_nr:2\'])>'
  - 组 'VCU_6'.VCU_VehCrusSt data_type: 7 vs 0
  - 组 'VCU_6'.VCU_VehCrusSt bit_count: 64 vs 2
  - 组 'VCU_6'.VCU_VehCrusSt flags: 0 vs 16
  - 组 'VCU_6'.VCU_VehCrusSt conversion: 'None' vs '<ChannelConversion (name: , unit: , comment: , formula: , referenced blocks: {\'text_0\': b\'Off\', \'text_1\': b\'Cruise control function on(Lamp white)\', \'text_2\': b\'Cruise controlling(Lamp green)\', \'text_3\': b\'Cruise control error(Lamp yellow)\', \'default_addr\': b\'\'}, address: 678896, fields: [\'_cache:None\', \'address:678896\', \'block_len:152\', \'comment:\', \'comment_addr:0\', \'conversion_type:7\', \'default_addr:0\', \'flags:0\', \'formula:\', "id:b\'##CC\'", \'inv_conv_addr:0\', \'is_user_defined:False\', \'links_nr:9\', \'max_phy_value:0.0\', \'min_phy_value:0.0\', \'name:\', \'name_addr:0\', \'precision:0\', \'ref_param_nr:5\', "referenced_blocks:{\'text_0\': b\'Off\', \'text_1\': b\'Cruise control function on(Lamp white)\', \'text_2\': b\'Cruise controlling(Lamp green)\', \'text_3\': b\'Cruise control error(Lamp yellow)\', \'default_addr\': b\'\'}", \'reserved0:0\', \'text_0:678680\', \'text_1:678712\', \'text_2:678776\', \'text_3:678832\', \'unit:\', \'unit_addr:0\', \'val_0:0.0\', \'val_1:1.0\', \'val_2:2.0\', \'val_3:3.0\', \'val_param_nr:4\'])>'
  - 组 'VCU_6'.VCU_VehDrvMod data_type: 7 vs 0
  - 组 'VCU_6'.VCU_VehDrvMod bit_count: 64 vs 3
  - 组 'VCU_6'.VCU_VehDrvMod flags: 0 vs 16
  - 组 'VCU_6'.VCU_VehDrvMod conversion: 'None' vs '<ChannelConversion (name: , unit: , comment: , formula: , referenced blocks: {\'text_0\': b\'Invalid\', \'text_1\': b\'ECO+ Mode\', \'text_2\': b\'ECO Mode\', \'text_3\': b\'Comfort Mode\', \'text_4\': b\'Driving Mode\', \'text_5\': b\'SPORT Mode\', \'text_6\': b\'I-pedal Mode\', \'text_7\': b\'Individual\', \'default_addr\': b\'\'}, address: 678072, fields: [\'_cache:None\', \'address:678072\', \'block_len:216\', \'comment:\', \'comment_addr:0\', \'conversion_type:7\', \'default_addr:0\', \'flags:0\', \'formula:\', "id:b\'##CC\'", \'inv_conv_addr:0\', \'is_user_defined:False\', \'links_nr:13\', \'max_phy_value:0.0\', \'min_phy_value:0.0\', \'name:\', \'name_addr:0\', \'precision:0\', \'ref_param_nr:9\', "referenced_blocks:{\'text_0\': b\'Invalid\', \'text_1\': b\'ECO+ Mode\', \'text_2\': b\'ECO Mode\', \'text_3\': b\'Comfort Mode\', \'text_4\': b\'Driving Mode\', \'text_5\': b\'SPORT Mode\', \'text_6\': b\'I-pedal Mode\', \'text_7\': b\'Individual\', \'default_addr\': b\'\'}", \'reserved0:0\', \'text_0:677760\', \'text_1:677792\', \'text_2:677832\', \'text_3:677872\', \'text_4:677912\', \'text_5:677952\', \'text_6:677992\', \'text_7:678032\', \'unit:\', \'unit_addr:0\', \'val_0:0.0\', \'val_1:1.0\', \'val_2:2.0\', \'val_3:3.0\', \'val_4:4.0\', \'val_5:5.0\', \'val_6:6.0\', \'val_7:7.0\', \'val_param_nr:8\'])>'
  - 组 'VCU_6'.VCU_VehRdySt_Rddy data_type: 7 vs 0
  - 组 'VCU_6'.VCU_VehRdySt_Rddy bit_count: 64 vs 1
  - 组 'VCU_6'.VCU_VehRdySt_Rddy flags: 0 vs 16
  - 组 'VCU_6'.VCU_VehRdySt_Rddy conversion: 'None' vs '<ChannelConversion (name: , unit: , comment: , formula: , referenced blocks: {\'text_0\': b\'Not ready\', \'text_1\': b\'Ready\', \'default_addr\': b\'\'}, address: 677224, fields: [\'_cache:None\', \'address:677224\', \'block_len:120\', \'comment:\', \'comment_addr:0\', \'conversion_type:7\', \'default_addr:0\', \'flags:0\', \'formula:\', "id:b\'##CC\'", \'inv_conv_addr:0\', \'is_user_defined:False\', \'links_nr:7\', \'max_phy_value:0.0\', \'min_phy_value:0.0\', \'name:\', \'name_addr:0\', \'precision:0\', \'ref_param_nr:3\', "referenced_blocks:{\'text_0\': b\'Not ready\', \'text_1\': b\'Ready\', \'default_addr\': b\'\'}", \'reserved0:0\', \'text_0:677152\', \'text_1:677192\', \'unit:\', \'unit_addr:0\', \'val_0:0.0\', \'val_1:1.0\', \'val_param_nr:2\'])>'
  - 组 'VCU_6'.VCU_GearLvl data_type: 7 vs 0
  - 组 'VCU_6'.VCU_GearLvl bit_count: 64 vs 4
  - 组 'VCU_6'.VCU_GearLvl flags: 0 vs 16
  - 组 'VCU_6'.VCU_GearLvl conversion: 'None' vs '<ChannelConversion (name: , unit: , comment: , formula: , referenced blocks: {\'text_0\': b\'Invalid;- others : reserved\', \'text_1\': b"\'D\' Drive gear", \'text_2\': b"\'N\' Neutral gear", \'text_3\': b"\'R\' Reverse gear", \'text_4\': b"\'P\' Park gear", \'default_addr\': b\'\'}, address: 681488, fields: [\'_cache:None\', \'address:681488\', \'block_len:168\', \'comment:\', \'comment_addr:0\', \'conversion_type:7\', \'default_addr:0\', \'flags:0\', \'formula:\', "id:b\'##CC\'", \'inv_conv_addr:0\', \'is_user_defined:False\', \'links_nr:10\', \'max_phy_value:0.0\', \'min_phy_value:0.0\', \'name:\', \'name_addr:0\', \'precision:0\', \'ref_param_nr:6\', \'referenced_blocks:{\\\'text_0\\\': b\\\'Invalid;- others : reserved\\\', \\\'text_1\\\': b"\\\'D\\\' Drive gear", \\\'text_2\\\': b"\\\'N\\\' Neutral gear", \\\'text_3\\\': b"\\\'R\\\' Reverse gear", \\\'text_4\\\': b"\\\'P\\\' Park gear", \\\'default_addr\\\': b\\\'\\\'}\', \'reserved0:0\', \'text_0:681256\', \'text_1:681312\', \'text_2:681352\', \'text_3:681400\', \'text_4:681448\', \'unit:\', \'unit_addr:0\', \'val_0:0.0\', \'val_1:1.0\', \'val_2:2.0\', \'val_3:3.0\', \'val_4:4.0\', \'val_param_nr:5\'])>'
  - 组 'VCU_6'.VCU_VehRdySt data_type: 7 vs 0
  - 组 'VCU_6'.VCU_VehRdySt bit_count: 64 vs 1
  - 组 'VCU_6'.VCU_VehRdySt flags: 0 vs 16
  - 组 'VCU_6'.VCU_VehRdySt conversion: 'None' vs '<ChannelConversion (name: , unit: , comment: , formula: , referenced blocks: {\'text_0\': b\'Not ready\', \'text_1\': b\'Ready\', \'default_addr\': b\'\'}, address: 680744, fields: [\'_cache:None\', \'address:680744\', \'block_len:120\', \'comment:\', \'comment_addr:0\', \'conversion_type:7\', \'default_addr:0\', \'flags:0\', \'formula:\', "id:b\'##CC\'", \'inv_conv_addr:0\', \'is_user_defined:False\', \'links_nr:7\', \'max_phy_value:0.0\', \'min_phy_value:0.0\', \'name:\', \'name_addr:0\', \'precision:0\', \'ref_param_nr:3\', "referenced_blocks:{\'text_0\': b\'Not ready\', \'text_1\': b\'Ready\', \'default_addr\': b\'\'}", \'reserved0:0\', \'text_0:680672\', \'text_1:680712\', \'unit:\', \'unit_addr:0\', \'val_0:0.0\', \'val_1:1.0\', \'val_param_nr:2\'])>'
  - 组 'VCU_6'.VCU_BCMhazardLampOn data_type: 7 vs 0
  - 组 'VCU_6'.VCU_BCMhazardLampOn bit_count: 64 vs 1
  - 组 'VCU_6'.VCU_BCMhazardLampOn flags: 0 vs 16
  - 组 'VCU_6'.VCU_BCMhazardLampOn conversion: 'None' vs '<ChannelConversion (name: , unit: , comment: , formula: , referenced blocks: {\'text_0\': b\'No request\', \'text_1\': b\'Request On\', \'default_addr\': b\'\'}, address: 680128, fields: [\'_cache:None\', \'address:680128\', \'block_len:120\', \'comment:\', \'comment_addr:0\', \'conversion_type:7\', \'default_addr:0\', \'flags:0\', \'formula:\', "id:b\'##CC\'", \'inv_conv_addr:0\', \'is_user_defined:False\', \'links_nr:7\', \'max_phy_value:0.0\', \'min_phy_value:0.0\', \'name:\', \'name_addr:0\', \'precision:0\', \'ref_param_nr:3\', "referenced_blocks:{\'text_0\': b\'No request\', \'text_1\': b\'Request On\', \'default_addr\': b\'\'}", \'reserved0:0\', \'text_0:680048\', \'text_1:680088\', \'unit:\', \'unit_addr:0\', \'val_0:0.0\', \'val_1:1.0\', \'val_param_nr:2\'])>'
  - 组 'VCU_6'.VCU_BrkLightOn data_type: 7 vs 0
  - 组 'VCU_6'.VCU_BrkLightOn bit_count: 64 vs 1
  - 组 'VCU_6'.VCU_BrkLightOn flags: 0 vs 16
  - 组 'VCU_6'.VCU_BrkLightOn conversion: 'None' vs '<ChannelConversion (name: , unit: , comment: , formula: , referenced blocks: {\'text_0\': b\'OFF\', \'text_1\': b\'ON\', \'default_addr\': b\'\'}, address: 679520, fields: [\'_cache:None\', \'address:679520\', \'block_len:120\', \'comment:\', \'comment_addr:0\', \'conversion_type:7\', \'default_addr:0\', \'flags:0\', \'formula:\', "id:b\'##CC\'", \'inv_conv_addr:0\', \'is_user_defined:False\', \'links_nr:7\', \'max_phy_value:0.0\', \'min_phy_value:0.0\', \'name:\', \'name_addr:0\', \'precision:0\', \'ref_param_nr:3\', "referenced_blocks:{\'text_0\': b\'OFF\', \'text_1\': b\'ON\', \'default_addr\': b\'\'}", \'reserved0:0\', \'text_0:679456\', \'text_1:679488\', \'unit:\', \'unit_addr:0\', \'val_0:0.0\', \'val_1:1.0\', \'val_param_nr:2\'])>'
  - 组 'BCS_2_C': 组内信号序不同 ['BCS_2_CRC', 'BCS_2_Counter', 'BCS_VehSpd', 'BCS_VehSpdVD', 'BCS_EBDActiveSt', 'BCS_EBDFaultSt', 'BCS_ABSActiveSt', 'BCS_ABSFaultSt']... vs ['BCS_2_CRC', 'BCS_2_Counter', 'BCS_EBDActiveSt', 'BCS_VehSpdVD', 'BCS_VehSpd', 'BCS_VDCFaultSt', 'BCS_VDCActiveSt', 'BCS_TCSFaultSt']...
  - 组 'BCS_2_C'.t data_type: 4 vs 0
  - 组 'BCS_2_C'.t conversion: 'None' vs '<ChannelConversion (name: , unit: s, comment: , formula: , referenced blocks: {}, address: 1344, fields: [\'_cache:None\', \'a:1e-09\', \'address:1344\', \'b:0.0\', \'block_len:96\', \'comment:\', \'comment_addr:0\', \'conversion_type:1\', \'flags:0\', \'formula:\', "id:b\'##CC\'", \'inv_conv_addr:0\', \'is_user_defined:False\', \'links_nr:4\', \'max_phy_value:0.0\', \'min_phy_value:0.0\', \'name:\', \'name_addr:0\', \'precision:0\', \'ref_param_nr:0\', \'referenced_blocks:{}\', \'reserved0:0\', \'unit:s\', \'unit_addr:1312\', \'val_param_nr:2\'])>'
  - 组 'BCS_2_C'.BCS_2_CRC flags: 0 vs 16
  - 组 'BCS_2_C'.BCS_2_Counter flags: 0 vs 16
  - 组 'BCS_2_C'.BCS_VehSpd data_type: 4 vs 0
  - 组 'BCS_2_C'.BCS_VehSpd bit_count: 64 vs 13
  - 组 'BCS_2_C'.BCS_VehSpd flags: 0 vs 16
  - 组 'BCS_2_C'.BCS_VehSpd conversion: 'None' vs '<ChannelConversion (name: , unit: km/h, comment: , formula: , referenced blocks: {}, address: 531056, fields: [\'_cache:None\', \'a:0.05625\', \'address:531056\', \'b:0.0\', \'block_len:96\', \'comment:\', \'comment_addr:0\', \'conversion_type:1\', \'flags:0\', \'formula:\', "id:b\'##CC\'", \'inv_conv_addr:0\', \'is_user_defined:False\', \'links_nr:4\', \'max_phy_value:0.0\', \'min_phy_value:0.0\', \'name:\', \'name_addr:0\', \'precision:0\', \'ref_param_nr:0\', \'referenced_blocks:{}\', \'reserved0:0\', \'unit:km/h\', \'unit_addr:531024\', \'val_param_nr:2\'])>'
  - 组 'BCS_2_C'.BCS_VehSpdVD data_type: 7 vs 0
  - 组 'BCS_2_C'.BCS_VehSpdVD bit_count: 64 vs 1
  - 组 'BCS_2_C'.BCS_VehSpdVD flags: 0 vs 16
  - 组 'BCS_2_C'.BCS_VehSpdVD conversion: 'None' vs '<ChannelConversion (name: , unit: , comment: , formula: , referenced blocks: {\'text_0\': b\'Not Valid\', \'text_1\': b\'Valid\', \'default_addr\': b\'\'}, address: 530504, fields: [\'_cache:None\', \'address:530504\', \'block_len:120\', \'comment:\', \'comment_addr:0\', \'conversion_type:7\', \'default_addr:0\', \'flags:0\', \'formula:\', "id:b\'##CC\'", \'inv_conv_addr:0\', \'is_user_defined:False\', \'links_nr:7\', \'max_phy_value:0.0\', \'min_phy_value:0.0\', \'name:\', \'name_addr:0\', \'precision:0\', \'ref_param_nr:3\', "referenced_blocks:{\'text_0\': b\'Not Valid\', \'text_1\': b\'Valid\', \'default_addr\': b\'\'}", \'reserved0:0\', \'text_0:530432\', \'text_1:530472\', \'unit:\', \'unit_addr:0\', \'val_0:0.0\', \'val_1:1.0\', \'val_param_nr:2\'])>'
  - 组 'BCS_2_C'.BCS_EBDActiveSt data_type: 7 vs 0
  - 组 'BCS_2_C'.BCS_EBDActiveSt bit_count: 64 vs 1
  - 组 'BCS_2_C'.BCS_EBDActiveSt flags: 0 vs 16
  - 组 'BCS_2_C'.BCS_EBDActiveSt conversion: 'None' vs '<ChannelConversion (name: , unit: , comment: , formula: , referenced blocks: {\'text_0\': b\'Not active\', \'text_1\': b\'Active\', \'default_addr\': b\'\'}, address: 529880, fields: [\'_cache:None\', \'address:529880\', \'block_len:120\', \'comment:\', \'comment_addr:0\', \'conversion_type:7\', \'default_addr:0\', \'flags:0\', \'formula:\', "id:b\'##CC\'", \'inv_conv_addr:0\', \'is_user_defined:False\', \'links_nr:7\', \'max_phy_value:0.0\', \'min_phy_value:0.0\', \'name:\', \'name_addr:0\', \'precision:0\', \'ref_param_nr:3\', "referenced_blocks:{\'text_0\': b\'Not active\', \'text_1\': b\'Active\', \'default_addr\': b\'\'}", \'reserved0:0\', \'text_0:529808\', \'text_1:529848\', \'unit:\', \'unit_addr:0\', \'val_0:0.0\', \'val_1:1.0\', \'val_param_nr:2\'])>'
  - 组 'BCS_2_C'.BCS_EBDFaultSt data_type: 7 vs 0
  - 组 'BCS_2_C'.BCS_EBDFaultSt bit_count: 64 vs 1
  - 组 'BCS_2_C'.BCS_EBDFaultSt flags: 0 vs 16
  - 组 'BCS_2_C'.BCS_EBDFaultSt conversion: 'None' vs '<ChannelConversion (name: , unit: , comment: , formula: , referenced blocks: {\'text_0\': b\'Not fault\', \'text_1\': b\'Fault\', \'default_addr\': b\'\'}, address: 535336, fields: [\'_cache:None\', \'address:535336\', \'block_len:120\', \'comment:\', \'comment_addr:0\', \'conversion_type:7\', \'default_addr:0\', \'flags:0\', \'formula:\', "id:b\'##CC\'", \'inv_conv_addr:0\', \'is_user_defined:False\', \'links_nr:7\', \'max_phy_value:0.0\', \'min_phy_value:0.0\', \'name:\', \'name_addr:0\', \'precision:0\', \'ref_param_nr:3\', "referenced_blocks:{\'text_0\': b\'Not fault\', \'text_1\': b\'Fault\', \'default_addr\': b\'\'}", \'reserved0:0\', \'text_0:535264\', \'text_1:535304\', \'unit:\', \'unit_addr:0\', \'val_0:0.0\', \'val_1:1.0\', \'val_param_nr:2\'])>'
  - 组 'BCS_2_C'.BCS_ABSActiveSt data_type: 7 vs 0
  - 组 'BCS_2_C'.BCS_ABSActiveSt bit_count: 64 vs 1
  - 组 'BCS_2_C'.BCS_ABSActiveSt flags: 0 vs 16
  - 组 'BCS_2_C'.BCS_ABSActiveSt conversion: 'None' vs '<ChannelConversion (name: , unit: , comment: , formula: , referenced blocks: {\'text_0\': b\'Not active\', \'text_1\': b\'Active\', \'default_addr\': b\'\'}, address: 534720, fields: [\'_cache:None\', \'address:534720\', \'block_len:120\', \'comment:\', \'comment_addr:0\', \'conversion_type:7\', \'default_addr:0\', \'flags:0\', \'formula:\', "id:b\'##CC\'", \'inv_conv_addr:0\', \'is_user_defined:False\', \'links_nr:7\', \'max_phy_value:0.0\', \'min_phy_value:0.0\', \'name:\', \'name_addr:0\', \'precision:0\', \'ref_param_nr:3\', "referenced_blocks:{\'text_0\': b\'Not active\', \'text_1\': b\'Active\', \'default_addr\': b\'\'}", \'reserved0:0\', \'text_0:534648\', \'text_1:534688\', \'unit:\', \'unit_addr:0\', \'val_0:0.0\', \'val_1:1.0\', \'val_param_nr:2\'])>'
  - 组 'BCS_2_C'.BCS_ABSFaultSt data_type: 7 vs 0
  - 组 'BCS_2_C'.BCS_ABSFaultSt bit_count: 64 vs 1
  - 组 'BCS_2_C'.BCS_ABSFaultSt flags: 0 vs 16
  - 组 'BCS_2_C'.BCS_ABSFaultSt conversion: 'None' vs '<ChannelConversion (name: , unit: , comment: , formula: , referenced blocks: {\'text_0\': b\'Not fault\', \'text_1\': b\'Fault\', \'default_addr\': b\'\'}, address: 534064, fields: [\'_cache:None\', \'address:534064\', \'block_len:120\', \'comment:\', \'comment_addr:0\', \'conversion_type:7\', \'default_addr:0\', \'flags:0\', \'formula:\', "id:b\'##CC\'", \'inv_conv_addr:0\', \'is_user_defined:False\', \'links_nr:7\', \'max_phy_value:0.0\', \'min_phy_value:0.0\', \'name:\', \'name_addr:0\', \'precision:0\', \'ref_param_nr:3\', "referenced_blocks:{\'text_0\': b\'Not fault\', \'text_1\': b\'Fault\', \'default_addr\': b\'\'}", \'reserved0:0\', \'text_0:533992\', \'text_1:534032\', \'unit:\', \'unit_addr:0\', \'val_0:0.0\', \'val_1:1.0\', \'val_param_nr:2\'])>'
  - 组 'BCS_2_C'.BCS_TCSActiveSt data_type: 7 vs 0
  - 组 'BCS_2_C'.BCS_TCSActiveSt bit_count: 64 vs 1
  - 组 'BCS_2_C'.BCS_TCSActiveSt flags: 0 vs 16
  - 组 'BCS_2_C'.BCS_TCSActiveSt conversion: 'None' vs '<ChannelConversion (name: , unit: , comment: , formula: , referenced blocks: {\'text_0\': b\'Not active\', \'text_1\': b\'Active\', \'default_addr\': b\'\'}, address: 533440, fields: [\'_cache:None\', \'address:533440\', \'block_len:120\', \'comment:\', \'comment_addr:0\', \'conversion_type:7\', \'default_addr:0\', \'flags:0\', \'formula:\', "id:b\'##CC\'", \'inv_conv_addr:0\', \'is_user_defined:False\', \'links_nr:7\', \'max_phy_value:0.0\', \'min_phy_value:0.0\', \'name:\', \'name_addr:0\', \'precision:0\', \'ref_param_nr:3\', "referenced_blocks:{\'text_0\': b\'Not active\', \'text_1\': b\'Active\', \'default_addr\': b\'\'}", \'reserved0:0\', \'text_0:533368\', \'text_1:533408\', \'unit:\', \'unit_addr:0\', \'val_0:0.0\', \'val_1:1.0\', \'val_param_nr:2\'])>'
  - 组 'BCS_2_C'.BCS_TCSFaultSt data_type: 7 vs 0
  - 组 'BCS_2_C'.BCS_TCSFaultSt bit_count: 64 vs 1
  - 组 'BCS_2_C'.BCS_TCSFaultSt flags: 0 vs 16
  - 组 'BCS_2_C'.BCS_TCSFaultSt conversion: 'None' vs '<ChannelConversion (name: , unit: , comment: , formula: , referenced blocks: {\'text_0\': b\'Not fault\', \'text_1\': b\'Fault\', \'default_addr\': b\'\'}, address: 532848, fields: [\'_cache:None\', \'address:532848\', \'block_len:120\', \'comment:\', \'comment_addr:0\', \'conversion_type:7\', \'default_addr:0\', \'flags:0\', \'formula:\', "id:b\'##CC\'", \'inv_conv_addr:0\', \'is_user_defined:False\', \'links_nr:7\', \'max_phy_value:0.0\', \'min_phy_value:0.0\', \'name:\', \'name_addr:0\', \'precision:0\', \'ref_param_nr:3\', "referenced_blocks:{\'text_0\': b\'Not fault\', \'text_1\': b\'Fault\', \'default_addr\': b\'\'}", \'reserved0:0\', \'text_0:532776\', \'text_1:532816\', \'unit:\', \'unit_addr:0\', \'val_0:0.0\', \'val_1:1.0\', \'val_param_nr:2\'])>'
  - 组 'BCS_2_C'.BCS_VDCActiveSt data_type: 7 vs 0
  - 组 'BCS_2_C'.BCS_VDCActiveSt bit_count: 64 vs 1
  - 组 'BCS_2_C'.BCS_VDCActiveSt flags: 0 vs 16
  - 组 'BCS_2_C'.BCS_VDCActiveSt conversion: 'None' vs '<ChannelConversion (name: , unit: , comment: , formula: , referenced blocks: {\'text_0\': b\'Not active\', \'text_1\': b\'Active\', \'default_addr\': b\'\'}, address: 532184, fields: [\'_cache:None\', \'address:532184\', \'block_len:120\', \'comment:\', \'comment_addr:0\', \'conversion_type:7\', \'default_addr:0\', \'flags:0\', \'formula:\', "id:b\'##CC\'", \'inv_conv_addr:0\', \'is_user_defined:False\', \'links_nr:7\', \'max_phy_value:0.0\', \'min_phy_value:0.0\', \'name:\', \'name_addr:0\', \'precision:0\', \'ref_param_nr:3\', "referenced_blocks:{\'text_0\': b\'Not active\', \'text_1\': b\'Active\', \'default_addr\': b\'\'}", \'reserved0:0\', \'text_0:532112\', \'text_1:532152\', \'unit:\', \'unit_addr:0\', \'val_0:0.0\', \'val_1:1.0\', \'val_param_nr:2\'])>'
  - 组 'BCS_2_C'.BCS_VDCFaultSt data_type: 7 vs 0
  - 组 'BCS_2_C'.BCS_VDCFaultSt bit_count: 64 vs 1
  - 组 'BCS_2_C'.BCS_VDCFaultSt flags: 0 vs 16
  - 组 'BCS_2_C'.BCS_VDCFaultSt conversion: 'None' vs '<ChannelConversion (name: , unit: , comment: , formula: , referenced blocks: {\'text_0\': b\'Not fault\', \'text_1\': b\'Fault\', \'default_addr\': b\'\'}, address: 531592, fields: [\'_cache:None\', \'address:531592\', \'block_len:120\', \'comment:\', \'comment_addr:0\', \'conversion_type:7\', \'default_addr:0\', \'flags:0\', \'formula:\', "id:b\'##CC\'", \'inv_conv_addr:0\', \'is_user_defined:False\', \'links_nr:7\', \'max_phy_value:0.0\', \'min_phy_value:0.0\', \'name:\', \'name_addr:0\', \'precision:0\', \'ref_param_nr:3\', "referenced_blocks:{\'text_0\': b\'Not fault\', \'text_1\': b\'Fault\', \'default_addr\': b\'\'}", \'reserved0:0\', \'text_0:531520\', \'text_1:531560\', \'unit:\', \'unit_addr:0\', \'val_0:0.0\', \'val_1:1.0\', \'val_param_nr:2\'])>'
  - 组 'BCS_2_C'.BCS_EngTorqDecActiveSt data_type: 7 vs 0
  - 组 'BCS_2_C'.BCS_EngTorqDecActiveSt bit_count: 64 vs 1
  - 组 'BCS_2_C'.BCS_EngTorqDecActiveSt flags: 0 vs 16
  - 组 'BCS_2_C'.BCS_EngTorqDecActiveSt conversion: 'None' vs '<ChannelConversion (name: , unit: , comment: , formula: , referenced blocks: {\'text_0\': b\'Not active\', \'text_1\': b\'Active\', \'default_addr\': b\'\'}, address: 539120, fields: [\'_cache:None\', \'address:539120\', \'block_len:120\', \'comment:\', \'comment_addr:0\', \'conversion_type:7\', \'default_addr:0\', \'flags:0\', \'formula:\', "id:b\'##CC\'", \'inv_conv_addr:0\', \'is_user_defined:False\', \'links_nr:7\', \'max_phy_value:0.0\', \'min_phy_value:0.0\', \'name:\', \'name_addr:0\', \'precision:0\', \'ref_param_nr:3\', "referenced_blocks:{\'text_0\': b\'Not active\', \'text_1\': b\'Active\', \'default_addr\': b\'\'}", \'reserved0:0\', \'text_0:539048\', \'text_1:539088\', \'unit:\', \'unit_addr:0\', \'val_0:0.0\', \'val_1:1.0\', \'val_param_nr:2\'])>'
  - 组 'BCS_2_C'.BCS_ESPShiftInterference data_type: 7 vs 0
  - 组 'BCS_2_C'.BCS_ESPShiftInterference bit_count: 64 vs 1
  - 组 'BCS_2_C'.BCS_ESPShiftInterference flags: 0 vs 16
  - 组 'BCS_2_C'.BCS_ESPShiftInterference conversion: 'None' vs '<ChannelConversion (name: , unit: , comment: , formula: , referenced blocks: {\'text_0\': b\'Not active\', \'text_1\': b\'Active\', \'default_addr\': b\'\'}, address: 538488, fields: [\'_cache:None\', \'address:538488\', \'block_len:120\', \'comment:\', \'comment_addr:0\', \'conversion_type:7\', \'default_addr:0\', \'flags:0\', \'formula:\', "id:b\'##CC\'", \'inv_conv_addr:0\', \'is_user_defined:False\', \'links_nr:7\', \'max_phy_value:0.0\', \'min_phy_value:0.0\', \'name:\', \'name_addr:0\', \'precision:0\', \'ref_param_nr:3\', "referenced_blocks:{\'text_0\': b\'Not active\', \'text_1\': b\'Active\', \'default_addr\': b\'\'}", \'reserved0:0\', \'text_0:538416\', \'text_1:538456\', \'unit:\', \'unit_addr:0\', \'val_0:0.0\', \'val_1:1.0\', \'val_param_nr:2\'])>'
  - 组 'BCS_2_C'.BCS_EngTorqIncActiveSt data_type: 7 vs 0
  - 组 'BCS_2_C'.BCS_EngTorqIncActiveSt bit_count: 64 vs 1
  - 组 'BCS_2_C'.BCS_EngTorqIncActiveSt flags: 0 vs 16
  - 组 'BCS_2_C'.BCS_EngTorqIncActiveSt conversion: 'None' vs '<ChannelConversion (name: , unit: , comment: , formula: , referenced blocks: {\'text_0\': b\'Not active\', \'text_1\': b\'Active\', \'default_addr\': b\'\'}, address: 537896, fields: [\'_cache:None\', \'address:537896\', \'block_len:120\', \'comment:\', \'comment_addr:0\', \'conversion_type:7\', \'default_addr:0\', \'flags:0\', \'formula:\', "id:b\'##CC\'", \'inv_conv_addr:0\', \'is_user_defined:False\', \'links_nr:7\', \'max_phy_value:0.0\', \'min_phy_value:0.0\', \'name:\', \'name_addr:0\', \'precision:0\', \'ref_param_nr:3\', "referenced_blocks:{\'text_0\': b\'Not active\', \'text_1\': b\'Active\', \'default_addr\': b\'\'}", \'reserved0:0\', \'text_0:537824\', \'text_1:537864\', \'unit:\', \'unit_addr:0\', \'val_0:0.0\', \'val_1:1.0\', \'val_param_nr:2\'])>'
  - 组 'BCS_2_C'.BCS_ESPShiftInterferenceVD data_type: 7 vs 0
  - 组 'BCS_2_C'.BCS_ESPShiftInterferenceVD bit_count: 64 vs 1
  - 组 'BCS_2_C'.BCS_ESPShiftInterferenceVD flags: 0 vs 16
  - 组 'BCS_2_C'.BCS_ESPShiftInterferenceVD conversion: 'None' vs '<ChannelConversion (name: , unit: , comment: , formula: , referenced blocks: {\'text_0\': b\'Not valid\', \'text_1\': b\'Valid\', \'default_addr\': b\'\'}, address: 537288, fields: [\'_cache:None\', \'address:537288\', \'block_len:120\', \'comment:\', \'comment_addr:0\', \'conversion_type:7\', \'default_addr:0\', \'flags:0\', \'formula:\', "id:b\'##CC\'", \'inv_conv_addr:0\', \'is_user_defined:False\', \'links_nr:7\', \'max_phy_value:0.0\', \'min_phy_value:0.0\', \'name:\', \'name_addr:0\', \'precision:0\', \'ref_param_nr:3\', "referenced_blocks:{\'text_0\': b\'Not valid\', \'text_1\': b\'Valid\', \'default_addr\': b\'\'}", \'reserved0:0\', \'text_0:537216\', \'text_1:537256\', \'unit:\', \'unit_addr:0\', \'val_0:0.0\', \'val_1:1.0\', \'val_param_nr:2\'])>'
  - 组 'BCS_2_C'.BCS_RecpTorqCtrlSt data_type: 7 vs 0
  - 组 'BCS_2_C'.BCS_RecpTorqCtrlSt bit_count: 64 vs 1
  - 组 'BCS_2_C'.BCS_RecpTorqCtrlSt flags: 0 vs 16
  - 组 'BCS_2_C'.BCS_RecpTorqCtrlSt conversion: 'None' vs '<ChannelConversion (name: , unit: , comment: , formula: , referenced blocks: {\'text_0\': b\'Not control\', \'text_1\': b\'Control\', \'default_addr\': b\'\'}, address: 536680, fields: [\'_cache:None\', \'address:536680\', \'block_len:120\', \'comment:\', \'comment_addr:0\', \'conversion_type:7\', \'default_addr:0\', \'flags:0\', \'formula:\', "id:b\'##CC\'", \'inv_conv_addr:0\', \'is_user_defined:False\', \'links_nr:7\', \'max_phy_value:0.0\', \'min_phy_value:0.0\', \'name:\', \'name_addr:0\', \'precision:0\', \'ref_param_nr:3\', "referenced_blocks:{\'text_0\': b\'Not control\', \'text_1\': b\'Control\', \'default_addr\': b\'\'}", \'reserved0:0\', \'text_0:536608\', \'text_1:536648\', \'unit:\', \'unit_addr:0\', \'val_0:0.0\', \'val_1:1.0\', \'val_param_nr:2\'])>'
  - 组 'BCS_2_C'.BCS_RegenModulationAvailable data_type: 7 vs 0
  - 组 'BCS_2_C'.BCS_RegenModulationAvailable bit_count: 64 vs 1
  - 组 'BCS_2_C'.BCS_RegenModulationAvailable flags: 0 vs 16
  - 组 'BCS_2_C'.BCS_RegenModulationAvailable conversion: 'None' vs '<ChannelConversion (name: , unit: , comment: , formula: , referenced blocks: {\'text_0\': b\'Not available\', \'text_1\': b\'Available\', \'default_addr\': b\'\'}, address: 536032, fields: [\'_cache:None\', \'address:536032\', \'block_len:120\', \'comment:\', \'comment_addr:0\', \'conversion_type:7\', \'default_addr:0\', \'flags:0\', \'formula:\', "id:b\'##CC\'", \'inv_conv_addr:0\', \'is_user_defined:False\', \'links_nr:7\', \'max_phy_value:0.0\', \'min_phy_value:0.0\', \'name:\', \'name_addr:0\', \'precision:0\', \'ref_param_nr:3\', "referenced_blocks:{\'text_0\': b\'Not available\', \'text_1\': b\'Available\', \'default_addr\': b\'\'}", \'reserved0:0\', \'text_0:535952\', \'text_1:535992\', \'unit:\', \'unit_addr:0\', \'val_0:0.0\', \'val_1:1.0\', \'val_param_nr:2\'])>'
  - 组 'BCS_2_C'.BCS_RegenModuleActive data_type: 7 vs 0
  - 组 'BCS_2_C'.BCS_RegenModuleActive bit_count: 64 vs 1
  - 组 'BCS_2_C'.BCS_RegenModuleActive flags: 0 vs 16
  - 组 'BCS_2_C'.BCS_RegenModuleActive conversion: 'None' vs '<ChannelConversion (name: , unit: , comment: , formula: , referenced blocks: {\'text_0\': b\'Not Active\', \'text_1\': b\'Active\', \'default_addr\': b\'\'}, address: 540360, fields: [\'_cache:None\', \'address:540360\', \'block_len:120\', \'comment:\', \'comment_addr:0\', \'conversion_type:7\', \'default_addr:0\', \'flags:0\', \'formula:\', "id:b\'##CC\'", \'inv_conv_addr:0\', \'is_user_defined:False\', \'links_nr:7\', \'max_phy_value:0.0\', \'min_phy_value:0.0\', \'name:\', \'name_addr:0\', \'precision:0\', \'ref_param_nr:3\', "referenced_blocks:{\'text_0\': b\'Not Active\', \'text_1\': b\'Active\', \'default_addr\': b\'\'}", \'reserved0:0\', \'text_0:540288\', \'text_1:540328\', \'unit:\', \'unit_addr:0\', \'val_0:0.0\', \'val_1:1.0\', \'val_param_nr:2\'])>'
  - 组 'BCS_2_C'.BCS_FullBattBrkActive data_type: 7 vs 0
  - 组 'BCS_2_C'.BCS_FullBattBrkActive bit_count: 64 vs 1
  - 组 'BCS_2_C'.BCS_FullBattBrkActive flags: 0 vs 16
  - 组 'BCS_2_C'.BCS_FullBattBrkActive conversion: 'None' vs '<ChannelConversion (name: , unit: , comment: , formula: , referenced blocks: {\'text_0\': b\'Not Active\', \'text_1\': b\'Active\', \'default_addr\': b\'\'}, address: 539728, fields: [\'_cache:None\', \'address:539728\', \'block_len:120\', \'comment:\', \'comment_addr:0\', \'conversion_type:7\', \'default_addr:0\', \'flags:0\', \'formula:\', "id:b\'##CC\'", \'inv_conv_addr:0\', \'is_user_defined:False\', \'links_nr:7\', \'max_phy_value:0.0\', \'min_phy_value:0.0\', \'name:\', \'name_addr:0\', \'precision:0\', \'ref_param_nr:3\', "referenced_blocks:{\'text_0\': b\'Not Active\', \'text_1\': b\'Active\', \'default_addr\': b\'\'}", \'reserved0:0\', \'text_0:539656\', \'text_1:539696\', \'unit:\', \'unit_addr:0\', \'val_0:0.0\', \'val_1:1.0\', \'val_param_nr:2\'])>'
  - 组 'BCS_2_C'.BCS_RealTCSActiveSt data_type: 7 vs 0
  - 组 'BCS_2_C'.BCS_RealTCSActiveSt bit_count: 64 vs 1
  - 组 'BCS_2_C'.BCS_RealTCSActiveSt flags: 0 vs 16
  - 组 'BCS_2_C'.BCS_RealTCSActiveSt conversion: 'None' vs '<ChannelConversion (name: , unit: , comment: , formula: , referenced blocks: {\'text_0\': b\'Not active\', \'text_1\': b\'Active\', \'default_addr\': b\'\'}, address: 541552, fields: [\'_cache:None\', \'address:541552\', \'block_len:120\', \'comment:\', \'comment_addr:0\', \'conversion_type:7\', \'default_addr:0\', \'flags:0\', \'formula:\', "id:b\'##CC\'", \'inv_conv_addr:0\', \'is_user_defined:False\', \'links_nr:7\', \'max_phy_value:0.0\', \'min_phy_value:0.0\', \'name:\', \'name_addr:0\', \'precision:0\', \'ref_param_nr:3\', "referenced_blocks:{\'text_0\': b\'Not active\', \'text_1\': b\'Active\', \'default_addr\': b\'\'}", \'reserved0:0\', \'text_0:541480\', \'text_1:541520\', \'unit:\', \'unit_addr:0\', \'val_0:0.0\', \'val_1:1.0\', \'val_param_nr:2\'])>'
  - 组 'BCS_2_C'.BCS_DTCSOn data_type: 7 vs 0
  - 组 'BCS_2_C'.BCS_DTCSOn bit_count: 64 vs 1
  - 组 'BCS_2_C'.BCS_DTCSOn flags: 0 vs 16
  - 组 'BCS_2_C'.BCS_DTCSOn conversion: 'None' vs '<ChannelConversion (name: , unit: , comment: , formula: , referenced blocks: {\'text_0\': b\'Off\', \'text_1\': b\'On\', \'default_addr\': b\'\'}, address: 540984, fields: [\'_cache:None\', \'address:540984\', \'block_len:120\', \'comment:\', \'comment_addr:0\', \'conversion_type:7\', \'default_addr:0\', \'flags:0\', \'formula:\', "id:b\'##CC\'", \'inv_conv_addr:0\', \'is_user_defined:False\', \'links_nr:7\', \'max_phy_value:0.0\', \'min_phy_value:0.0\', \'name:\', \'name_addr:0\', \'precision:0\', \'ref_param_nr:3\', "referenced_blocks:{\'text_0\': b\'Off\', \'text_1\': b\'On\', \'default_addr\': b\'\'}", \'reserved0:0\', \'text_0:540920\', \'text_1:540952\', \'unit:\', \'unit_addr:0\', \'val_0:0.0\', \'val_1:1.0\', \'val_param_nr:2\'])>'
  - 组 'BCS_2_C'.BCS_TargetRecpTorqRq data_type: 4 vs 0
  - 组 'BCS_2_C'.BCS_TargetRecpTorqRq bit_count: 64 vs 14
  - 组 'BCS_2_C'.BCS_TargetRecpTorqRq flags: 0 vs 16
  - 组 'BCS_2_C'.BCS_TargetRecpTorqRq conversion: 'None' vs '<ChannelConversion (name: , unit: Nm, comment: , formula: , referenced blocks: {}, address: 542144, fields: [\'_cache:None\', \'a:1.0\', \'address:542144\', \'b:-6000.0\', \'block_len:96\', \'comment:\', \'comment_addr:0\', \'conversion_type:1\', \'flags:0\', \'formula:\', "id:b\'##CC\'", \'inv_conv_addr:0\', \'is_user_defined:False\', \'links_nr:4\', \'max_phy_value:0.0\', \'min_phy_value:0.0\', \'name:\', \'name_addr:0\', \'precision:0\', \'ref_param_nr:0\', \'referenced_blocks:{}\', \'reserved0:0\', \'unit:Nm\', \'unit_addr:542112\', \'val_param_nr:2\'])>'
  - 组 'BCS_2_C'.BCS_TargetRecpTorqRqSt data_type: 7 vs 0
  - 组 'BCS_2_C'.BCS_TargetRecpTorqRqSt bit_count: 64 vs 2
  - 组 'BCS_2_C'.BCS_TargetRecpTorqRqSt flags: 0 vs 16
  - 组 'BCS_2_C'.BCS_TargetRecpTorqRqSt conversion: 'None' vs '<ChannelConversion (name: , unit: , comment: , formula: , referenced blocks: {\'text_0\': b\'NotIntialized\', \'text_1\': b\'Normal\', \'text_2\': b\'Faulty\', \'default_addr\': b\'\'}, address: 546552, fields: [\'_cache:None\', \'address:546552\', \'block_len:136\', \'comment:\', \'comment_addr:0\', \'conversion_type:7\', \'default_addr:0\', \'flags:0\', \'formula:\', "id:b\'##CC\'", \'inv_conv_addr:0\', \'is_user_defined:False\', \'links_nr:8\', \'max_phy_value:0.0\', \'min_phy_value:0.0\', \'name:\', \'name_addr:0\', \'precision:0\', \'ref_param_nr:4\', "referenced_blocks:{\'text_0\': b\'NotIntialized\', \'text_1\': b\'Normal\', \'text_2\': b\'Faulty\', \'default_addr\': b\'\'}", \'reserved0:0\', \'text_0:546448\', \'text_1:546488\', \'text_2:546520\', \'unit:\', \'unit_addr:0\', \'val_0:0.0\', \'val_1:1.0\', \'val_2:2.0\', \'val_param_nr:3\'])>'
  - 组 'BCS_2_C'.BCS_APATorqReqSt data_type: 7 vs 0
  - 组 'BCS_2_C'.BCS_APATorqReqSt bit_count: 64 vs 1
  - 组 'BCS_2_C'.BCS_APATorqReqSt flags: 0 vs 16
  - 组 'BCS_2_C'.BCS_APATorqReqSt conversion: 'None' vs '<ChannelConversion (name: , unit: , comment: , formula: , referenced blocks: {\'text_0\': b\'False\', \'text_1\': b\'True\', \'default_addr\': b\'\'}, address: 545944, fields: [\'_cache:None\', \'address:545944\', \'block_len:120\', \'comment:\', \'comment_addr:0\', \'conversion_type:7\', \'default_addr:0\', \'flags:0\', \'formula:\', "id:b\'##CC\'", \'inv_conv_addr:0\', \'is_user_defined:False\', \'links_nr:7\', \'max_phy_value:0.0\', \'min_phy_value:0.0\', \'name:\', \'name_addr:0\', \'precision:0\', \'ref_param_nr:3\', "referenced_blocks:{\'text_0\': b\'False\', \'text_1\': b\'True\', \'default_addr\': b\'\'}", \'reserved0:0\', \'text_0:545880\', \'text_1:545912\', \'unit:\', \'unit_addr:0\', \'val_0:0.0\', \'val_1:1.0\', \'val_param_nr:2\'])>'
  - 组 'BCS_2_C'.BCS_VCUReqConDecActiveVehhold data_type: 7 vs 0
  - 组 'BCS_2_C'.BCS_VCUReqConDecActiveVehhold bit_count: 64 vs 1
  - 组 'BCS_2_C'.BCS_VCUReqConDecActiveVehhold flags: 0 vs 16
  - 组 'BCS_2_C'.BCS_VCUReqConDecActiveVehhold conversion: 'None' vs '<ChannelConversion (name: , unit: , comment: , formula: , referenced blocks: {\'text_0\': b\'VCUReqConDec not hold vehicle\', \'text_1\': b\'VCUReqConDec hold vehicle\', \'default_addr\': b\'\'}, address: 545288, fields: [\'_cache:None\', \'address:545288\', \'block_len:120\', \'comment:\', \'comment_addr:0\', \'conversion_type:7\', \'default_addr:0\', \'flags:0\', \'formula:\', "id:b\'##CC\'", \'inv_conv_addr:0\', \'is_user_defined:False\', \'links_nr:7\', \'max_phy_value:0.0\', \'min_phy_value:0.0\', \'name:\', \'name_addr:0\', \'precision:0\', \'ref_param_nr:3\', "referenced_blocks:{\'text_0\': b\'VCUReqConDec not hold vehicle\', \'text_1\': b\'VCUReqConDec hold vehicle\', \'default_addr\': b\'\'}", \'reserved0:0\', \'text_0:545176\', \'text_1:545232\', \'unit:\', \'unit_addr:0\', \'val_0:0.0\', \'val_1:1.0\', \'val_param_nr:2\'])>'
  - 组 'BCS_2_C'.BCS_VCUReqConDecActive data_type: 7 vs 0
  - 组 'BCS_2_C'.BCS_VCUReqConDecActive bit_count: 64 vs 1
  - 组 'BCS_2_C'.BCS_VCUReqConDecActive flags: 0 vs 16
  - 组 'BCS_2_C'.BCS_VCUReqConDecActive conversion: 'None' vs '<ChannelConversion (name: , unit: , comment: , formula: , referenced blocks: {\'text_0\': b\'Not active\', \'text_1\': b\'Active\', \'default_addr\': b\'\'}, address: 544616, fields: [\'_cache:None\', \'address:544616\', \'block_len:120\', \'comment:\', \'comment_addr:0\', \'conversion_type:7\', \'default_addr:0\', \'flags:0\', \'formula:\', "id:b\'##CC\'", \'inv_conv_addr:0\', \'is_user_defined:False\', \'links_nr:7\', \'max_phy_value:0.0\', \'min_phy_value:0.0\', \'name:\', \'name_addr:0\', \'precision:0\', \'ref_param_nr:3\', "referenced_blocks:{\'text_0\': b\'Not active\', \'text_1\': b\'Active\', \'default_addr\': b\'\'}", \'reserved0:0\', \'text_0:544544\', \'text_1:544584\', \'unit:\', \'unit_addr:0\', \'val_0:0.0\', \'val_1:1.0\', \'val_param_nr:2\'])>'
  - 组 'BCS_2_C'.BCS_VCUReqConDecAvailable data_type: 7 vs 0
  - 组 'BCS_2_C'.BCS_VCUReqConDecAvailable bit_count: 64 vs 1
  - 组 'BCS_2_C'.BCS_VCUReqConDecAvailable flags: 0 vs 16
  - 组 'BCS_2_C'.BCS_VCUReqConDecAvailable conversion: 'None' vs '<ChannelConversion (name: , unit: , comment: , formula: , referenced blocks: {\'text_0\': b\'Not available\', \'text_1\': b\'Available\', \'default_addr\': b\'\'}, address: 544000, fields: [\'_cache:None\', \'address:544000\', \'block_len:120\', \'comment:\', \'comment_addr:0\', \'conversion_type:7\', \'default_addr:0\', \'flags:0\', \'formula:\', "id:b\'##CC\'", \'inv_conv_addr:0\', \'is_user_defined:False\', \'links_nr:7\', \'max_phy_value:0.0\', \'min_phy_value:0.0\', \'name:\', \'name_addr:0\', \'precision:0\', \'ref_param_nr:3\', "referenced_blocks:{\'text_0\': b\'Not available\', \'text_1\': b\'Available\', \'default_addr\': b\'\'}", \'reserved0:0\', \'text_0:543920\', \'text_1:543960\', \'unit:\', \'unit_addr:0\', \'val_0:0.0\', \'val_1:1.0\', \'val_param_nr:2\'])>'
  - 组 'BCS_2_C'.BCS_CrbsActive data_type: 7 vs 0
  - 组 'BCS_2_C'.BCS_CrbsActive bit_count: 64 vs 1
  - 组 'BCS_2_C'.BCS_CrbsActive flags: 0 vs 16
  - 组 'BCS_2_C'.BCS_CrbsActive conversion: 'None' vs '<ChannelConversion (name: , unit: , comment: , formula: , referenced blocks: {\'text_0\': b\'Not Active\', \'text_1\': b\'Active\', \'default_addr\': b\'\'}, address: 543384, fields: [\'_cache:None\', \'address:543384\', \'block_len:120\', \'comment:\', \'comment_addr:0\', \'conversion_type:7\', \'default_addr:0\', \'flags:0\', \'formula:\', "id:b\'##CC\'", \'inv_conv_addr:0\', \'is_user_defined:False\', \'links_nr:7\', \'max_phy_value:0.0\', \'min_phy_value:0.0\', \'name:\', \'name_addr:0\', \'precision:0\', \'ref_param_nr:3\', "referenced_blocks:{\'text_0\': b\'Not Active\', \'text_1\': b\'Active\', \'default_addr\': b\'\'}", \'reserved0:0\', \'text_0:543312\', \'text_1:543352\', \'unit:\', \'unit_addr:0\', \'val_0:0.0\', \'val_1:1.0\', \'val_param_nr:2\'])>'
  - 组 'BCS_2_C'.BCS_VCUReqConDecFail data_type: 7 vs 0
  - 组 'BCS_2_C'.BCS_VCUReqConDecFail bit_count: 64 vs 1
  - 组 'BCS_2_C'.BCS_VCUReqConDecFail flags: 0 vs 16
  - 组 'BCS_2_C'.BCS_VCUReqConDecFail conversion: 'None' vs '<ChannelConversion (name: , unit: , comment: , formula: , referenced blocks: {\'text_0\': b\'Not failure\', \'text_1\': b\'Failure\', \'default_addr\': b\'\'}, address: 542768, fields: [\'_cache:None\', \'address:542768\', \'block_len:120\', \'comment:\', \'comment_addr:0\', \'conversion_type:7\', \'default_addr:0\', \'flags:0\', \'formula:\', "id:b\'##CC\'", \'inv_conv_addr:0\', \'is_user_defined:False\', \'links_nr:7\', \'max_phy_value:0.0\', \'min_phy_value:0.0\', \'name:\', \'name_addr:0\', \'precision:0\', \'ref_param_nr:3\', "referenced_blocks:{\'text_0\': b\'Not failure\', \'text_1\': b\'Failure\', \'default_addr\': b\'\'}", \'reserved0:0\', \'text_0:542696\', \'text_1:542736\', \'unit:\', \'unit_addr:0\', \'val_0:0.0\', \'val_1:1.0\', \'val_param_nr:2\'])>'
  - 组 'BCS_2_C'.BCS_Tvactive data_type: 7 vs 0
  - 组 'BCS_2_C'.BCS_Tvactive bit_count: 64 vs 1
  - 组 'BCS_2_C'.BCS_Tvactive flags: 0 vs 16
  - 组 'BCS_2_C'.BCS_Tvactive conversion: 'None' vs '<ChannelConversion (name: , unit: , comment: , formula: , referenced blocks: {\'text_0\': b\'Not active\', \'text_1\': b\'Active\', \'default_addr\': b\'\'}, address: 547224, fields: [\'_cache:None\', \'address:547224\', \'block_len:120\', \'comment:\', \'comment_addr:0\', \'conversion_type:7\', \'default_addr:0\', \'flags:0\', \'formula:\', "id:b\'##CC\'", \'inv_conv_addr:0\', \'is_user_defined:False\', \'links_nr:7\', \'max_phy_value:0.0\', \'min_phy_value:0.0\', \'name:\', \'name_addr:0\', \'precision:0\', \'ref_param_nr:3\', "referenced_blocks:{\'text_0\': b\'Not active\', \'text_1\': b\'Active\', \'default_addr\': b\'\'}", \'reserved0:0\', \'text_0:547152\', \'text_1:547192\', \'unit:\', \'unit_addr:0\', \'val_0:0.0\', \'val_1:1.0\', \'val_param_nr:2\'])>'
  - 组 'BCS_2_C'.BCS_EngTorqDecFastFA data_type: 4 vs 0
  - 组 'BCS_2_C'.BCS_EngTorqDecFastFA bit_count: 64 vs 8
  - 组 'BCS_2_C'.BCS_EngTorqDecFastFA flags: 0 vs 16
  - 组 'BCS_2_C'.BCS_EngTorqDecFastFA conversion: 'None' vs '<ChannelConversion (name: , unit: %, comment: , formula: , referenced blocks: {}, address: 547760, fields: [\'_cache:None\', \'a:0.392\', \'address:547760\', \'b:0.0\', \'block_len:96\', \'comment:\', \'comment_addr:0\', \'conversion_type:1\', \'flags:0\', \'formula:\', "id:b\'##CC\'", \'inv_conv_addr:0\', \'is_user_defined:False\', \'links_nr:4\', \'max_phy_value:0.0\', \'min_phy_value:0.0\', \'name:\', \'name_addr:0\', \'precision:0\', \'ref_param_nr:0\', \'referenced_blocks:{}\', \'reserved0:0\', \'unit:%\', \'unit_addr:547728\', \'val_param_nr:2\'])>'
  - 组 'BCS_2_C'.BCS_TargetRecpTorqRqFA data_type: 4 vs 0
  - 组 'BCS_2_C'.BCS_TargetRecpTorqRqFA bit_count: 64 vs 14
  - 组 'BCS_2_C'.BCS_TargetRecpTorqRqFA flags: 0 vs 16
  - 组 'BCS_2_C'.BCS_TargetRecpTorqRqFA conversion: 'None' vs '<ChannelConversion (name: , unit: Nm, comment: , formula: , referenced blocks: {}, address: 548328, fields: [\'_cache:None\', \'a:1.0\', \'address:548328\', \'b:-6000.0\', \'block_len:96\', \'comment:\', \'comment_addr:0\', \'conversion_type:1\', \'flags:0\', \'formula:\', "id:b\'##CC\'", \'inv_conv_addr:0\', \'is_user_defined:False\', \'links_nr:4\', \'max_phy_value:0.0\', \'min_phy_value:0.0\', \'name:\', \'name_addr:0\', \'precision:0\', \'ref_param_nr:0\', \'referenced_blocks:{}\', \'reserved0:0\', \'unit:Nm\', \'unit_addr:548296\', \'val_param_nr:2\'])>'
  - 组 'BCS_2_C'.BCS_TargetRecpTorqRqFASt data_type: 7 vs 0
  - 组 'BCS_2_C'.BCS_TargetRecpTorqRqFASt bit_count: 64 vs 2
  - 组 'BCS_2_C'.BCS_TargetRecpTorqRqFASt flags: 0 vs 16
  - 组 'BCS_2_C'.BCS_TargetRecpTorqRqFASt conversion: 'None' vs '<ChannelConversion (name: , unit: , comment: , formula: , referenced blocks: {\'text_0\': b\'NotIntialized\', \'text_1\': b\'Normal\', \'text_2\': b\'Faulty\', \'default_addr\': b\'\'}, address: 548984, fields: [\'_cache:None\', \'address:548984\', \'block_len:136\', \'comment:\', \'comment_addr:0\', \'conversion_type:7\', \'default_addr:0\', \'flags:0\', \'formula:\', "id:b\'##CC\'", \'inv_conv_addr:0\', \'is_user_defined:False\', \'links_nr:8\', \'max_phy_value:0.0\', \'min_phy_value:0.0\', \'name:\', \'name_addr:0\', \'precision:0\', \'ref_param_nr:4\', "referenced_blocks:{\'text_0\': b\'NotIntialized\', \'text_1\': b\'Normal\', \'text_2\': b\'Faulty\', \'default_addr\': b\'\'}", \'reserved0:0\', \'text_0:548880\', \'text_1:548920\', \'text_2:548952\', \'unit:\', \'unit_addr:0\', \'val_0:0.0\', \'val_1:1.0\', \'val_2:2.0\', \'val_param_nr:3\'])>'
  - 组 'BCS_2_C'.BCS_TargetRecpTorqRqRA data_type: 4 vs 0
  - 组 'BCS_2_C'.BCS_TargetRecpTorqRqRA bit_count: 64 vs 14
  - 组 'BCS_2_C'.BCS_TargetRecpTorqRqRA flags: 0 vs 16
  - 组 'BCS_2_C'.BCS_TargetRecpTorqRqRA conversion: 'None' vs '<ChannelConversion (name: , unit: Nm, comment: , formula: , referenced blocks: {}, address: 549624, fields: [\'_cache:None\', \'a:1.0\', \'address:549624\', \'b:-6000.0\', \'block_len:96\', \'comment:\', \'comment_addr:0\', \'conversion_type:1\', \'flags:0\', \'formula:\', "id:b\'##CC\'", \'inv_conv_addr:0\', \'is_user_defined:False\', \'links_nr:4\', \'max_phy_value:0.0\', \'min_phy_value:0.0\', \'name:\', \'name_addr:0\', \'precision:0\', \'ref_param_nr:0\', \'referenced_blocks:{}\', \'reserved0:0\', \'unit:Nm\', \'unit_addr:549592\', \'val_param_nr:2\'])>'
  - 组 'BCS_2_C'.BCS_TargetRecpTorqRqRASt data_type: 7 vs 0
  - 组 'BCS_2_C'.BCS_TargetRecpTorqRqRASt bit_count: 64 vs 2
  - 组 'BCS_2_C'.BCS_TargetRecpTorqRqRASt flags: 0 vs 16
  - 组 'BCS_2_C'.BCS_TargetRecpTorqRqRASt conversion: 'None' vs '<ChannelConversion (name: , unit: , comment: , formula: , referenced blocks: {\'text_0\': b\'NotIntialized\', \'text_1\': b\'Normal\', \'text_2\': b\'Faulty\', \'default_addr\': b\'\'}, address: 550920, fields: [\'_cache:None\', \'address:550920\', \'block_len:136\', \'comment:\', \'comment_addr:0\', \'conversion_type:7\', \'default_addr:0\', \'flags:0\', \'formula:\', "id:b\'##CC\'", \'inv_conv_addr:0\', \'is_user_defined:False\', \'links_nr:8\', \'max_phy_value:0.0\', \'min_phy_value:0.0\', \'name:\', \'name_addr:0\', \'precision:0\', \'ref_param_nr:4\', "referenced_blocks:{\'text_0\': b\'NotIntialized\', \'text_1\': b\'Normal\', \'text_2\': b\'Faulty\', \'default_addr\': b\'\'}", \'reserved0:0\', \'text_0:550816\', \'text_1:550856\', \'text_2:550888\', \'unit:\', \'unit_addr:0\', \'val_0:0.0\', \'val_1:1.0\', \'val_2:2.0\', \'val_param_nr:3\'])>'
  - 组 'BCS_2_C'.IPB_BrakePedalSt data_type: 7 vs 0
  - 组 'BCS_2_C'.IPB_BrakePedalSt bit_count: 64 vs 2
  - 组 'BCS_2_C'.IPB_BrakePedalSt flags: 0 vs 16
  - 组 'BCS_2_C'.IPB_BrakePedalSt conversion: 'None' vs '<ChannelConversion (name: , unit: , comment: , formula: , referenced blocks: {\'text_0\': b\'Not_Pressed/Init/Default\', \'text_1\': b\'Pressed\', \'text_2\': b\'Error\', \'default_addr\': b\'\'}, address: 550296, fields: [\'_cache:None\', \'address:550296\', \'block_len:136\', \'comment:\', \'comment_addr:0\', \'conversion_type:7\', \'default_addr:0\', \'flags:0\', \'formula:\', "id:b\'##CC\'", \'inv_conv_addr:0\', \'is_user_defined:False\', \'links_nr:8\', \'max_phy_value:0.0\', \'min_phy_value:0.0\', \'name:\', \'name_addr:0\', \'precision:0\', \'ref_param_nr:4\', "referenced_blocks:{\'text_0\': b\'Not_Pressed/Init/Default\', \'text_1\': b\'Pressed\', \'text_2\': b\'Error\', \'default_addr\': b\'\'}", \'reserved0:0\', \'text_0:550176\', \'text_1:550232\', \'text_2:550264\', \'unit:\', \'unit_addr:0\', \'val_0:0.0\', \'val_1:1.0\', \'val_2:3.0\', \'val_param_nr:3\'])>'
  - 组 'BCS_2_C'.BCS_ESP2Park_DrvBrkOverrideFlg data_type: 7 vs 0
  - 组 'BCS_2_C'.BCS_ESP2Park_DrvBrkOverrideFlg bit_count: 64 vs 1
  - 组 'BCS_2_C'.BCS_ESP2Park_DrvBrkOverrideFlg flags: 0 vs 16
  - 组 'BCS_2_C'.BCS_ESP2Park_DrvBrkOverrideFlg conversion: 'None' vs '<ChannelConversion (name: , unit: , comment: , formula: , referenced blocks: {\'text_0\': b\'False\', \'text_1\': b\'True\', \'default_addr\': b\'\'}, address: 552840, fields: [\'_cache:None\', \'address:552840\', \'block_len:120\', \'comment:\', \'comment_addr:0\', \'conversion_type:7\', \'default_addr:0\', \'flags:0\', \'formula:\', "id:b\'##CC\'", \'inv_conv_addr:0\', \'is_user_defined:False\', \'links_nr:7\', \'max_phy_value:0.0\', \'min_phy_value:0.0\', \'name:\', \'name_addr:0\', \'precision:0\', \'ref_param_nr:3\', "referenced_blocks:{\'text_0\': b\'False\', \'text_1\': b\'True\', \'default_addr\': b\'\'}", \'reserved0:0\', \'text_0:552776\', \'text_1:552808\', \'unit:\', \'unit_addr:0\', \'val_0:0.0\', \'val_1:1.0\', \'val_param_nr:2\'])>'
  - 组 'BCS_2_C'.BCS_EngTorqDecActiveStRA data_type: 7 vs 0
  - 组 'BCS_2_C'.BCS_EngTorqDecActiveStRA bit_count: 64 vs 1
  - 组 'BCS_2_C'.BCS_EngTorqDecActiveStRA flags: 0 vs 16
  - 组 'BCS_2_C'.BCS_EngTorqDecActiveStRA conversion: 'None' vs '<ChannelConversion (name: , unit: , comment: , formula: , referenced blocks: {\'text_0\': b\'Not active\', \'text_1\': b\'Active\', \'default_addr\': b\'\'}, address: 552216, fields: [\'_cache:None\', \'address:552216\', \'block_len:120\', \'comment:\', \'comment_addr:0\', \'conversion_type:7\', \'default_addr:0\', \'flags:0\', \'formula:\', "id:b\'##CC\'", \'inv_conv_addr:0\', \'is_user_defined:False\', \'links_nr:7\', \'max_phy_value:0.0\', \'min_phy_value:0.0\', \'name:\', \'name_addr:0\', \'precision:0\', \'ref_param_nr:3\', "referenced_blocks:{\'text_0\': b\'Not active\', \'text_1\': b\'Active\', \'default_addr\': b\'\'}", \'reserved0:0\', \'text_0:552144\', \'text_1:552184\', \'unit:\', \'unit_addr:0\', \'val_0:0.0\', \'val_1:1.0\', \'val_param_nr:2\'])>'
  - 组 'BCS_2_C'.BCS_EngTorqIncActiveStRA data_type: 7 vs 0
  - 组 'BCS_2_C'.BCS_EngTorqIncActiveStRA bit_count: 64 vs 1
  - 组 'BCS_2_C'.BCS_EngTorqIncActiveStRA flags: 0 vs 16
  - 组 'BCS_2_C'.BCS_EngTorqIncActiveStRA conversion: 'None' vs '<ChannelConversion (name: , unit: , comment: , formula: , referenced blocks: {\'text_0\': b\'Not active\', \'text_1\': b\'Active\', \'default_addr\': b\'\'}, address: 551600, fields: [\'_cache:None\', \'address:551600\', \'block_len:120\', \'comment:\', \'comment_addr:0\', \'conversion_type:7\', \'default_addr:0\', \'flags:0\', \'formula:\', "id:b\'##CC\'", \'inv_conv_addr:0\', \'is_user_defined:False\', \'links_nr:7\', \'max_phy_value:0.0\', \'min_phy_value:0.0\', \'name:\', \'name_addr:0\', \'precision:0\', \'ref_param_nr:3\', "referenced_blocks:{\'text_0\': b\'Not active\', \'text_1\': b\'Active\', \'default_addr\': b\'\'}", \'reserved0:0\', \'text_0:551528\', \'text_1:551568\', \'unit:\', \'unit_addr:0\', \'val_0:0.0\', \'val_1:2.0\', \'val_param_nr:2\'])>'
  - 组 'BCS_2_C'.BCS_EngTorqDecFastRA data_type: 4 vs 0
  - 组 'BCS_2_C'.BCS_EngTorqDecFastRA bit_count: 64 vs 8
  - 组 'BCS_2_C'.BCS_EngTorqDecFastRA flags: 0 vs 16
  - 组 'BCS_2_C'.BCS_EngTorqDecFastRA conversion: 'None' vs '<ChannelConversion (name: , unit: %, comment: , formula: , referenced blocks: {}, address: 553408, fields: [\'_cache:None\', \'a:0.392\', \'address:553408\', \'b:0.0\', \'block_len:96\', \'comment:\', \'comment_addr:0\', \'conversion_type:1\', \'flags:0\', \'formula:\', "id:b\'##CC\'", \'inv_conv_addr:0\', \'is_user_defined:False\', \'links_nr:4\', \'max_phy_value:0.0\', \'min_phy_value:0.0\', \'name:\', \'name_addr:0\', \'precision:0\', \'ref_param_nr:0\', \'referenced_blocks:{}\', \'reserved0:0\', \'unit:%\', \'unit_addr:553376\', \'val_param_nr:2\'])>'
  - 组 'BCS_2_C'.BCS_EngTorqIncRA data_type: 4 vs 0
  - 组 'BCS_2_C'.BCS_EngTorqIncRA bit_count: 64 vs 8
  - 组 'BCS_2_C'.BCS_EngTorqIncRA flags: 0 vs 16
  - 组 'BCS_2_C'.BCS_EngTorqIncRA conversion: 'None' vs '<ChannelConversion (name: , unit: %, comment: , formula: , referenced blocks: {}, address: 553992, fields: [\'_cache:None\', \'a:0.392\', \'address:553992\', \'b:0.0\', \'block_len:96\', \'comment:\', \'comment_addr:0\', \'conversion_type:1\', \'flags:0\', \'formula:\', "id:b\'##CC\'", \'inv_conv_addr:0\', \'is_user_defined:False\', \'links_nr:4\', \'max_phy_value:0.0\', \'min_phy_value:0.0\', \'name:\', \'name_addr:0\', \'precision:0\', \'ref_param_nr:0\', \'referenced_blocks:{}\', \'reserved0:0\', \'unit:%\', \'unit_addr:553960\', \'val_param_nr:2\'])>'
  - 组 'BCS_2_C'.BCS_EngTorqDecActiveStFA data_type: 7 vs 0
  - 组 'BCS_2_C'.BCS_EngTorqDecActiveStFA bit_count: 64 vs 1
  - 组 'BCS_2_C'.BCS_EngTorqDecActiveStFA flags: 0 vs 16
  - 组 'BCS_2_C'.BCS_EngTorqDecActiveStFA conversion: 'None' vs '<ChannelConversion (name: , unit: , comment: , formula: , referenced blocks: {\'text_0\': b\'Not active\', \'text_1\': b\'Active\', \'default_addr\': b\'\'}, address: 554608, fields: [\'_cache:None\', \'address:554608\', \'block_len:120\', \'comment:\', \'comment_addr:0\', \'conversion_type:7\', \'default_addr:0\', \'flags:0\', \'formula:\', "id:b\'##CC\'", \'inv_conv_addr:0\', \'is_user_defined:False\', \'links_nr:7\', \'max_phy_value:0.0\', \'min_phy_value:0.0\', \'name:\', \'name_addr:0\', \'precision:0\', \'ref_param_nr:3\', "referenced_blocks:{\'text_0\': b\'Not active\', \'text_1\': b\'Active\', \'default_addr\': b\'\'}", \'reserved0:0\', \'text_0:554536\', \'text_1:554576\', \'unit:\', \'unit_addr:0\', \'val_0:0.0\', \'val_1:1.0\', \'val_param_nr:2\'])>'
  - 组 'BCS_2_C'.BCS_APCMain2BackupReq data_type: 7 vs 0
  - 组 'BCS_2_C'.BCS_APCMain2BackupReq bit_count: 64 vs 1
  - 组 'BCS_2_C'.BCS_APCMain2BackupReq flags: 0 vs 16
  - 组 'BCS_2_C'.BCS_APCMain2BackupReq conversion: 'None' vs '<ChannelConversion (name: , unit: , comment: , formula: , referenced blocks: {\'text_0\': b\'NoReq\', \'text_1\': b\'StopRequest\', \'default_addr\': b\'\'}, address: 555240, fields: [\'_cache:None\', \'address:555240\', \'block_len:120\', \'comment:\', \'comment_addr:0\', \'conversion_type:7\', \'default_addr:0\', \'flags:0\', \'formula:\', "id:b\'##CC\'", \'inv_conv_addr:0\', \'is_user_defined:False\', \'links_nr:7\', \'max_phy_value:0.0\', \'min_phy_value:0.0\', \'name:\', \'name_addr:0\', \'precision:0\', \'ref_param_nr:3\', "referenced_blocks:{\'text_0\': b\'NoReq\', \'text_1\': b\'StopRequest\', \'default_addr\': b\'\'}", \'reserved0:0\', \'text_0:555168\', \'text_1:555200\', \'unit:\', \'unit_addr:0\', \'val_0:0.0\', \'val_1:1.0\', \'val_param_nr:2\'])>'
  - 组 'BCS_2_C'.BCS_TV_Status data_type: 7 vs 0
  - 组 'BCS_2_C'.BCS_TV_Status bit_count: 64 vs 2
  - 组 'BCS_2_C'.BCS_TV_Status flags: 0 vs 16
  - 组 'BCS_2_C'.BCS_TV_Status conversion: 'None' vs '<ChannelConversion (name: , unit: , comment: , formula: , referenced blocks: {\'text_0\': b\'TV is Init\', \'text_1\': b\'TV is OFF\', \'text_2\': b\'TV is ON\', \'text_3\': b\'TV is Failure\', \'default_addr\': b\'\'}, address: 555944, fields: [\'_cache:None\', \'address:555944\', \'block_len:152\', \'comment:\', \'comment_addr:0\', \'conversion_type:7\', \'default_addr:0\', \'flags:0\', \'formula:\', "id:b\'##CC\'", \'inv_conv_addr:0\', \'is_user_defined:False\', \'links_nr:9\', \'max_phy_value:0.0\', \'min_phy_value:0.0\', \'name:\', \'name_addr:0\', \'precision:0\', \'ref_param_nr:5\', "referenced_blocks:{\'text_0\': b\'TV is Init\', \'text_1\': b\'TV is OFF\', \'text_2\': b\'TV is ON\', \'text_3\': b\'TV is Failure\', \'default_addr\': b\'\'}", \'reserved0:0\', \'text_0:555784\', \'text_1:555824\', \'text_2:555864\', \'text_3:555904\', \'unit:\', \'unit_addr:0\', \'val_0:0.0\', \'val_1:1.0\', \'val_2:2.0\', \'val_3:3.0\', \'val_param_nr:4\'])>'
  - 组 'BCS_3_C'.t data_type: 4 vs 0
  - 组 'BCS_3_C'.t conversion: 'None' vs '<ChannelConversion (name: , unit: s, comment: , formula: , referenced blocks: {}, address: 1344, fields: [\'_cache:None\', \'a:1e-09\', \'address:1344\', \'b:0.0\', \'block_len:96\', \'comment:\', \'comment_addr:0\', \'conversion_type:1\', \'flags:0\', \'formula:\', "id:b\'##CC\'", \'inv_conv_addr:0\', \'is_user_defined:False\', \'links_nr:4\', \'max_phy_value:0.0\', \'min_phy_value:0.0\', \'name:\', \'name_addr:0\', \'precision:0\', \'ref_param_nr:0\', \'referenced_blocks:{}\', \'reserved0:0\', \'unit:s\', \'unit_addr:1312\', \'val_param_nr:2\'])>'
  - 组 'BCS_3_C'.BCS_3_CRC flags: 0 vs 16
  - 组 'BCS_3_C'.BCS_3_Counter flags: 0 vs 16
  - 组 'BCS_3_C'.IPB_SimulatorPressure data_type: 4 vs 0
  - 组 'BCS_3_C'.IPB_SimulatorPressure bit_count: 64 vs 12
  - 组 'BCS_3_C'.IPB_SimulatorPressure flags: 0 vs 16
  - 组 'BCS_3_C'.IPB_SimulatorPressure conversion: 'None' vs '<ChannelConversion (name: , unit: bar, comment: , formula: , referenced blocks: {}, address: 600784, fields: [\'_cache:None\', \'a:0.3\', \'address:600784\', \'b:-5.0\', \'block_len:96\', \'comment:\', \'comment_addr:0\', \'conversion_type:1\', \'flags:0\', \'formula:\', "id:b\'##CC\'", \'inv_conv_addr:0\', \'is_user_defined:False\', \'links_nr:4\', \'max_phy_value:0.0\', \'min_phy_value:0.0\', \'name:\', \'name_addr:0\', \'precision:0\', \'ref_param_nr:0\', \'referenced_blocks:{}\', \'reserved0:0\', \'unit:bar\', \'unit_addr:600752\', \'val_param_nr:2\'])>'
  - 组 'BCS_3_C'.IPB_SimulatorPressureSt data_type: 7 vs 0
  - 组 'BCS_3_C'.IPB_SimulatorPressureSt bit_count: 64 vs 1
  - 组 'BCS_3_C'.IPB_SimulatorPressureSt flags: 0 vs 16
  - 组 'BCS_3_C'.IPB_SimulatorPressureSt conversion: 'None' vs '<ChannelConversion (name: , unit: , comment: , formula: , referenced blocks: {\'text_0\': b\'Valid/Init\', \'text_1\': b\'Invalid/Default\', \'default_addr\': b\'\'}, address: 601360, fields: [\'_cache:None\', \'address:601360\', \'block_len:120\', \'comment:\', \'comment_addr:0\', \'conversion_type:7\', \'default_addr:0\', \'flags:0\', \'formula:\', "id:b\'##CC\'", \'inv_conv_addr:0\', \'is_user_defined:False\', \'links_nr:7\', \'max_phy_value:0.0\', \'min_phy_value:0.0\', \'name:\', \'name_addr:0\', \'precision:0\', \'ref_param_nr:3\', "referenced_blocks:{\'text_0\': b\'Valid/Init\', \'text_1\': b\'Invalid/Default\', \'default_addr\': b\'\'}", \'reserved0:0\', \'text_0:601280\', \'text_1:601320\', \'unit:\', \'unit_addr:0\', \'val_0:0.0\', \'val_1:1.0\', \'val_param_nr:2\'])>'
  - 组 'BCS_1_C': 组内信号序不同 ['BCS_1_CRC', 'BCS_1_Counter', 'BCS_FLWheelSpd', 'BCS_FLWheelSpdVD', 'BCS_FLWheelRotatedDirection', 'BCS_FLWheelRotatedDirectionVD', 'BCS_FRWheelSpd', 'BCS_FRWheelSpdVD']... vs ['BCS_1_CRC', 'BCS_1_Counter', 'BCS_FLWheelRotatedDirectionVD', 'BCS_FLWheelRotatedDirection', 'BCS_FLWheelSpdVD', 'BCS_FLWheelSpd', 'BCS_FRWheelRotatedDirectionVD', 'BCS_FRWheelRotatedDirection']...
  - 组 'BCS_1_C'.t data_type: 4 vs 0
  - 组 'BCS_1_C'.t conversion: 'None' vs '<ChannelConversion (name: , unit: s, comment: , formula: , referenced blocks: {}, address: 1344, fields: [\'_cache:None\', \'a:1e-09\', \'address:1344\', \'b:0.0\', \'block_len:96\', \'comment:\', \'comment_addr:0\', \'conversion_type:1\', \'flags:0\', \'formula:\', "id:b\'##CC\'", \'inv_conv_addr:0\', \'is_user_defined:False\', \'links_nr:4\', \'max_phy_value:0.0\', \'min_phy_value:0.0\', \'name:\', \'name_addr:0\', \'precision:0\', \'ref_param_nr:0\', \'referenced_blocks:{}\', \'reserved0:0\', \'unit:s\', \'unit_addr:1312\', \'val_param_nr:2\'])>'
  - 组 'BCS_1_C'.BCS_1_CRC flags: 0 vs 16
  - 组 'BCS_1_C'.BCS_1_Counter flags: 0 vs 16
  - 组 'BCS_1_C'.BCS_FLWheelSpd data_type: 4 vs 0
  - 组 'BCS_1_C'.BCS_FLWheelSpd bit_count: 64 vs 13
  - 组 'BCS_1_C'.BCS_FLWheelSpd flags: 0 vs 16
  - 组 'BCS_1_C'.BCS_FLWheelSpd conversion: 'None' vs '<ChannelConversion (name: , unit: km/h, comment: , formula: , referenced blocks: {}, address: 605216, fields: [\'_cache:None\', \'a:0.05625\', \'address:605216\', \'b:0.0\', \'block_len:96\', \'comment:\', \'comment_addr:0\', \'conversion_type:1\', \'flags:0\', \'formula:\', "id:b\'##CC\'", \'inv_conv_addr:0\', \'is_user_defined:False\', \'links_nr:4\', \'max_phy_value:0.0\', \'min_phy_value:0.0\', \'name:\', \'name_addr:0\', \'precision:0\', \'ref_param_nr:0\', \'referenced_blocks:{}\', \'reserved0:0\', \'unit:km/h\', \'unit_addr:605184\', \'val_param_nr:2\'])>'
  - 组 'BCS_1_C'.BCS_FLWheelSpdVD data_type: 7 vs 0
  - 组 'BCS_1_C'.BCS_FLWheelSpdVD bit_count: 64 vs 1
  - 组 'BCS_1_C'.BCS_FLWheelSpdVD flags: 0 vs 16
  - 组 'BCS_1_C'.BCS_FLWheelSpdVD conversion: 'None' vs '<ChannelConversion (name: , unit: , comment: , formula: , referenced blocks: {\'text_0\': b\'Not valid\', \'text_1\': b\'Valid\', \'default_addr\': b\'\'}, address: 604632, fields: [\'_cache:None\', \'address:604632\', \'block_len:120\', \'comment:\', \'comment_addr:0\', \'conversion_type:7\', \'default_addr:0\', \'flags:0\', \'formula:\', "id:b\'##CC\'", \'inv_conv_addr:0\', \'is_user_defined:False\', \'links_nr:7\', \'max_phy_value:0.0\', \'min_phy_value:0.0\', \'name:\', \'name_addr:0\', \'precision:0\', \'ref_param_nr:3\', "referenced_blocks:{\'text_0\': b\'Not valid\', \'text_1\': b\'Valid\', \'default_addr\': b\'\'}", \'reserved0:0\', \'text_0:604560\', \'text_1:604600\', \'unit:\', \'unit_addr:0\', \'val_0:0.0\', \'val_1:1.0\', \'val_param_nr:2\'])>'
  - 组 'BCS_1_C'.BCS_FLWheelRotatedDirection data_type: 7 vs 0
  - 组 'BCS_1_C'.BCS_FLWheelRotatedDirection bit_count: 64 vs 1
  - 组 'BCS_1_C'.BCS_FLWheelRotatedDirection flags: 0 vs 16
  - 组 'BCS_1_C'.BCS_FLWheelRotatedDirection conversion: 'None' vs '<ChannelConversion (name: , unit: , comment: , formula: , referenced blocks: {\'text_0\': b\'Forward\', \'text_1\': b\'Backward\', \'default_addr\': b\'\'}, address: 604040, fields: [\'_cache:None\', \'address:604040\', \'block_len:120\', \'comment:\', \'comment_addr:0\', \'conversion_type:7\', \'default_addr:0\', \'flags:0\', \'formula:\', "id:b\'##CC\'", \'inv_conv_addr:0\', \'is_user_defined:False\', \'links_nr:7\', \'max_phy_value:0.0\', \'min_phy_value:0.0\', \'name:\', \'name_addr:0\', \'precision:0\', \'ref_param_nr:3\', "referenced_blocks:{\'text_0\': b\'Forward\', \'text_1\': b\'Backward\', \'default_addr\': b\'\'}", \'reserved0:0\', \'text_0:603968\', \'text_1:604000\', \'unit:\', \'unit_addr:0\', \'val_0:0.0\', \'val_1:1.0\', \'val_param_nr:2\'])>'
  - 组 'BCS_1_C'.BCS_FLWheelRotatedDirectionVD data_type: 7 vs 0
  - 组 'BCS_1_C'.BCS_FLWheelRotatedDirectionVD bit_count: 64 vs 1
  - 组 'BCS_1_C'.BCS_FLWheelRotatedDirectionVD flags: 0 vs 16
  - 组 'BCS_1_C'.BCS_FLWheelRotatedDirectionVD conversion: 'None' vs '<ChannelConversion (name: , unit: , comment: , formula: , referenced blocks: {\'text_0\': b\'Not valid\', \'text_1\': b\'Valid\', \'default_addr\': b\'\'}, address: 603440, fields: [\'_cache:None\', \'address:603440\', \'block_len:120\', \'comment:\', \'comment_addr:0\', \'conversion_type:7\', \'default_addr:0\', \'flags:0\', \'formula:\', "id:b\'##CC\'", \'inv_conv_addr:0\', \'is_user_defined:False\', \'links_nr:7\', \'max_phy_value:0.0\', \'min_phy_value:0.0\', \'name:\', \'name_addr:0\', \'precision:0\', \'ref_param_nr:3\', "referenced_blocks:{\'text_0\': b\'Not valid\', \'text_1\': b\'Valid\', \'default_addr\': b\'\'}", \'reserved0:0\', \'text_0:603368\', \'text_1:603408\', \'unit:\', \'unit_addr:0\', \'val_0:0.0\', \'val_1:1.0\', \'val_param_nr:2\'])>'
  - 组 'BCS_1_C'.BCS_FRWheelSpd data_type: 4 vs 0
  - 组 'BCS_1_C'.BCS_FRWheelSpd bit_count: 64 vs 13
  - 组 'BCS_1_C'.BCS_FRWheelSpd flags: 0 vs 16
  - 组 'BCS_1_C'.BCS_FRWheelSpd conversion: 'None' vs '<ChannelConversion (name: , unit: km/h, comment: , formula: , referenced blocks: {}, address: 607560, fields: [\'_cache:None\', \'a:0.05625\', \'address:607560\', \'b:0.0\', \'block_len:96\', \'comment:\', \'comment_addr:0\', \'conversion_type:1\', \'flags:0\', \'formula:\', "id:b\'##CC\'", \'inv_conv_addr:0\', \'is_user_defined:False\', \'links_nr:4\', \'max_phy_value:0.0\', \'min_phy_value:0.0\', \'name:\', \'name_addr:0\', \'precision:0\', \'ref_param_nr:0\', \'referenced_blocks:{}\', \'reserved0:0\', \'unit:km/h\', \'unit_addr:607528\', \'val_param_nr:2\'])>'
  - 组 'BCS_1_C'.BCS_FRWheelSpdVD data_type: 7 vs 0
  - 组 'BCS_1_C'.BCS_FRWheelSpdVD bit_count: 64 vs 1
  - 组 'BCS_1_C'.BCS_FRWheelSpdVD flags: 0 vs 16
  - 组 'BCS_1_C'.BCS_FRWheelSpdVD conversion: 'None' vs '<ChannelConversion (name: , unit: , comment: , formula: , referenced blocks: {\'text_0\': b\'Not valid\', \'text_1\': b\'Valid\', \'default_addr\': b\'\'}, address: 606984, fields: [\'_cache:None\', \'address:606984\', \'block_len:120\', \'comment:\', \'comment_addr:0\', \'conversion_type:7\', \'default_addr:0\', \'flags:0\', \'formula:\', "id:b\'##CC\'", \'inv_conv_addr:0\', \'is_user_defined:False\', \'links_nr:7\', \'max_phy_value:0.0\', \'min_phy_value:0.0\', \'name:\', \'name_addr:0\', \'precision:0\', \'ref_param_nr:3\', "referenced_blocks:{\'text_0\': b\'Not valid\', \'text_1\': b\'Valid\', \'default_addr\': b\'\'}", \'reserved0:0\', \'text_0:606912\', \'text_1:606952\', \'unit:\', \'unit_addr:0\', \'val_0:0.0\', \'val_1:1.0\', \'val_param_nr:2\'])>'
  - 组 'BCS_1_C'.BCS_FRWheelRotatedDirection data_type: 7 vs 0
  - 组 'BCS_1_C'.BCS_FRWheelRotatedDirection bit_count: 64 vs 1
  - 组 'BCS_1_C'.BCS_FRWheelRotatedDirection flags: 0 vs 16
  - 组 'BCS_1_C'.BCS_FRWheelRotatedDirection conversion: 'None' vs '<ChannelConversion (name: , unit: , comment: , formula: , referenced blocks: {\'text_0\': b\'Forward\', \'text_1\': b\'Backward\', \'default_addr\': b\'\'}, address: 606392, fields: [\'_cache:None\', \'address:606392\', \'block_len:120\', \'comment:\', \'comment_addr:0\', \'conversion_type:7\', \'default_addr:0\', \'flags:0\', \'formula:\', "id:b\'##CC\'", \'inv_conv_addr:0\', \'is_user_defined:False\', \'links_nr:7\', \'max_phy_value:0.0\', \'min_phy_value:0.0\', \'name:\', \'name_addr:0\', \'precision:0\', \'ref_param_nr:3\', "referenced_blocks:{\'text_0\': b\'Forward\', \'text_1\': b\'Backward\', \'default_addr\': b\'\'}", \'reserved0:0\', \'text_0:606320\', \'text_1:606352\', \'unit:\', \'unit_addr:0\', \'val_0:0.0\', \'val_1:1.0\', \'val_param_nr:2\'])>'
  - 组 'BCS_1_C'.BCS_FRWheelRotatedDirectionVD data_type: 7 vs 0
  - 组 'BCS_1_C'.BCS_FRWheelRotatedDirectionVD bit_count: 64 vs 1
  - 组 'BCS_1_C'.BCS_FRWheelRotatedDirectionVD flags: 0 vs 16
  - 组 'BCS_1_C'.BCS_FRWheelRotatedDirectionVD conversion: 'None' vs '<ChannelConversion (name: , unit: , comment: , formula: , referenced blocks: {\'text_0\': b\'Not valid\', \'text_1\': b\'Valid\', \'default_addr\': b\'\'}, address: 605792, fields: [\'_cache:None\', \'address:605792\', \'block_len:120\', \'comment:\', \'comment_addr:0\', \'conversion_type:7\', \'default_addr:0\', \'flags:0\', \'formula:\', "id:b\'##CC\'", \'inv_conv_addr:0\', \'is_user_defined:False\', \'links_nr:7\', \'max_phy_value:0.0\', \'min_phy_value:0.0\', \'name:\', \'name_addr:0\', \'precision:0\', \'ref_param_nr:3\', "referenced_blocks:{\'text_0\': b\'Not valid\', \'text_1\': b\'Valid\', \'default_addr\': b\'\'}", \'reserved0:0\', \'text_0:605720\', \'text_1:605760\', \'unit:\', \'unit_addr:0\', \'val_0:0.0\', \'val_1:1.0\', \'val_param_nr:2\'])>'
  - 组 'BCS_1_C'.BCS_RLWheelSpd data_type: 4 vs 0
  - 组 'BCS_1_C'.BCS_RLWheelSpd bit_count: 64 vs 13
  - 组 'BCS_1_C'.BCS_RLWheelSpd flags: 0 vs 16
  - 组 'BCS_1_C'.BCS_RLWheelSpd conversion: 'None' vs '<ChannelConversion (name: , unit: km/h, comment: , formula: , referenced blocks: {}, address: 609896, fields: [\'_cache:None\', \'a:0.05625\', \'address:609896\', \'b:0.0\', \'block_len:96\', \'comment:\', \'comment_addr:0\', \'conversion_type:1\', \'flags:0\', \'formula:\', "id:b\'##CC\'", \'inv_conv_addr:0\', \'is_user_defined:False\', \'links_nr:4\', \'max_phy_value:0.0\', \'min_phy_value:0.0\', \'name:\', \'name_addr:0\', \'precision:0\', \'ref_param_nr:0\', \'referenced_blocks:{}\', \'reserved0:0\', \'unit:km/h\', \'unit_addr:609864\', \'val_param_nr:2\'])>'
  - 组 'BCS_1_C'.BCS_RLWheelSpdVD data_type: 7 vs 0
  - 组 'BCS_1_C'.BCS_RLWheelSpdVD bit_count: 64 vs 1
  - 组 'BCS_1_C'.BCS_RLWheelSpdVD flags: 0 vs 16
  - 组 'BCS_1_C'.BCS_RLWheelSpdVD conversion: 'None' vs '<ChannelConversion (name: , unit: , comment: , formula: , referenced blocks: {\'text_0\': b\'Not valid\', \'text_1\': b\'Valid\', \'default_addr\': b\'\'}, address: 609320, fields: [\'_cache:None\', \'address:609320\', \'block_len:120\', \'comment:\', \'comment_addr:0\', \'conversion_type:7\', \'default_addr:0\', \'flags:0\', \'formula:\', "id:b\'##CC\'", \'inv_conv_addr:0\', \'is_user_defined:False\', \'links_nr:7\', \'max_phy_value:0.0\', \'min_phy_value:0.0\', \'name:\', \'name_addr:0\', \'precision:0\', \'ref_param_nr:3\', "referenced_blocks:{\'text_0\': b\'Not valid\', \'text_1\': b\'Valid\', \'default_addr\': b\'\'}", \'reserved0:0\', \'text_0:609248\', \'text_1:609288\', \'unit:\', \'unit_addr:0\', \'val_0:0.0\', \'val_1:1.0\', \'val_param_nr:2\'])>'
  - 组 'BCS_1_C'.BCS_RLWheelRotatedDirection data_type: 7 vs 0
  - 组 'BCS_1_C'.BCS_RLWheelRotatedDirection bit_count: 64 vs 1
  - 组 'BCS_1_C'.BCS_RLWheelRotatedDirection flags: 0 vs 16
  - 组 'BCS_1_C'.BCS_RLWheelRotatedDirection conversion: 'None' vs '<ChannelConversion (name: , unit: , comment: , formula: , referenced blocks: {\'text_0\': b\'Forward\', \'text_1\': b\'Backward\', \'default_addr\': b\'\'}, address: 608728, fields: [\'_cache:None\', \'address:608728\', \'block_len:120\', \'comment:\', \'comment_addr:0\', \'conversion_type:7\', \'default_addr:0\', \'flags:0\', \'formula:\', "id:b\'##CC\'", \'inv_conv_addr:0\', \'is_user_defined:False\', \'links_nr:7\', \'max_phy_value:0.0\', \'min_phy_value:0.0\', \'name:\', \'name_addr:0\', \'precision:0\', \'ref_param_nr:3\', "referenced_blocks:{\'text_0\': b\'Forward\', \'text_1\': b\'Backward\', \'default_addr\': b\'\'}", \'reserved0:0\', \'text_0:608656\', \'text_1:608688\', \'unit:\', \'unit_addr:0\', \'val_0:0.0\', \'val_1:1.0\', \'val_param_nr:2\'])>'
  - 组 'BCS_1_C'.BCS_RLWheelRotatedDirectionVD data_type: 7 vs 0
  - 组 'BCS_1_C'.BCS_RLWheelRotatedDirectionVD bit_count: 64 vs 1
  - 组 'BCS_1_C'.BCS_RLWheelRotatedDirectionVD flags: 0 vs 16
  - 组 'BCS_1_C'.BCS_RLWheelRotatedDirectionVD conversion: 'None' vs '<ChannelConversion (name: , unit: , comment: , formula: , referenced blocks: {\'text_0\': b\'Not valid\', \'text_1\': b\'Valid\', \'default_addr\': b\'\'}, address: 608128, fields: [\'_cache:None\', \'address:608128\', \'block_len:120\', \'comment:\', \'comment_addr:0\', \'conversion_type:7\', \'default_addr:0\', \'flags:0\', \'formula:\', "id:b\'##CC\'", \'inv_conv_addr:0\', \'is_user_defined:False\', \'links_nr:7\', \'max_phy_value:0.0\', \'min_phy_value:0.0\', \'name:\', \'name_addr:0\', \'precision:0\', \'ref_param_nr:3\', "referenced_blocks:{\'text_0\': b\'Not valid\', \'text_1\': b\'Valid\', \'default_addr\': b\'\'}", \'reserved0:0\', \'text_0:608056\', \'text_1:608096\', \'unit:\', \'unit_addr:0\', \'val_0:0.0\', \'val_1:1.0\', \'val_param_nr:2\'])>'
  - 组 'BCS_1_C'.BCS_RRWheelSpd data_type: 4 vs 0
  - 组 'BCS_1_C'.BCS_RRWheelSpd bit_count: 64 vs 13
  - 组 'BCS_1_C'.BCS_RRWheelSpd flags: 0 vs 16
  - 组 'BCS_1_C'.BCS_RRWheelSpd conversion: 'None' vs '<ChannelConversion (name: , unit: km/h, comment: , formula: , referenced blocks: {}, address: 612232, fields: [\'_cache:None\', \'a:0.05625\', \'address:612232\', \'b:0.0\', \'block_len:96\', \'comment:\', \'comment_addr:0\', \'conversion_type:1\', \'flags:0\', \'formula:\', "id:b\'##CC\'", \'inv_conv_addr:0\', \'is_user_defined:False\', \'links_nr:4\', \'max_phy_value:0.0\', \'min_phy_value:0.0\', \'name:\', \'name_addr:0\', \'precision:0\', \'ref_param_nr:0\', \'referenced_blocks:{}\', \'reserved0:0\', \'unit:km/h\', \'unit_addr:612200\', \'val_param_nr:2\'])>'
  - 组 'BCS_1_C'.BCS_RRWheelSpdVD data_type: 7 vs 0
  - 组 'BCS_1_C'.BCS_RRWheelSpdVD bit_count: 64 vs 1
  - 组 'BCS_1_C'.BCS_RRWheelSpdVD flags: 0 vs 16
  - 组 'BCS_1_C'.BCS_RRWheelSpdVD conversion: 'None' vs '<ChannelConversion (name: , unit: , comment: , formula: , referenced blocks: {\'text_0\': b\'Not valid\', \'text_1\': b\'Valid\', \'default_addr\': b\'\'}, address: 611656, fields: [\'_cache:None\', \'address:611656\', \'block_len:120\', \'comment:\', \'comment_addr:0\', \'conversion_type:7\', \'default_addr:0\', \'flags:0\', \'formula:\', "id:b\'##CC\'", \'inv_conv_addr:0\', \'is_user_defined:False\', \'links_nr:7\', \'max_phy_value:0.0\', \'min_phy_value:0.0\', \'name:\', \'name_addr:0\', \'precision:0\', \'ref_param_nr:3\', "referenced_blocks:{\'text_0\': b\'Not valid\', \'text_1\': b\'Valid\', \'default_addr\': b\'\'}", \'reserved0:0\', \'text_0:611584\', \'text_1:611624\', \'unit:\', \'unit_addr:0\', \'val_0:0.0\', \'val_1:1.0\', \'val_param_nr:2\'])>'
  - 组 'BCS_1_C'.BCS_RRWheelRotatedDirection data_type: 7 vs 0
  - 组 'BCS_1_C'.BCS_RRWheelRotatedDirection bit_count: 64 vs 1
  - 组 'BCS_1_C'.BCS_RRWheelRotatedDirection flags: 0 vs 16
  - 组 'BCS_1_C'.BCS_RRWheelRotatedDirection conversion: 'None' vs '<ChannelConversion (name: , unit: , comment: , formula: , referenced blocks: {\'text_0\': b\'Forward\', \'text_1\': b\'Backward\', \'default_addr\': b\'\'}, address: 611064, fields: [\'_cache:None\', \'address:611064\', \'block_len:120\', \'comment:\', \'comment_addr:0\', \'conversion_type:7\', \'default_addr:0\', \'flags:0\', \'formula:\', "id:b\'##CC\'", \'inv_conv_addr:0\', \'is_user_defined:False\', \'links_nr:7\', \'max_phy_value:0.0\', \'min_phy_value:0.0\', \'name:\', \'name_addr:0\', \'precision:0\', \'ref_param_nr:3\', "referenced_blocks:{\'text_0\': b\'Forward\', \'text_1\': b\'Backward\', \'default_addr\': b\'\'}", \'reserved0:0\', \'text_0:610992\', \'text_1:611024\', \'unit:\', \'unit_addr:0\', \'val_0:0.0\', \'val_1:1.0\', \'val_param_nr:2\'])>'
  - 组 'BCS_1_C'.BCS_RRWheelRotatedDirectionVD data_type: 7 vs 0
  - 组 'BCS_1_C'.BCS_RRWheelRotatedDirectionVD bit_count: 64 vs 1
  - 组 'BCS_1_C'.BCS_RRWheelRotatedDirectionVD flags: 0 vs 16
  - 组 'BCS_1_C'.BCS_RRWheelRotatedDirectionVD conversion: 'None' vs '<ChannelConversion (name: , unit: , comment: , formula: , referenced blocks: {\'text_0\': b\'Not valid\', \'text_1\': b\'Valid\', \'default_addr\': b\'\'}, address: 610464, fields: [\'_cache:None\', \'address:610464\', \'block_len:120\', \'comment:\', \'comment_addr:0\', \'conversion_type:7\', \'default_addr:0\', \'flags:0\', \'formula:\', "id:b\'##CC\'", \'inv_conv_addr:0\', \'is_user_defined:False\', \'links_nr:7\', \'max_phy_value:0.0\', \'min_phy_value:0.0\', \'name:\', \'name_addr:0\', \'precision:0\', \'ref_param_nr:3\', "referenced_blocks:{\'text_0\': b\'Not valid\', \'text_1\': b\'Valid\', \'default_addr\': b\'\'}", \'reserved0:0\', \'text_0:610392\', \'text_1:610432\', \'unit:\', \'unit_addr:0\', \'val_0:0.0\', \'val_1:1.0\', \'val_param_nr:2\'])>'
  - 组 'BCS_1_C'.BCS_HHCCtrlSt data_type: 7 vs 0
  - 组 'BCS_1_C'.BCS_HHCCtrlSt bit_count: 64 vs 1
  - 组 'BCS_1_C'.BCS_HHCCtrlSt flags: 0 vs 16
  - 组 'BCS_1_C'.BCS_HHCCtrlSt conversion: 'None' vs '<ChannelConversion (name: , unit: , comment: , formula: , referenced blocks: {\'text_0\': b\'Not active\', \'text_1\': b\'Active\', \'default_addr\': b\'\'}, address: 614600, fields: [\'_cache:None\', \'address:614600\', \'block_len:120\', \'comment:\', \'comment_addr:0\', \'conversion_type:7\', \'default_addr:0\', \'flags:0\', \'formula:\', "id:b\'##CC\'", \'inv_conv_addr:0\', \'is_user_defined:False\', \'links_nr:7\', \'max_phy_value:0.0\', \'min_phy_value:0.0\', \'name:\', \'name_addr:0\', \'precision:0\', \'ref_param_nr:3\', "referenced_blocks:{\'text_0\': b\'Not active\', \'text_1\': b\'Active\', \'default_addr\': b\'\'}", \'reserved0:0\', \'text_0:614528\', \'text_1:614568\', \'unit:\', \'unit_addr:0\', \'val_0:0.0\', \'val_1:1.0\', \'val_param_nr:2\'])>'
  - 组 'BCS_1_C'.BCS_HHCErrSt data_type: 7 vs 0
  - 组 'BCS_1_C'.BCS_HHCErrSt bit_count: 64 vs 1
  - 组 'BCS_1_C'.BCS_HHCErrSt flags: 0 vs 16
  - 组 'BCS_1_C'.BCS_HHCErrSt conversion: 'None' vs '<ChannelConversion (name: , unit: , comment: , formula: , referenced blocks: {\'text_0\': b\'No error\', \'text_1\': b\'Error\', \'default_addr\': b\'\'}, address: 614032, fields: [\'_cache:None\', \'address:614032\', \'block_len:120\', \'comment:\', \'comment_addr:0\', \'conversion_type:7\', \'default_addr:0\', \'flags:0\', \'formula:\', "id:b\'##CC\'", \'inv_conv_addr:0\', \'is_user_defined:False\', \'links_nr:7\', \'max_phy_value:0.0\', \'min_phy_value:0.0\', \'name:\', \'name_addr:0\', \'precision:0\', \'ref_param_nr:3\', "referenced_blocks:{\'text_0\': b\'No error\', \'text_1\': b\'Error\', \'default_addr\': b\'\'}", \'reserved0:0\', \'text_0:613960\', \'text_1:614000\', \'unit:\', \'unit_addr:0\', \'val_0:0.0\', \'val_1:1.0\', \'val_param_nr:2\'])>'
  - 组 'BCS_1_C'.BCS_HDCCtrlSt data_type: 7 vs 0
  - 组 'BCS_1_C'.BCS_HDCCtrlSt bit_count: 64 vs 2
  - 组 'BCS_1_C'.BCS_HDCCtrlSt flags: 0 vs 16
  - 组 'BCS_1_C'.BCS_HDCCtrlSt conversion: 'None' vs '<ChannelConversion (name: , unit: , comment: , formula: , referenced blocks: {\'text_0\': b\'Off\', \'text_1\': b\'On active braking\', \'text_2\': b\'On not active braking\', \'default_addr\': b\'\'}, address: 613424, fields: [\'_cache:None\', \'address:613424\', \'block_len:136\', \'comment:\', \'comment_addr:0\', \'conversion_type:7\', \'default_addr:0\', \'flags:0\', \'formula:\', "id:b\'##CC\'", \'inv_conv_addr:0\', \'is_user_defined:False\', \'links_nr:8\', \'max_phy_value:0.0\', \'min_phy_value:0.0\', \'name:\', \'name_addr:0\', \'precision:0\', \'ref_param_nr:4\', "referenced_blocks:{\'text_0\': b\'Off\', \'text_1\': b\'On active braking\', \'text_2\': b\'On not active braking\', \'default_addr\': b\'\'}", \'reserved0:0\', \'text_0:613296\', \'text_1:613328\', \'text_2:613376\', \'unit:\', \'unit_addr:0\', \'val_0:0.0\', \'val_1:1.0\', \'val_2:2.0\', \'val_param_nr:3\'])>'
  - 组 'BCS_1_C'.BCS_HDCErrSt data_type: 7 vs 0
  - 组 'BCS_1_C'.BCS_HDCErrSt bit_count: 64 vs 1
  - 组 'BCS_1_C'.BCS_HDCErrSt flags: 0 vs 16
  - 组 'BCS_1_C'.BCS_HDCErrSt conversion: 'None' vs '<ChannelConversion (name: , unit: , comment: , formula: , referenced blocks: {\'text_0\': b\'No error\', \'text_1\': b\'Error\', \'default_addr\': b\'\'}, address: 612800, fields: [\'_cache:None\', \'address:612800\', \'block_len:120\', \'comment:\', \'comment_addr:0\', \'conversion_type:7\', \'default_addr:0\', \'flags:0\', \'formula:\', "id:b\'##CC\'", \'inv_conv_addr:0\', \'is_user_defined:False\', \'links_nr:7\', \'max_phy_value:0.0\', \'min_phy_value:0.0\', \'name:\', \'name_addr:0\', \'precision:0\', \'ref_param_nr:3\', "referenced_blocks:{\'text_0\': b\'No error\', \'text_1\': b\'Error\', \'default_addr\': b\'\'}", \'reserved0:0\', \'text_0:612728\', \'text_1:612768\', \'unit:\', \'unit_addr:0\', \'val_0:0.0\', \'val_1:1.0\', \'val_param_nr:2\'])>'
  - 组 'BCS_1_C'.BCS_FLWheelRotatedDirectionAPA data_type: 7 vs 0
  - 组 'BCS_1_C'.BCS_FLWheelRotatedDirectionAPA bit_count: 64 vs 2
  - 组 'BCS_1_C'.BCS_FLWheelRotatedDirectionAPA flags: 0 vs 16
  - 组 'BCS_1_C'.BCS_FLWheelRotatedDirectionAPA conversion: 'None' vs '<ChannelConversion (name: , unit: , comment: , formula: , referenced blocks: {\'text_0\': b\'Standstill\', \'text_1\': b\'Forward\', \'text_2\': b\'Backward\', \'text_3\': b\'Unknown\', \'default_addr\': b\'\'}, address: 615960, fields: [\'_cache:None\', \'address:615960\', \'block_len:152\', \'comment:\', \'comment_addr:0\', \'conversion_type:7\', \'default_addr:0\', \'flags:0\', \'formula:\', "id:b\'##CC\'", \'inv_conv_addr:0\', \'is_user_defined:False\', \'links_nr:9\', \'max_phy_value:0.0\', \'min_phy_value:0.0\', \'name:\', \'name_addr:0\', \'precision:0\', \'ref_param_nr:5\', "referenced_blocks:{\'text_0\': b\'Standstill\', \'text_1\': b\'Forward\', \'text_2\': b\'Backward\', \'text_3\': b\'Unknown\', \'default_addr\': b\'\'}", \'reserved0:0\', \'text_0:615816\', \'text_1:615856\', \'text_2:615888\', \'text_3:615928\', \'unit:\', \'unit_addr:0\', \'val_0:0.0\', \'val_1:1.0\', \'val_2:2.0\', \'val_3:3.0\', \'val_param_nr:4\'])>'
  - 组 'BCS_1_C'.BCS_FRWheelRotatedDirectionAPA data_type: 7 vs 0
  - 组 'BCS_1_C'.BCS_FRWheelRotatedDirectionAPA bit_count: 64 vs 2
  - 组 'BCS_1_C'.BCS_FRWheelRotatedDirectionAPA flags: 0 vs 16
  - 组 'BCS_1_C'.BCS_FRWheelRotatedDirectionAPA conversion: 'None' vs '<ChannelConversion (name: , unit: , comment: , formula: , referenced blocks: {\'text_0\': b\'Standstill\', \'text_1\': b\'Forward\', \'text_2\': b\'Backward\', \'text_3\': b\'Unknown\', \'default_addr\': b\'\'}, address: 615256, fields: [\'_cache:None\', \'address:615256\', \'block_len:152\', \'comment:\', \'comment_addr:0\', \'conversion_type:7\', \'default_addr:0\', \'flags:0\', \'formula:\', "id:b\'##CC\'", \'inv_conv_addr:0\', \'is_user_defined:False\', \'links_nr:9\', \'max_phy_value:0.0\', \'min_phy_value:0.0\', \'name:\', \'name_addr:0\', \'precision:0\', \'ref_param_nr:5\', "referenced_blocks:{\'text_0\': b\'Standstill\', \'text_1\': b\'Forward\', \'text_2\': b\'Backward\', \'text_3\': b\'Unknown\', \'default_addr\': b\'\'}", \'reserved0:0\', \'text_0:615112\', \'text_1:615152\', \'text_2:615184\', \'text_3:615224\', \'unit:\', \'unit_addr:0\', \'val_0:0.0\', \'val_1:1.0\', \'val_2:2.0\', \'val_3:3.0\', \'val_param_nr:4\'])>'
  - 组 'BCS_1_C'.BCS_RLWheelRotatedDirectionAPA data_type: 7 vs 0
  - 组 'BCS_1_C'.BCS_RLWheelRotatedDirectionAPA bit_count: 64 vs 2
  - 组 'BCS_1_C'.BCS_RLWheelRotatedDirectionAPA flags: 0 vs 16
  - 组 'BCS_1_C'.BCS_RLWheelRotatedDirectionAPA conversion: 'None' vs '<ChannelConversion (name: , unit: , comment: , formula: , referenced blocks: {\'text_0\': b\'Standstill\', \'text_1\': b\'Forward\', \'text_2\': b\'Backward\', \'text_3\': b\'Unknown\', \'default_addr\': b\'\'}, address: 618648, fields: [\'_cache:None\', \'address:618648\', \'block_len:152\', \'comment:\', \'comment_addr:0\', \'conversion_type:7\', \'default_addr:0\', \'flags:0\', \'formula:\', "id:b\'##CC\'", \'inv_conv_addr:0\', \'is_user_defined:False\', \'links_nr:9\', \'max_phy_value:0.0\', \'min_phy_value:0.0\', \'name:\', \'name_addr:0\', \'precision:0\', \'ref_param_nr:5\', "referenced_blocks:{\'text_0\': b\'Standstill\', \'text_1\': b\'Forward\', \'text_2\': b\'Backward\', \'text_3\': b\'Unknown\', \'default_addr\': b\'\'}", \'reserved0:0\', \'text_0:618504\', \'text_1:618544\', \'text_2:618576\', \'text_3:618616\', \'unit:\', \'unit_addr:0\', \'val_0:0.0\', \'val_1:1.0\', \'val_2:2.0\', \'val_3:3.0\', \'val_param_nr:4\'])>'
  - 组 'BCS_1_C'.BCS_RRWheelRotatedDirectionAPA data_type: 7 vs 0
  - 组 'BCS_1_C'.BCS_RRWheelRotatedDirectionAPA bit_count: 64 vs 2
  - 组 'BCS_1_C'.BCS_RRWheelRotatedDirectionAPA flags: 0 vs 16
  - 组 'BCS_1_C'.BCS_RRWheelRotatedDirectionAPA conversion: 'None' vs '<ChannelConversion (name: , unit: , comment: , formula: , referenced blocks: {\'text_0\': b\'Standstill\', \'text_1\': b\'Forward\', \'text_2\': b\'Backward\', \'text_3\': b\'Unknown\', \'default_addr\': b\'\'}, address: 617944, fields: [\'_cache:None\', \'address:617944\', \'block_len:152\', \'comment:\', \'comment_addr:0\', \'conversion_type:7\', \'default_addr:0\', \'flags:0\', \'formula:\', "id:b\'##CC\'", \'inv_conv_addr:0\', \'is_user_defined:False\', \'links_nr:9\', \'max_phy_value:0.0\', \'min_phy_value:0.0\', \'name:\', \'name_addr:0\', \'precision:0\', \'ref_param_nr:5\', "referenced_blocks:{\'text_0\': b\'Standstill\', \'text_1\': b\'Forward\', \'text_2\': b\'Backward\', \'text_3\': b\'Unknown\', \'default_addr\': b\'\'}", \'reserved0:0\', \'text_0:617800\', \'text_1:617840\', \'text_2:617872\', \'text_3:617912\', \'unit:\', \'unit_addr:0\', \'val_0:0.0\', \'val_1:1.0\', \'val_2:2.0\', \'val_3:3.0\', \'val_param_nr:4\'])>'
  - 组 'BCS_1_C'.BCS_ParkingReqToEPB data_type: 7 vs 0
  - 组 'BCS_1_C'.BCS_ParkingReqToEPB bit_count: 64 vs 2
  - 组 'BCS_1_C'.BCS_ParkingReqToEPB flags: 0 vs 16
  - 组 'BCS_1_C'.BCS_ParkingReqToEPB conversion: 'None' vs '<ChannelConversion (name: , unit: , comment: , formula: , referenced blocks: {\'text_0\': b\'No request\', \'text_1\': b\'Release brake request\', \'text_2\': b\'Lock brake request\', \'default_addr\': b\'\'}, address: 617256, fields: [\'_cache:None\', \'address:617256\', \'block_len:136\', \'comment:\', \'comment_addr:0\', \'conversion_type:7\', \'default_addr:0\', \'flags:0\', \'formula:\', "id:b\'##CC\'", \'inv_conv_addr:0\', \'is_user_defined:False\', \'links_nr:8\', \'max_phy_value:0.0\', \'min_phy_value:0.0\', \'name:\', \'name_addr:0\', \'precision:0\', \'ref_param_nr:4\', "referenced_blocks:{\'text_0\': b\'No request\', \'text_1\': b\'Release brake request\', \'text_2\': b\'Lock brake request\', \'default_addr\': b\'\'}", \'reserved0:0\', \'text_0:617120\', \'text_1:617160\', \'text_2:617208\', \'unit:\', \'unit_addr:0\', \'val_0:0.0\', \'val_1:1.0\', \'val_2:2.0\', \'val_param_nr:3\'])>'
  - 组 'BCS_1_C'.BCS_AVHSt data_type: 7 vs 0
  - 组 'BCS_1_C'.BCS_AVHSt bit_count: 64 vs 1
  - 组 'BCS_1_C'.BCS_AVHSt flags: 0 vs 16
  - 组 'BCS_1_C'.BCS_AVHSt conversion: 'None' vs '<ChannelConversion (name: , unit: , comment: , formula: , referenced blocks: {\'text_0\': b\'Not active\', \'text_1\': b\'Active\', \'default_addr\': b\'\'}, address: 616592, fields: [\'_cache:None\', \'address:616592\', \'block_len:120\', \'comment:\', \'comment_addr:0\', \'conversion_type:7\', \'default_addr:0\', \'flags:0\', \'formula:\', "id:b\'##CC\'", \'inv_conv_addr:0\', \'is_user_defined:False\', \'links_nr:7\', \'max_phy_value:0.0\', \'min_phy_value:0.0\', \'name:\', \'name_addr:0\', \'precision:0\', \'ref_param_nr:3\', "referenced_blocks:{\'text_0\': b\'Not active\', \'text_1\': b\'Active\', \'default_addr\': b\'\'}", \'reserved0:0\', \'text_0:616520\', \'text_1:616560\', \'unit:\', \'unit_addr:0\', \'val_0:0.0\', \'val_1:1.0\', \'val_param_nr:2\'])>'
  - 组 'BCS_1_C'.BCS_AVHStandby data_type: 7 vs 0
  - 组 'BCS_1_C'.BCS_AVHStandby bit_count: 64 vs 1
  - 组 'BCS_1_C'.BCS_AVHStandby flags: 0 vs 16
  - 组 'BCS_1_C'.BCS_AVHStandby conversion: 'None' vs '<ChannelConversion (name: , unit: , comment: , formula: , referenced blocks: {\'text_0\': b\'Not standby\', \'text_1\': b\'Standby\', \'default_addr\': b\'\'}, address: 620488, fields: [\'_cache:None\', \'address:620488\', \'block_len:120\', \'comment:\', \'comment_addr:0\', \'conversion_type:7\', \'default_addr:0\', \'flags:0\', \'formula:\', "id:b\'##CC\'", \'inv_conv_addr:0\', \'is_user_defined:False\', \'links_nr:7\', \'max_phy_value:0.0\', \'min_phy_value:0.0\', \'name:\', \'name_addr:0\', \'precision:0\', \'ref_param_nr:3\', "referenced_blocks:{\'text_0\': b\'Not standby\', \'text_1\': b\'Standby\', \'default_addr\': b\'\'}", \'reserved0:0\', \'text_0:620416\', \'text_1:620456\', \'unit:\', \'unit_addr:0\', \'val_0:0.0\', \'val_1:1.0\', \'val_param_nr:2\'])>'
  - 组 'BCS_1_C'.BCS_AVHAvailable data_type: 7 vs 0
  - 组 'BCS_1_C'.BCS_AVHAvailable bit_count: 64 vs 1
  - 组 'BCS_1_C'.BCS_AVHAvailable flags: 0 vs 16
  - 组 'BCS_1_C'.BCS_AVHAvailable conversion: 'None' vs '<ChannelConversion (name: , unit: , comment: , formula: , referenced blocks: {\'text_0\': b\'Not available\', \'text_1\': b\'Available\', \'default_addr\': b\'\'}, address: 619848, fields: [\'_cache:None\', \'address:619848\', \'block_len:120\', \'comment:\', \'comment_addr:0\', \'conversion_type:7\', \'default_addr:0\', \'flags:0\', \'formula:\', "id:b\'##CC\'", \'inv_conv_addr:0\', \'is_user_defined:False\', \'links_nr:7\', \'max_phy_value:0.0\', \'min_phy_value:0.0\', \'name:\', \'name_addr:0\', \'precision:0\', \'ref_param_nr:3\', "referenced_blocks:{\'text_0\': b\'Not available\', \'text_1\': b\'Available\', \'default_addr\': b\'\'}", \'reserved0:0\', \'text_0:619768\', \'text_1:619808\', \'unit:\', \'unit_addr:0\', \'val_0:0.0\', \'val_1:1.0\', \'val_param_nr:2\'])>'
  - 组 'BCS_1_C'.BCS_TCSOff data_type: 7 vs 0
  - 组 'BCS_1_C'.BCS_TCSOff bit_count: 64 vs 1
  - 组 'BCS_1_C'.BCS_TCSOff flags: 0 vs 16
  - 组 'BCS_1_C'.BCS_TCSOff conversion: 'None' vs '<ChannelConversion (name: , unit: , comment: , formula: , referenced blocks: {\'text_0\': b\'On\', \'text_1\': b\'Off\', \'default_addr\': b\'\'}, address: 619272, fields: [\'_cache:None\', \'address:619272\', \'block_len:120\', \'comment:\', \'comment_addr:0\', \'conversion_type:7\', \'default_addr:0\', \'flags:0\', \'formula:\', "id:b\'##CC\'", \'inv_conv_addr:0\', \'is_user_defined:False\', \'links_nr:7\', \'max_phy_value:0.0\', \'min_phy_value:0.0\', \'name:\', \'name_addr:0\', \'precision:0\', \'ref_param_nr:3\', "referenced_blocks:{\'text_0\': b\'On\', \'text_1\': b\'Off\', \'default_addr\': b\'\'}", \'reserved0:0\', \'text_0:619208\', \'text_1:619240\', \'unit:\', \'unit_addr:0\', \'val_0:0.0\', \'val_1:1.0\', \'val_param_nr:2\'])>'
  - 组 'BCS_1_C'.BCS_AEBActive data_type: 7 vs 0
  - 组 'BCS_1_C'.BCS_AEBActive bit_count: 64 vs 1
  - 组 'BCS_1_C'.BCS_AEBActive flags: 0 vs 16
  - 组 'BCS_1_C'.BCS_AEBActive conversion: 'None' vs '<ChannelConversion (name: , unit: , comment: , formula: , referenced blocks: {\'text_0\': b\'Not active\', \'text_1\': b\'Active\', \'default_addr\': b\'\'}, address: 621088, fields: [\'_cache:None\', \'address:621088\', \'block_len:120\', \'comment:\', \'comment_addr:0\', \'conversion_type:7\', \'default_addr:0\', \'flags:0\', \'formula:\', "id:b\'##CC\'", \'inv_conv_addr:0\', \'is_user_defined:False\', \'links_nr:7\', \'max_phy_value:0.0\', \'min_phy_value:0.0\', \'name:\', \'name_addr:0\', \'precision:0\', \'ref_param_nr:3\', "referenced_blocks:{\'text_0\': b\'Not active\', \'text_1\': b\'Active\', \'default_addr\': b\'\'}", \'reserved0:0\', \'text_0:621016\', \'text_1:621056\', \'unit:\', \'unit_addr:0\', \'val_0:0.0\', \'val_1:1.0\', \'val_param_nr:2\'])>'
  - 组 'BCS_1_C'.BCS_FourwhlsBrkTrq bit_count: 16 vs 14
  - 组 'BCS_1_C'.BCS_FourwhlsBrkTrq flags: 0 vs 16
  - 组 'BCS_1_C'.BCS_FourwhlsBrkTrq conversion: 'None' vs '<ChannelConversion (name: , unit: N, comment: , formula: , referenced blocks: {}, address: 621656, fields: [\'_cache:None\', \'address:621656\', \'block_len:80\', \'comment:\', \'comment_addr:0\', \'conversion_type:0\', \'flags:0\', \'formula:\', "id:b\'##CC\'", \'inv_conv_addr:0\', \'is_user_defined:False\', \'links_nr:4\', \'max_phy_value:0.0\', \'min_phy_value:0.0\', \'name:\', \'name_addr:0\', \'precision:0\', \'ref_param_nr:0\', \'referenced_blocks:{}\', \'reserved0:0\', \'unit:N\', \'unit_addr:621624\', \'val_param_nr:0\'])>'
  - 组 'BCS_1_C'.BCS_CruiseCtrlCancelReq data_type: 7 vs 0
  - 组 'BCS_1_C'.BCS_CruiseCtrlCancelReq bit_count: 64 vs 1
  - 组 'BCS_1_C'.BCS_CruiseCtrlCancelReq flags: 0 vs 16
  - 组 'BCS_1_C'.BCS_CruiseCtrlCancelReq conversion: 'None' vs '<ChannelConversion (name: , unit: , comment: , formula: , referenced blocks: {\'text_0\': b\'Not request\', \'text_1\': b\'Request\', \'default_addr\': b\'\'}, address: 622224, fields: [\'_cache:None\', \'address:622224\', \'block_len:120\', \'comment:\', \'comment_addr:0\', \'conversion_type:7\', \'default_addr:0\', \'flags:0\', \'formula:\', "id:b\'##CC\'", \'inv_conv_addr:0\', \'is_user_defined:False\', \'links_nr:7\', \'max_phy_value:0.0\', \'min_phy_value:0.0\', \'name:\', \'name_addr:0\', \'precision:0\', \'ref_param_nr:3\', "referenced_blocks:{\'text_0\': b\'Not request\', \'text_1\': b\'Request\', \'default_addr\': b\'\'}", \'reserved0:0\', \'text_0:622152\', \'text_1:622192\', \'unit:\', \'unit_addr:0\', \'val_0:0.0\', \'val_1:1.0\', \'val_param_nr:2\'])>'
  - 组 'BCS_1_C'.BCS_APAGrarLvlReq data_type: 7 vs 0
  - 组 'BCS_1_C'.BCS_APAGrarLvlReq bit_count: 64 vs 3
  - 组 'BCS_1_C'.BCS_APAGrarLvlReq flags: 0 vs 16
  - 组 'BCS_1_C'.BCS_APAGrarLvlReq conversion: 'None' vs '<ChannelConversion (name: , unit: , comment: , formula: , referenced blocks: {\'text_0\': b\'No Request\', \'text_1\': b\'Park\', \'text_2\': b\'Reversed\', \'text_3\': b\'Neutral\', \'text_4\': b\'Drive\', \'text_5\': b\'Reversed\', \'text_6\': b\'Reversed\', \'text_7\': b\'Reversed\', \'default_addr\': b\'\'}, address: 624304, fields: [\'_cache:None\', \'address:624304\', \'block_len:216\', \'comment:\', \'comment_addr:0\', \'conversion_type:7\', \'default_addr:0\', \'flags:0\', \'formula:\', "id:b\'##CC\'", \'inv_conv_addr:0\', \'is_user_defined:False\', \'links_nr:13\', \'max_phy_value:0.0\', \'min_phy_value:0.0\', \'name:\', \'name_addr:0\', \'precision:0\', \'ref_param_nr:9\', "referenced_blocks:{\'text_0\': b\'No Request\', \'text_1\': b\'Park\', \'text_2\': b\'Reversed\', \'text_3\': b\'Neutral\', \'text_4\': b\'Drive\', \'text_5\': b\'Reversed\', \'text_6\': b\'Reversed\', \'text_7\': b\'Reversed\', \'default_addr\': b\'\'}", \'reserved0:0\', \'text_0:624008\', \'text_1:624048\', \'text_2:624080\', \'text_3:624120\', \'text_4:624152\', \'text_5:624184\', \'text_6:624224\', \'text_7:624264\', \'unit:\', \'unit_addr:0\', \'val_0:0.0\', \'val_1:1.0\', \'val_2:2.0\', \'val_3:3.0\', \'val_4:4.0\', \'val_5:5.0\', \'val_6:6.0\', \'val_7:7.0\', \'val_param_nr:8\'])>'
  - 组 'BCS_1_C'.BCS_APAGrarLvlReqVD data_type: 7 vs 0
  - 组 'BCS_1_C'.BCS_APAGrarLvlReqVD bit_count: 64 vs 1
  - 组 'BCS_1_C'.BCS_APAGrarLvlReqVD flags: 0 vs 16
  - 组 'BCS_1_C'.BCS_APAGrarLvlReqVD conversion: 'None' vs '<ChannelConversion (name: , unit: , comment: , formula: , referenced blocks: {\'text_0\': b\'No request\', \'text_1\': b\'Gear shift request\', \'default_addr\': b\'\'}, address: 623488, fields: [\'_cache:None\', \'address:623488\', \'block_len:120\', \'comment:\', \'comment_addr:0\', \'conversion_type:7\', \'default_addr:0\', \'flags:0\', \'formula:\', "id:b\'##CC\'", \'inv_conv_addr:0\', \'is_user_defined:False\', \'links_nr:7\', \'max_phy_value:0.0\', \'min_phy_value:0.0\', \'name:\', \'name_addr:0\', \'precision:0\', \'ref_param_nr:3\', "referenced_blocks:{\'text_0\': b\'No request\', \'text_1\': b\'Gear shift request\', \'default_addr\': b\'\'}", \'reserved0:0\', \'text_0:623400\', \'text_1:623440\', \'unit:\', \'unit_addr:0\', \'val_0:0.0\', \'val_1:1.0\', \'val_param_nr:2\'])>'
  - 组 'BCS_1_C'.BCS_VLCActive data_type: 7 vs 0
  - 组 'BCS_1_C'.BCS_VLCActive bit_count: 64 vs 1
  - 组 'BCS_1_C'.BCS_VLCActive flags: 0 vs 16
  - 组 'BCS_1_C'.BCS_VLCActive conversion: 'None' vs '<ChannelConversion (name: , unit: , comment: , formula: , referenced blocks: {\'text_0\': b\'Not active\', \'text_1\': b\'Active\', \'default_addr\': b\'\'}, address: 622824, fields: [\'_cache:None\', \'address:622824\', \'block_len:120\', \'comment:\', \'comment_addr:0\', \'conversion_type:7\', \'default_addr:0\', \'flags:0\', \'formula:\', "id:b\'##CC\'", \'inv_conv_addr:0\', \'is_user_defined:False\', \'links_nr:7\', \'max_phy_value:0.0\', \'min_phy_value:0.0\', \'name:\', \'name_addr:0\', \'precision:0\', \'ref_param_nr:3\', "referenced_blocks:{\'text_0\': b\'Not active\', \'text_1\': b\'Active\', \'default_addr\': b\'\'}", \'reserved0:0\', \'text_0:622752\', \'text_1:622792\', \'unit:\', \'unit_addr:0\', \'val_0:0.0\', \'val_1:1.0\', \'val_param_nr:2\'])>'
  - 组 'BCS_1_C'.IPB_InputRodStroke data_type: 4 vs 0
  - 组 'BCS_1_C'.IPB_InputRodStroke bit_count: 64 vs 10
  - 组 'BCS_1_C'.IPB_InputRodStroke flags: 0 vs 16
  - 组 'BCS_1_C'.IPB_InputRodStroke conversion: 'None' vs '<ChannelConversion (name: , unit: mm, comment: , formula: , referenced blocks: {}, address: 624976, fields: [\'_cache:None\', \'a:0.05\', \'address:624976\', \'b:-5.0\', \'block_len:96\', \'comment:\', \'comment_addr:0\', \'conversion_type:1\', \'flags:0\', \'formula:\', "id:b\'##CC\'", \'inv_conv_addr:0\', \'is_user_defined:False\', \'links_nr:4\', \'max_phy_value:0.0\', \'min_phy_value:0.0\', \'name:\', \'name_addr:0\', \'precision:0\', \'ref_param_nr:0\', \'referenced_blocks:{}\', \'reserved0:0\', \'unit:mm\', \'unit_addr:624944\', \'val_param_nr:2\'])>'
  - 组 'BCS_1_C'.IPB_InputRodStrokeSt data_type: 7 vs 0
  - 组 'BCS_1_C'.IPB_InputRodStrokeSt bit_count: 64 vs 1
  - 组 'BCS_1_C'.IPB_InputRodStrokeSt flags: 0 vs 16
  - 组 'BCS_1_C'.IPB_InputRodStrokeSt conversion: 'None' vs '<ChannelConversion (name: , unit: , comment: , formula: , referenced blocks: {\'text_0\': b\'Valid/Init\', \'text_1\': b\'Invalid/Default\', \'default_addr\': b\'\'}, address: 626144, fields: [\'_cache:None\', \'address:626144\', \'block_len:120\', \'comment:\', \'comment_addr:0\', \'conversion_type:7\', \'default_addr:0\', \'flags:0\', \'formula:\', "id:b\'##CC\'", \'inv_conv_addr:0\', \'is_user_defined:False\', \'links_nr:7\', \'max_phy_value:0.0\', \'min_phy_value:0.0\', \'name:\', \'name_addr:0\', \'precision:0\', \'ref_param_nr:3\', "referenced_blocks:{\'text_0\': b\'Valid/Init\', \'text_1\': b\'Invalid/Default\', \'default_addr\': b\'\'}", \'reserved0:0\', \'text_0:626064\', \'text_1:626104\', \'unit:\', \'unit_addr:0\', \'val_0:0.0\', \'val_1:1.0\', \'val_param_nr:2\'])>'
  - 组 'BCS_1_C'.IPB_PlungerPressureSt data_type: 7 vs 0
  - 组 'BCS_1_C'.IPB_PlungerPressureSt bit_count: 64 vs 1
  - 组 'BCS_1_C'.IPB_PlungerPressureSt flags: 0 vs 16
  - 组 'BCS_1_C'.IPB_PlungerPressureSt conversion: 'None' vs '<ChannelConversion (name: , unit: , comment: , formula: , referenced blocks: {\'text_0\': b\'Valid/Init\', \'text_1\': b\'Invalid/Default\', \'default_addr\': b\'\'}, address: 625544, fields: [\'_cache:None\', \'address:625544\', \'block_len:120\', \'comment:\', \'comment_addr:0\', \'conversion_type:7\', \'default_addr:0\', \'flags:0\', \'formula:\', "id:b\'##CC\'", \'inv_conv_addr:0\', \'is_user_defined:False\', \'links_nr:7\', \'max_phy_value:0.0\', \'min_phy_value:0.0\', \'name:\', \'name_addr:0\', \'precision:0\', \'ref_param_nr:3\', "referenced_blocks:{\'text_0\': b\'Valid/Init\', \'text_1\': b\'Invalid/Default\', \'default_addr\': b\'\'}", \'reserved0:0\', \'text_0:625464\', \'text_1:625504\', \'unit:\', \'unit_addr:0\', \'val_0:0.0\', \'val_1:1.0\', \'val_param_nr:2\'])>'
  - 组 'BCS_1_C'.IPB_PlungerPressure data_type: 4 vs 0
  - 组 'BCS_1_C'.IPB_PlungerPressure bit_count: 64 vs 12
  - 组 'BCS_1_C'.IPB_PlungerPressure flags: 0 vs 16
  - 组 'BCS_1_C'.IPB_PlungerPressure conversion: 'None' vs '<ChannelConversion (name: , unit: bar, comment: , formula: , referenced blocks: {}, address: 626688, fields: [\'_cache:None\', \'a:0.3\', \'address:626688\', \'b:-5.0\', \'block_len:96\', \'comment:\', \'comment_addr:0\', \'conversion_type:1\', \'flags:0\', \'formula:\', "id:b\'##CC\'", \'inv_conv_addr:0\', \'is_user_defined:False\', \'links_nr:4\', \'max_phy_value:0.0\', \'min_phy_value:0.0\', \'name:\', \'name_addr:0\', \'precision:0\', \'ref_param_nr:0\', \'referenced_blocks:{}\', \'reserved0:0\', \'unit:bar\', \'unit_addr:626656\', \'val_param_nr:2\'])>'
  - 组 'SRS_1': 组内信号序不同 ['SRS_1_CRC_1', 'SRS_1_Counter_1', 'SRS_CrashOutputSt', 'SRS_NearCrashOutputSt', 'SRS_1_CRC_2', 'SRS_1_Counter_2', 'SRS_YawSnsCalibSt', 'SRS_VehLongAccelVD']... vs ['SRS_1_CRC_1', 'SRS_1_Counter_1', 'SRS_CrashOutputSt', 'SRS_NearCrashOutputSt', 'SRS_1_CRC_2', 'SRS_1_Counter_2', 'SRS_YawRateVD', 'SRS_VehLatrlAccelVD']...
  - 组 'SRS_1'.t data_type: 4 vs 0
  - 组 'SRS_1'.t conversion: 'None' vs '<ChannelConversion (name: , unit: s, comment: , formula: , referenced blocks: {}, address: 1344, fields: [\'_cache:None\', \'a:1e-09\', \'address:1344\', \'b:0.0\', \'block_len:96\', \'comment:\', \'comment_addr:0\', \'conversion_type:1\', \'flags:0\', \'formula:\', "id:b\'##CC\'", \'inv_conv_addr:0\', \'is_user_defined:False\', \'links_nr:4\', \'max_phy_value:0.0\', \'min_phy_value:0.0\', \'name:\', \'name_addr:0\', \'precision:0\', \'ref_param_nr:0\', \'referenced_blocks:{}\', \'reserved0:0\', \'unit:s\', \'unit_addr:1312\', \'val_param_nr:2\'])>'
  - 组 'SRS_1'.SRS_1_CRC_1 flags: 0 vs 16
  - 组 'SRS_1'.SRS_1_Counter_1 flags: 0 vs 16
  - 组 'SRS_1'.SRS_CrashOutputSt data_type: 7 vs 0
  - 组 'SRS_1'.SRS_CrashOutputSt bit_count: 64 vs 8
  - 组 'SRS_1'.SRS_CrashOutputSt flags: 0 vs 16
  - 组 'SRS_1'.SRS_CrashOutputSt conversion: 'None' vs '<ChannelConversion (name: , unit: , comment: , formula: , referenced blocks: {\'text_0\': b\'No crash\', \'text_1\': b\'Crash happen in last 2sec.(transition lasts for 2sec)\', \'default_addr\': b\'\'}, address: 983768, fields: [\'_cache:None\', \'address:983768\', \'block_len:120\', \'comment:\', \'comment_addr:0\', \'conversion_type:7\', \'default_addr:0\', \'flags:0\', \'formula:\', "id:b\'##CC\'", \'inv_conv_addr:0\', \'is_user_defined:False\', \'links_nr:7\', \'max_phy_value:0.0\', \'min_phy_value:0.0\', \'name:\', \'name_addr:0\', \'precision:0\', \'ref_param_nr:3\', "referenced_blocks:{\'text_0\': b\'No crash\', \'text_1\': b\'Crash happen in last 2sec.(transition lasts for 2sec)\', \'default_addr\': b\'\'}", \'reserved0:0\', \'text_0:983648\', \'text_1:983688\', \'unit:\', \'unit_addr:0\', \'val_0:0.0\', \'val_1:160.0\', \'val_param_nr:2\'])>'
  - 组 'SRS_1'.SRS_NearCrashOutputSt data_type: 7 vs 0
  - 组 'SRS_1'.SRS_NearCrashOutputSt bit_count: 64 vs 1
  - 组 'SRS_1'.SRS_NearCrashOutputSt flags: 0 vs 16
  - 组 'SRS_1'.SRS_NearCrashOutputSt conversion: 'None' vs '<ChannelConversion (name: , unit: , comment: , formula: , referenced blocks: {\'text_0\': b\'No crash\', \'text_1\': b\'Near Crash happen in last 2sec.(transition lasts for 2sec)\', \'default_addr\': b\'\'}, address: 984528, fields: [\'_cache:None\', \'address:984528\', \'block_len:120\', \'comment:\', \'comment_addr:0\', \'conversion_type:7\', \'default_addr:0\', \'flags:0\', \'formula:\', "id:b\'##CC\'", \'inv_conv_addr:0\', \'is_user_defined:False\', \'links_nr:7\', \'max_phy_value:0.0\', \'min_phy_value:0.0\', \'name:\', \'name_addr:0\', \'precision:0\', \'ref_param_nr:3\', "referenced_blocks:{\'text_0\': b\'No crash\', \'text_1\': b\'Near Crash happen in last 2sec.(transition lasts for 2sec)\', \'default_addr\': b\'\'}", \'reserved0:0\', \'text_0:984400\', \'text_1:984440\', \'unit:\', \'unit_addr:0\', \'val_0:0.0\', \'val_1:1.0\', \'val_param_nr:2\'])>'
  - 组 'SRS_1'.SRS_1_CRC_2 flags: 0 vs 16
  - 组 'SRS_1'.SRS_1_Counter_2 flags: 0 vs 16
  - 组 'SRS_1'.SRS_YawSnsCalibSt data_type: 7 vs 0
  - 组 'SRS_1'.SRS_YawSnsCalibSt bit_count: 64 vs 1
  - 组 'SRS_1'.SRS_YawSnsCalibSt flags: 0 vs 16
  - 组 'SRS_1'.SRS_YawSnsCalibSt conversion: 'None' vs '<ChannelConversion (name: , unit: , comment: , formula: , referenced blocks: {\'text_0\': b\'Sensor Not Calibrated\', \'text_1\': b\'Sensor Calibrated\', \'default_addr\': b\'\'}, address: 987904, fields: [\'_cache:None\', \'address:987904\', \'block_len:120\', \'comment:\', \'comment_addr:0\', \'conversion_type:7\', \'default_addr:0\', \'flags:0\', \'formula:\', "id:b\'##CC\'", \'inv_conv_addr:0\', \'is_user_defined:False\', \'links_nr:7\', \'max_phy_value:0.0\', \'min_phy_value:0.0\', \'name:\', \'name_addr:0\', \'precision:0\', \'ref_param_nr:3\', "referenced_blocks:{\'text_0\': b\'Sensor Not Calibrated\', \'text_1\': b\'Sensor Calibrated\', \'default_addr\': b\'\'}", \'reserved0:0\', \'text_0:987808\', \'text_1:987856\', \'unit:\', \'unit_addr:0\', \'val_0:0.0\', \'val_1:1.0\', \'val_param_nr:2\'])>'
  - 组 'SRS_1'.SRS_VehLongAccelVD data_type: 7 vs 0
  - 组 'SRS_1'.SRS_VehLongAccelVD bit_count: 64 vs 2
  - 组 'SRS_1'.SRS_VehLongAccelVD flags: 0 vs 16
  - 组 'SRS_1'.SRS_VehLongAccelVD conversion: 'None' vs '<ChannelConversion (name: , unit: , comment: , formula: , referenced blocks: {\'text_0\': b\'Initializing\', \'text_1\': b\'Valid\', \'text_2\': b\'Invalid\', \'default_addr\': b\'\'}, address: 987248, fields: [\'_cache:None\', \'address:987248\', \'block_len:136\', \'comment:\', \'comment_addr:0\', \'conversion_type:7\', \'default_addr:0\', \'flags:0\', \'formula:\', "id:b\'##CC\'", \'inv_conv_addr:0\', \'is_user_defined:False\', \'links_nr:8\', \'max_phy_value:0.0\', \'min_phy_value:0.0\', \'name:\', \'name_addr:0\', \'precision:0\', \'ref_param_nr:4\', "referenced_blocks:{\'text_0\': b\'Initializing\', \'text_1\': b\'Valid\', \'text_2\': b\'Invalid\', \'default_addr\': b\'\'}", \'reserved0:0\', \'text_0:987144\', \'text_1:987184\', \'text_2:987216\', \'unit:\', \'unit_addr:0\', \'val_0:0.0\', \'val_1:1.0\', \'val_2:2.0\', \'val_param_nr:3\'])>'
  - 组 'SRS_1'.SRS_VehLatrlAccelVD data_type: 7 vs 0
  - 组 'SRS_1'.SRS_VehLatrlAccelVD bit_count: 64 vs 2
  - 组 'SRS_1'.SRS_VehLatrlAccelVD flags: 0 vs 16
  - 组 'SRS_1'.SRS_VehLatrlAccelVD conversion: 'None' vs '<ChannelConversion (name: , unit: , comment: , formula: , referenced blocks: {\'text_0\': b\'Initializing\', \'text_1\': b\'Valid\', \'text_2\': b\'Invalid\', \'default_addr\': b\'\'}, address: 986592, fields: [\'_cache:None\', \'address:986592\', \'block_len:136\', \'comment:\', \'comment_addr:0\', \'conversion_type:7\', \'default_addr:0\', \'flags:0\', \'formula:\', "id:b\'##CC\'", \'inv_conv_addr:0\', \'is_user_defined:False\', \'links_nr:8\', \'max_phy_value:0.0\', \'min_phy_value:0.0\', \'name:\', \'name_addr:0\', \'precision:0\', \'ref_param_nr:4\', "referenced_blocks:{\'text_0\': b\'Initializing\', \'text_1\': b\'Valid\', \'text_2\': b\'Invalid\', \'default_addr\': b\'\'}", \'reserved0:0\', \'text_0:986488\', \'text_1:986528\', \'text_2:986560\', \'unit:\', \'unit_addr:0\', \'val_0:0.0\', \'val_1:1.0\', \'val_2:2.0\', \'val_param_nr:3\'])>'
  - 组 'SRS_1'.SRS_YawRateVD data_type: 7 vs 0
  - 组 'SRS_1'.SRS_YawRateVD bit_count: 64 vs 2
  - 组 'SRS_1'.SRS_YawRateVD flags: 0 vs 16
  - 组 'SRS_1'.SRS_YawRateVD conversion: 'None' vs '<ChannelConversion (name: , unit: , comment: , formula: , referenced blocks: {\'text_0\': b\'Initializing\', \'text_1\': b\'Valid\', \'text_2\': b\'Invalid\', \'default_addr\': b\'\'}, address: 985960, fields: [\'_cache:None\', \'address:985960\', \'block_len:136\', \'comment:\', \'comment_addr:0\', \'conversion_type:7\', \'default_addr:0\', \'flags:0\', \'formula:\', "id:b\'##CC\'", \'inv_conv_addr:0\', \'is_user_defined:False\', \'links_nr:8\', \'max_phy_value:0.0\', \'min_phy_value:0.0\', \'name:\', \'name_addr:0\', \'precision:0\', \'ref_param_nr:4\', "referenced_blocks:{\'text_0\': b\'Initializing\', \'text_1\': b\'Valid\', \'text_2\': b\'Invalid\', \'default_addr\': b\'\'}", \'reserved0:0\', \'text_0:985856\', \'text_1:985896\', \'text_2:985928\', \'unit:\', \'unit_addr:0\', \'val_0:0.0\', \'val_1:1.0\', \'val_2:2.0\', \'val_param_nr:3\'])>'
  - 组 'SRS_1'.SRS_VehLongAccel data_type: 4 vs 0
  - 组 'SRS_1'.SRS_VehLongAccel bit_count: 64 vs 12
  - 组 'SRS_1'.SRS_VehLongAccel flags: 0 vs 16
  - 组 'SRS_1'.SRS_VehLongAccel conversion: 'None' vs '<ChannelConversion (name: , unit: g, comment: , formula: , referenced blocks: {}, address: 988464, fields: [\'_cache:None\', \'a:0.001\', \'address:988464\', \'b:-2.0\', \'block_len:96\', \'comment:\', \'comment_addr:0\', \'conversion_type:1\', \'flags:0\', \'formula:\', "id:b\'##CC\'", \'inv_conv_addr:0\', \'is_user_defined:False\', \'links_nr:4\', \'max_phy_value:0.0\', \'min_phy_value:0.0\', \'name:\', \'name_addr:0\', \'precision:0\', \'ref_param_nr:0\', \'referenced_blocks:{}\', \'reserved0:0\', \'unit:g\', \'unit_addr:988432\', \'val_param_nr:2\'])>'
  - 组 'SRS_1'.SRS_VehLatrlAccel data_type: 4 vs 0
  - 组 'SRS_1'.SRS_VehLatrlAccel bit_count: 64 vs 12
  - 组 'SRS_1'.SRS_VehLatrlAccel flags: 0 vs 16
  - 组 'SRS_1'.SRS_VehLatrlAccel conversion: 'None' vs '<ChannelConversion (name: , unit: g, comment: , formula: , referenced blocks: {}, address: 989000, fields: [\'_cache:None\', \'a:0.001\', \'address:989000\', \'b:-2.0\', \'block_len:96\', \'comment:\', \'comment_addr:0\', \'conversion_type:1\', \'flags:0\', \'formula:\', "id:b\'##CC\'", \'inv_conv_addr:0\', \'is_user_defined:False\', \'links_nr:4\', \'max_phy_value:0.0\', \'min_phy_value:0.0\', \'name:\', \'name_addr:0\', \'precision:0\', \'ref_param_nr:0\', \'referenced_blocks:{}\', \'reserved0:0\', \'unit:g\', \'unit_addr:988968\', \'val_param_nr:2\'])>'
  - 组 'SRS_1'.SRS_YawRate data_type: 4 vs 0
  - 组 'SRS_1'.SRS_YawRate bit_count: 64 vs 16
  - 组 'SRS_1'.SRS_YawRate flags: 0 vs 16
  - 组 'SRS_1'.SRS_YawRate conversion: 'None' vs '<ChannelConversion (name: , unit: deg/s, comment: , formula: , referenced blocks: {}, address: 989528, fields: [\'_cache:None\', \'a:0.01\', \'address:989528\', \'b:-180.0\', \'block_len:96\', \'comment:\', \'comment_addr:0\', \'conversion_type:1\', \'flags:0\', \'formula:\', "id:b\'##CC\'", \'inv_conv_addr:0\', \'is_user_defined:False\', \'links_nr:4\', \'max_phy_value:0.0\', \'min_phy_value:0.0\', \'name:\', \'name_addr:0\', \'precision:0\', \'ref_param_nr:0\', \'referenced_blocks:{}\', \'reserved0:0\', \'unit:deg/s\', \'unit_addr:989496\', \'val_param_nr:2\'])>'
  - 组 'SRS_2'.t data_type: 4 vs 0
  - 组 'SRS_2'.t conversion: 'None' vs '<ChannelConversion (name: , unit: s, comment: , formula: , referenced blocks: {}, address: 1344, fields: [\'_cache:None\', \'a:1e-09\', \'address:1344\', \'b:0.0\', \'block_len:96\', \'comment:\', \'comment_addr:0\', \'conversion_type:1\', \'flags:0\', \'formula:\', "id:b\'##CC\'", \'inv_conv_addr:0\', \'is_user_defined:False\', \'links_nr:4\', \'max_phy_value:0.0\', \'min_phy_value:0.0\', \'name:\', \'name_addr:0\', \'precision:0\', \'ref_param_nr:0\', \'referenced_blocks:{}\', \'reserved0:0\', \'unit:s\', \'unit_addr:1312\', \'val_param_nr:2\'])>'
  - 组 'SRS_2'.SRS_DriverSeatBeltSt data_type: 7 vs 0
  - 组 'SRS_2'.SRS_DriverSeatBeltSt bit_count: 64 vs 2
  - 组 'SRS_2'.SRS_DriverSeatBeltSt flags: 0 vs 16
  - 组 'SRS_2'.SRS_DriverSeatBeltSt conversion: 'None' vs '<ChannelConversion (name: , unit: , comment: , formula: , referenced blocks: {\'text_0\': b\'Fastened\', \'text_1\': b\'Unfastened\', \'text_2\': b\'Invalid\', \'default_addr\': b\'\'}, address: 996296, fields: [\'_cache:None\', \'address:996296\', \'block_len:136\', \'comment:\', \'comment_addr:0\', \'conversion_type:7\', \'default_addr:0\', \'flags:0\', \'formula:\', "id:b\'##CC\'", \'inv_conv_addr:0\', \'is_user_defined:False\', \'links_nr:8\', \'max_phy_value:0.0\', \'min_phy_value:0.0\', \'name:\', \'name_addr:0\', \'precision:0\', \'ref_param_nr:4\', "referenced_blocks:{\'text_0\': b\'Fastened\', \'text_1\': b\'Unfastened\', \'text_2\': b\'Invalid\', \'default_addr\': b\'\'}", \'reserved0:0\', \'text_0:996184\', \'text_1:996224\', \'text_2:996264\', \'unit:\', \'unit_addr:0\', \'val_0:0.0\', \'val_1:1.0\', \'val_2:3.0\', \'val_param_nr:3\'])>'
  - 组 'ZCUF_NM'.t data_type: 4 vs 0
  - 组 'ZCUF_NM'.t conversion: 'None' vs '<ChannelConversion (name: , unit: s, comment: , formula: , referenced blocks: {}, address: 1344, fields: [\'_cache:None\', \'a:1e-09\', \'address:1344\', \'b:0.0\', \'block_len:96\', \'comment:\', \'comment_addr:0\', \'conversion_type:1\', \'flags:0\', \'formula:\', "id:b\'##CC\'", \'inv_conv_addr:0\', \'is_user_defined:False\', \'links_nr:4\', \'max_phy_value:0.0\', \'min_phy_value:0.0\', \'name:\', \'name_addr:0\', \'precision:0\', \'ref_param_nr:0\', \'referenced_blocks:{}\', \'reserved0:0\', \'unit:s\', \'unit_addr:1312\', \'val_param_nr:2\'])>'
  - 组 'ZCUF_NM'.ZCUF_NMNodeAddress flags: 0 vs 16
  - 组 'ZCUF_NM'.ZCUF_NMWakeupOrigin data_type: 7 vs 0
  - 组 'ZCUF_NM'.ZCUF_NMWakeupOrigin bit_count: 64 vs 8
  - 组 'ZCUF_NM'.ZCUF_NMWakeupOrigin flags: 0 vs 16
  - 组 'ZCUF_NM'.ZCUF_NMWakeupOrigin conversion: 'None' vs '<ChannelConversion (name: , unit: , comment: , formula: , referenced blocks: {\'text_0\': b\'HookAjarSW\', \'text_1\': b\'EBS low battery wakeup\', \'text_2\': b\'EPB(SSM)\', \'text_3\': b\'CAN01_NM Message wakeup\', \'text_4\': b\'CAN02_NM Message wakeup\', \'text_5\': b\'CAN03_NM Message wakeup\', \'text_6\': b\'CAN04_NM Message wakeup\', \'text_7\': b\'DiagID\', \'default_addr\': b\'\'}, address: 896472, fields: [\'_cache:None\', \'address:896472\', \'block_len:216\', \'comment:\', \'comment_addr:0\', \'conversion_type:7\', \'default_addr:0\', \'flags:0\', \'formula:\', "id:b\'##CC\'", \'inv_conv_addr:0\', \'is_user_defined:False\', \'links_nr:13\', \'max_phy_value:0.0\', \'min_phy_value:0.0\', \'name:\', \'name_addr:0\', \'precision:0\', \'ref_param_nr:9\', "referenced_blocks:{\'text_0\': b\'HookAjarSW\', \'text_1\': b\'EBS low battery wakeup\', \'text_2\': b\'EPB(SSM)\', \'text_3\': b\'CAN01_NM Message wakeup\', \'text_4\': b\'CAN02_NM Message wakeup\', \'text_5\': b\'CAN03_NM Message wakeup\', \'text_6\': b\'CAN04_NM Message wakeup\', \'text_7\': b\'DiagID\', \'default_addr\': b\'\'}", \'reserved0:0\', \'text_0:896120\', \'text_1:896160\', \'text_2:896208\', \'text_3:896248\', \'text_4:896296\', \'text_5:896344\', \'text_6:896392\', \'text_7:896440\', \'unit:\', \'unit_addr:0\', \'val_0:80.0\', \'val_1:175.0\', \'val_2:184.0\', \'val_3:241.0\', \'val_4:242.0\', \'val_5:243.0\', \'val_6:244.0\', \'val_7:254.0\', \'val_param_nr:8\'])>'
  - 组 'ZCUF_NM'.ZCUF_PNCInformation0 flags: 0 vs 16
  - 组 'EPB_2'.t data_type: 4 vs 0
  - 组 'EPB_2'.t conversion: 'None' vs '<ChannelConversion (name: , unit: s, comment: , formula: , referenced blocks: {}, address: 1344, fields: [\'_cache:None\', \'a:1e-09\', \'address:1344\', \'b:0.0\', \'block_len:96\', \'comment:\', \'comment_addr:0\', \'conversion_type:1\', \'flags:0\', \'formula:\', "id:b\'##CC\'", \'inv_conv_addr:0\', \'is_user_defined:False\', \'links_nr:4\', \'max_phy_value:0.0\', \'min_phy_value:0.0\', \'name:\', \'name_addr:0\', \'precision:0\', \'ref_param_nr:0\', \'referenced_blocks:{}\', \'reserved0:0\', \'unit:s\', \'unit_addr:1312\', \'val_param_nr:2\'])>'
  - 组 'EPB_2'.EPB_2_CRC flags: 0 vs 16
  - 组 'EPB_2'.EPB_2_Counter flags: 0 vs 16
  - 组 'EPB_2'.EPB_ActuatorSt_L data_type: 7 vs 0
  - 组 'EPB_2'.EPB_ActuatorSt_L bit_count: 64 vs 4
  - 组 'EPB_2'.EPB_ActuatorSt_L flags: 0 vs 16
  - 组 'EPB_2'.EPB_ActuatorSt_L conversion: 'None' vs '<ChannelConversion (name: , unit: , comment: , formula: , referenced blocks: {\'text_0\': b\'PbcActuatorState_Applied\', \'text_1\': b\'PbcActuatorState_Released\', \'text_2\': b\'PbcActuatorState_Applying\', \'text_3\': b\'PbcActuatorState_Releasing\', \'text_4\': b\'PbcActuatorState_Unknown\', \'text_5\': b\'PbcActuatorState_HoldApplied\', \'text_6\': b\'PbcActuatorState_CompletelyReleased\', \'default_addr\': b\'\'}, address: 629064, fields: [\'_cache:None\', \'address:629064\', \'block_len:200\', \'comment:\', \'comment_addr:0\', \'conversion_type:7\', \'default_addr:0\', \'flags:0\', \'formula:\', "id:b\'##CC\'", \'inv_conv_addr:0\', \'is_user_defined:False\', \'links_nr:12\', \'max_phy_value:0.0\', \'min_phy_value:0.0\', \'name:\', \'name_addr:0\', \'precision:0\', \'ref_param_nr:8\', "referenced_blocks:{\'text_0\': b\'PbcActuatorState_Applied\', \'text_1\': b\'PbcActuatorState_Released\', \'text_2\': b\'PbcActuatorState_Applying\', \'text_3\': b\'PbcActuatorState_Releasing\', \'text_4\': b\'PbcActuatorState_Unknown\', \'text_5\': b\'PbcActuatorState_HoldApplied\', \'text_6\': b\'PbcActuatorState_CompletelyReleased\', \'default_addr\': b\'\'}", \'reserved0:0\', \'text_0:628664\', \'text_1:628720\', \'text_2:628776\', \'text_3:628832\', \'text_4:628888\', \'text_5:628944\', \'text_6:629000\', \'unit:\', \'unit_addr:0\', \'val_0:0.0\', \'val_1:1.0\', \'val_2:2.0\', \'val_3:3.0\', \'val_4:4.0\', \'val_5:5.0\', \'val_6:6.0\', \'val_param_nr:7\'])>'
  - 组 'EPB_2'.EPB_SwapHvBattModeSt_L data_type: 7 vs 0
  - 组 'EPB_2'.EPB_SwapHvBattModeSt_L bit_count: 64 vs 2
  - 组 'EPB_2'.EPB_SwapHvBattModeSt_L flags: 0 vs 16
  - 组 'EPB_2'.EPB_SwapHvBattModeSt_L conversion: 'None' vs '<ChannelConversion (name: , unit: , comment: , formula: , referenced blocks: {\'text_0\': b\'SwapHvBattModeSt Off\', \'text_1\': b\'SwapHvBattModeSt open\', \'text_2\': b\'SwapHvBattModeSt failure\', \'default_addr\': b\'\'}, address: 629808, fields: [\'_cache:None\', \'address:629808\', \'block_len:136\', \'comment:\', \'comment_addr:0\', \'conversion_type:7\', \'default_addr:0\', \'flags:0\', \'formula:\', "id:b\'##CC\'", \'inv_conv_addr:0\', \'is_user_defined:False\', \'links_nr:8\', \'max_phy_value:0.0\', \'min_phy_value:0.0\', \'name:\', \'name_addr:0\', \'precision:0\', \'ref_param_nr:4\', "referenced_blocks:{\'text_0\': b\'SwapHvBattModeSt Off\', \'text_1\': b\'SwapHvBattModeSt open\', \'text_2\': b\'SwapHvBattModeSt failure\', \'default_addr\': b\'\'}", \'reserved0:0\', \'text_0:629656\', \'text_1:629704\', \'text_2:629752\', \'unit:\', \'unit_addr:0\', \'val_0:0.0\', \'val_1:1.0\', \'val_2:2.0\', \'val_param_nr:3\'])>'
  - 组 'ZCUF_4': 组内信号序不同 ['ZCUF_4_CRC', 'ZCUF_4_Counter', 'VacuumPumpRelayOutputSt', 'AtmosphericPress', 'AtmosphericPressVD', 'VacPmpEnaPortErr', 'Greenlightdiagnosticoupt', 'Greenlightoupt']... vs ['ZCUF_4_CRC', 'ZCUF_4_Counter', 'VacuumPumpRelayOutputSt', 'AtmosphericPressVD', 'AtmosphericPress', 'Greenlightdiagnosticoupt', 'VacPmpEnaPortErr', 'Bluelightdiagnosticoupt']...
  - 组 'ZCUF_4'.t data_type: 4 vs 0
  - 组 'ZCUF_4'.t conversion: 'None' vs '<ChannelConversion (name: , unit: s, comment: , formula: , referenced blocks: {}, address: 1344, fields: [\'_cache:None\', \'a:1e-09\', \'address:1344\', \'b:0.0\', \'block_len:96\', \'comment:\', \'comment_addr:0\', \'conversion_type:1\', \'flags:0\', \'formula:\', "id:b\'##CC\'", \'inv_conv_addr:0\', \'is_user_defined:False\', \'links_nr:4\', \'max_phy_value:0.0\', \'min_phy_value:0.0\', \'name:\', \'name_addr:0\', \'precision:0\', \'ref_param_nr:0\', \'referenced_blocks:{}\', \'reserved0:0\', \'unit:s\', \'unit_addr:1312\', \'val_param_nr:2\'])>'
  - 组 'ZCUF_4'.ZCUF_4_CRC flags: 0 vs 16
  - 组 'ZCUF_4'.ZCUF_4_Counter flags: 0 vs 16
  - 组 'ZCUF_4'.VacuumPumpRelayOutputSt data_type: 7 vs 0
  - 组 'ZCUF_4'.VacuumPumpRelayOutputSt bit_count: 64 vs 1
  - 组 'ZCUF_4'.VacuumPumpRelayOutputSt flags: 0 vs 16
  - 组 'ZCUF_4'.VacuumPumpRelayOutputSt conversion: 'None' vs '<ChannelConversion (name: , unit: , comment: , formula: , referenced blocks: {\'text_0\': b\'No Request\', \'text_1\': b\'relay drive\', \'default_addr\': b\'\'}, address: 631904, fields: [\'_cache:None\', \'address:631904\', \'block_len:120\', \'comment:\', \'comment_addr:0\', \'conversion_type:7\', \'default_addr:0\', \'flags:0\', \'formula:\', "id:b\'##CC\'", \'inv_conv_addr:0\', \'is_user_defined:False\', \'links_nr:7\', \'max_phy_value:0.0\', \'min_phy_value:0.0\', \'name:\', \'name_addr:0\', \'precision:0\', \'ref_param_nr:3\', "referenced_blocks:{\'text_0\': b\'No Request\', \'text_1\': b\'relay drive\', \'default_addr\': b\'\'}", \'reserved0:0\', \'text_0:631824\', \'text_1:631864\', \'unit:\', \'unit_addr:0\', \'val_0:0.0\', \'val_1:1.0\', \'val_param_nr:2\'])>'
  - 组 'ZCUF_4'.AtmosphericPress data_type: 4 vs 0
  - 组 'ZCUF_4'.AtmosphericPress bit_count: 64 vs 14
  - 组 'ZCUF_4'.AtmosphericPress flags: 0 vs 16
  - 组 'ZCUF_4'.AtmosphericPress conversion: 'None' vs '<ChannelConversion (name: , unit: bar, comment: , formula: , referenced blocks: {}, address: 633024, fields: [\'_cache:None\', \'a:0.0001\', \'address:633024\', \'b:0.0\', \'block_len:96\', \'comment:\', \'comment_addr:0\', \'conversion_type:1\', \'flags:0\', \'formula:\', "id:b\'##CC\'", \'inv_conv_addr:0\', \'is_user_defined:False\', \'links_nr:4\', \'max_phy_value:0.0\', \'min_phy_value:0.0\', \'name:\', \'name_addr:0\', \'precision:0\', \'ref_param_nr:0\', \'referenced_blocks:{}\', \'reserved0:0\', \'unit:bar\', \'unit_addr:632992\', \'val_param_nr:2\'])>'
  - 组 'ZCUF_4'.AtmosphericPressVD data_type: 7 vs 0
  - 组 'ZCUF_4'.AtmosphericPressVD bit_count: 64 vs 1
  - 组 'ZCUF_4'.AtmosphericPressVD flags: 0 vs 16
  - 组 'ZCUF_4'.AtmosphericPressVD conversion: 'None' vs '<ChannelConversion (name: , unit: , comment: , formula: , referenced blocks: {\'text_0\': b\'Invaild\', \'text_1\': b\'Valid\', \'default_addr\': b\'\'}, address: 632488, fields: [\'_cache:None\', \'address:632488\', \'block_len:120\', \'comment:\', \'comment_addr:0\', \'conversion_type:7\', \'default_addr:0\', \'flags:0\', \'formula:\', "id:b\'##CC\'", \'inv_conv_addr:0\', \'is_user_defined:False\', \'links_nr:7\', \'max_phy_value:0.0\', \'min_phy_value:0.0\', \'name:\', \'name_addr:0\', \'precision:0\', \'ref_param_nr:3\', "referenced_blocks:{\'text_0\': b\'Invaild\', \'text_1\': b\'Valid\', \'default_addr\': b\'\'}", \'reserved0:0\', \'text_0:632424\', \'text_1:632456\', \'unit:\', \'unit_addr:0\', \'val_0:0.0\', \'val_1:1.0\', \'val_param_nr:2\'])>'
  - 组 'ZCUF_4'.VacPmpEnaPortErr data_type: 7 vs 0
  - 组 'ZCUF_4'.VacPmpEnaPortErr bit_count: 64 vs 2
  - 组 'ZCUF_4'.VacPmpEnaPortErr flags: 0 vs 16
  - 组 'ZCUF_4'.VacPmpEnaPortErr conversion: 'None' vs '<ChannelConversion (name: , unit: , comment: , formula: , referenced blocks: {\'text_0\': b\'Power stage o.k\', \'text_1\': b\'Open load\', \'text_2\': b\'Short circuit to voltage\', \'text_3\': b\'Short circuit to ground.\', \'default_addr\': b\'\'}, address: 634488, fields: [\'_cache:None\', \'address:634488\', \'block_len:152\', \'comment:\', \'comment_addr:0\', \'conversion_type:7\', \'default_addr:0\', \'flags:0\', \'formula:\', "id:b\'##CC\'", \'inv_conv_addr:0\', \'is_user_defined:False\', \'links_nr:9\', \'max_phy_value:0.0\', \'min_phy_value:0.0\', \'name:\', \'name_addr:0\', \'precision:0\', \'ref_param_nr:5\', "referenced_blocks:{\'text_0\': b\'Power stage o.k\', \'text_1\': b\'Open load\', \'text_2\': b\'Short circuit to voltage\', \'text_3\': b\'Short circuit to ground.\', \'default_addr\': b\'\'}", \'reserved0:0\', \'text_0:634296\', \'text_1:634336\', \'text_2:634376\', \'text_3:634432\', \'unit:\', \'unit_addr:0\', \'val_0:0.0\', \'val_1:1.0\', \'val_2:2.0\', \'val_3:3.0\', \'val_param_nr:4\'])>'
  - 组 'ZCUF_4'.Greenlightdiagnosticoupt data_type: 7 vs 0
  - 组 'ZCUF_4'.Greenlightdiagnosticoupt bit_count: 64 vs 2
  - 组 'ZCUF_4'.Greenlightdiagnosticoupt flags: 0 vs 16
  - 组 'ZCUF_4'.Greenlightdiagnosticoupt conversion: 'None' vs '<ChannelConversion (name: , unit: , comment: , formula: , referenced blocks: {\'text_0\': b\'Power stage o.k\', \'text_1\': b\'Open load\', \'text_2\': b\'Short circuit to voltage\', \'text_3\': b\'Short circuit to ground.\', \'default_addr\': b\'\'}, address: 633696, fields: [\'_cache:None\', \'address:633696\', \'block_len:152\', \'comment:\', \'comment_addr:0\', \'conversion_type:7\', \'default_addr:0\', \'flags:0\', \'formula:\', "id:b\'##CC\'", \'inv_conv_addr:0\', \'is_user_defined:False\', \'links_nr:9\', \'max_phy_value:0.0\', \'min_phy_value:0.0\', \'name:\', \'name_addr:0\', \'precision:0\', \'ref_param_nr:5\', "referenced_blocks:{\'text_0\': b\'Power stage o.k\', \'text_1\': b\'Open load\', \'text_2\': b\'Short circuit to voltage\', \'text_3\': b\'Short circuit to ground.\', \'default_addr\': b\'\'}", \'reserved0:0\', \'text_0:633504\', \'text_1:633544\', \'text_2:633584\', \'text_3:633640\', \'unit:\', \'unit_addr:0\', \'val_0:0.0\', \'val_1:1.0\', \'val_2:2.0\', \'val_3:3.0\', \'val_param_nr:4\'])>'
  - 组 'ZCUF_4'.Greenlightoupt data_type: 7 vs 0
  - 组 'ZCUF_4'.Greenlightoupt bit_count: 64 vs 1
  - 组 'ZCUF_4'.Greenlightoupt flags: 0 vs 16
  - 组 'ZCUF_4'.Greenlightoupt conversion: 'None' vs '<ChannelConversion (name: , unit: , comment: , formula: , referenced blocks: {\'text_0\': b\'Hold\', \'text_1\': b\'Output\', \'default_addr\': b\'\'}, address: 637864, fields: [\'_cache:None\', \'address:637864\', \'block_len:120\', \'comment:\', \'comment_addr:0\', \'conversion_type:7\', \'default_addr:0\', \'flags:0\', \'formula:\', "id:b\'##CC\'", \'inv_conv_addr:0\', \'is_user_defined:False\', \'links_nr:7\', \'max_phy_value:0.0\', \'min_phy_value:0.0\', \'name:\', \'name_addr:0\', \'precision:0\', \'ref_param_nr:3\', "referenced_blocks:{\'text_0\': b\'Hold\', \'text_1\': b\'Output\', \'default_addr\': b\'\'}", \'reserved0:0\', \'text_0:637800\', \'text_1:637832\', \'unit:\', \'unit_addr:0\', \'val_0:0.0\', \'val_1:1.0\', \'val_param_nr:2\'])>'
  - 组 'ZCUF_4'.Redlightoupt data_type: 7 vs 0
  - 组 'ZCUF_4'.Redlightoupt bit_count: 64 vs 1
  - 组 'ZCUF_4'.Redlightoupt flags: 0 vs 16
  - 组 'ZCUF_4'.Redlightoupt conversion: 'None' vs '<ChannelConversion (name: , unit: , comment: , formula: , referenced blocks: {\'text_0\': b\'Hold\', \'text_1\': b\'Output\', \'default_addr\': b\'\'}, address: 637272, fields: [\'_cache:None\', \'address:637272\', \'block_len:120\', \'comment:\', \'comment_addr:0\', \'conversion_type:7\', \'default_addr:0\', \'flags:0\', \'formula:\', "id:b\'##CC\'", \'inv_conv_addr:0\', \'is_user_defined:False\', \'links_nr:7\', \'max_phy_value:0.0\', \'min_phy_value:0.0\', \'name:\', \'name_addr:0\', \'precision:0\', \'ref_param_nr:3\', "referenced_blocks:{\'text_0\': b\'Hold\', \'text_1\': b\'Output\', \'default_addr\': b\'\'}", \'reserved0:0\', \'text_0:637208\', \'text_1:637240\', \'unit:\', \'unit_addr:0\', \'val_0:0.0\', \'val_1:1.0\', \'val_param_nr:2\'])>'
  - 组 'ZCUF_4'.Redlightdiagnosticoupt data_type: 7 vs 0
  - 组 'ZCUF_4'.Redlightdiagnosticoupt bit_count: 64 vs 2
  - 组 'ZCUF_4'.Redlightdiagnosticoupt flags: 0 vs 16
  - 组 'ZCUF_4'.Redlightdiagnosticoupt conversion: 'None' vs '<ChannelConversion (name: , unit: , comment: , formula: , referenced blocks: {\'text_0\': b\'Power stage o.k\', \'text_1\': b\'Open load\', \'text_2\': b\'Short circuit to voltage\', \'text_3\': b\'Short circuit to ground.\', \'default_addr\': b\'\'}, address: 636616, fields: [\'_cache:None\', \'address:636616\', \'block_len:152\', \'comment:\', \'comment_addr:0\', \'conversion_type:7\', \'default_addr:0\', \'flags:0\', \'formula:\', "id:b\'##CC\'", \'inv_conv_addr:0\', \'is_user_defined:False\', \'links_nr:9\', \'max_phy_value:0.0\', \'min_phy_value:0.0\', \'name:\', \'name_addr:0\', \'precision:0\', \'ref_param_nr:5\', "referenced_blocks:{\'text_0\': b\'Power stage o.k\', \'text_1\': b\'Open load\', \'text_2\': b\'Short circuit to voltage\', \'text_3\': b\'Short circuit to ground.\', \'default_addr\': b\'\'}", \'reserved0:0\', \'text_0:636424\', \'text_1:636464\', \'text_2:636504\', \'text_3:636560\', \'unit:\', \'unit_addr:0\', \'val_0:0.0\', \'val_1:1.0\', \'val_2:2.0\', \'val_3:3.0\', \'val_param_nr:4\'])>'
  - 组 'ZCUF_4'.Bluelightoupt data_type: 7 vs 0
  - 组 'ZCUF_4'.Bluelightoupt bit_count: 64 vs 1
  - 组 'ZCUF_4'.Bluelightoupt flags: 0 vs 16
  - 组 'ZCUF_4'.Bluelightoupt conversion: 'None' vs '<ChannelConversion (name: , unit: , comment: , formula: , referenced blocks: {\'text_0\': b\'Hold\', \'text_1\': b\'Output\', \'default_addr\': b\'\'}, address: 635896, fields: [\'_cache:None\', \'address:635896\', \'block_len:120\', \'comment:\', \'comment_addr:0\', \'conversion_type:7\', \'default_addr:0\', \'flags:0\', \'formula:\', "id:b\'##CC\'", \'inv_conv_addr:0\', \'is_user_defined:False\', \'links_nr:7\', \'max_phy_value:0.0\', \'min_phy_value:0.0\', \'name:\', \'name_addr:0\', \'precision:0\', \'ref_param_nr:3\', "referenced_blocks:{\'text_0\': b\'Hold\', \'text_1\': b\'Output\', \'default_addr\': b\'\'}", \'reserved0:0\', \'text_0:635832\', \'text_1:635864\', \'unit:\', \'unit_addr:0\', \'val_0:0.0\', \'val_1:1.0\', \'val_param_nr:2\'])>'
  - 组 'ZCUF_4'.Bluelightdiagnosticoupt data_type: 7 vs 0
  - 组 'ZCUF_4'.Bluelightdiagnosticoupt bit_count: 64 vs 2
  - 组 'ZCUF_4'.Bluelightdiagnosticoupt flags: 0 vs 16
  - 组 'ZCUF_4'.Bluelightdiagnosticoupt conversion: 'None' vs '<ChannelConversion (name: , unit: , comment: , formula: , referenced blocks: {\'text_0\': b\'Power stage o.k\', \'text_1\': b\'Open load\', \'text_2\': b\'Short circuit to voltage\', \'text_3\': b\'Short circuit to ground.\', \'default_addr\': b\'\'}, address: 635240, fields: [\'_cache:None\', \'address:635240\', \'block_len:152\', \'comment:\', \'comment_addr:0\', \'conversion_type:7\', \'default_addr:0\', \'flags:0\', \'formula:\', "id:b\'##CC\'", \'inv_conv_addr:0\', \'is_user_defined:False\', \'links_nr:9\', \'max_phy_value:0.0\', \'min_phy_value:0.0\', \'name:\', \'name_addr:0\', \'precision:0\', \'ref_param_nr:5\', "referenced_blocks:{\'text_0\': b\'Power stage o.k\', \'text_1\': b\'Open load\', \'text_2\': b\'Short circuit to voltage\', \'text_3\': b\'Short circuit to ground.\', \'default_addr\': b\'\'}", \'reserved0:0\', \'text_0:635048\', \'text_1:635088\', \'text_2:635128\', \'text_3:635184\', \'unit:\', \'unit_addr:0\', \'val_0:0.0\', \'val_1:1.0\', \'val_2:2.0\', \'val_3:3.0\', \'val_param_nr:4\'])>'
  - 组 'ZCUF_4'.Hvilst data_type: 7 vs 0
  - 组 'ZCUF_4'.Hvilst bit_count: 64 vs 2
  - 组 'ZCUF_4'.Hvilst flags: 0 vs 16
  - 组 'ZCUF_4'.Hvilst conversion: 'None' vs '<ChannelConversion (name: , unit: , comment: , formula: , referenced blocks: {\'text_0\': b\'HVIL generator is ready but HVIL result is not available(init)\', \'text_1\': b\'HVIL is closed\', \'text_2\': b\'HVIL is interrupted\', \'text_3\': b\'Failure\', \'default_addr\': b\'\'}, address: 639920, fields: [\'_cache:None\', \'address:639920\', \'block_len:152\', \'comment:\', \'comment_addr:0\', \'conversion_type:7\', \'default_addr:0\', \'flags:0\', \'formula:\', "id:b\'##CC\'", \'inv_conv_addr:0\', \'is_user_defined:False\', \'links_nr:9\', \'max_phy_value:0.0\', \'min_phy_value:0.0\', \'name:\', \'name_addr:0\', \'precision:0\', \'ref_param_nr:5\', "referenced_blocks:{\'text_0\': b\'HVIL generator is ready but HVIL result is not available(init)\', \'text_1\': b\'HVIL is closed\', \'text_2\': b\'HVIL is interrupted\', \'text_3\': b\'Failure\', \'default_addr\': b\'\'}", \'reserved0:0\', \'text_0:639712\', \'text_1:639800\', \'text_2:639840\', \'text_3:639888\', \'unit:\', \'unit_addr:0\', \'val_0:0.0\', \'val_1:1.0\', \'val_2:2.0\', \'val_3:3.0\', \'val_param_nr:4\'])>'
  - 组 'ZCUF_4'.HVIL_WareSt data_type: 7 vs 0
  - 组 'ZCUF_4'.HVIL_WareSt bit_count: 64 vs 2
  - 组 'ZCUF_4'.HVIL_WareSt flags: 0 vs 16
  - 组 'ZCUF_4'.HVIL_WareSt conversion: 'None' vs '<ChannelConversion (name: , unit: , comment: , formula: , referenced blocks: {\'text_0\': b\'Ware OK\', \'text_1\': b\'Ware NOK\', \'text_2\': b\'No Ware\', \'default_addr\': b\'\'}, address: 639200, fields: [\'_cache:None\', \'address:639200\', \'block_len:136\', \'comment:\', \'comment_addr:0\', \'conversion_type:7\', \'default_addr:0\', \'flags:0\', \'formula:\', "id:b\'##CC\'", \'inv_conv_addr:0\', \'is_user_defined:False\', \'links_nr:8\', \'max_phy_value:0.0\', \'min_phy_value:0.0\', \'name:\', \'name_addr:0\', \'precision:0\', \'ref_param_nr:4\', "referenced_blocks:{\'text_0\': b\'Ware OK\', \'text_1\': b\'Ware NOK\', \'text_2\': b\'No Ware\', \'default_addr\': b\'\'}", \'reserved0:0\', \'text_0:639096\', \'text_1:639128\', \'text_2:639168\', \'unit:\', \'unit_addr:0\', \'val_0:0.0\', \'val_1:1.0\', \'val_2:2.0\', \'val_param_nr:3\'])>'
  - 组 'ZCUF_4'.HVIL data_type: 7 vs 0
  - 组 'ZCUF_4'.HVIL bit_count: 64 vs 2
  - 组 'ZCUF_4'.HVIL flags: 0 vs 16
  - 组 'ZCUF_4'.HVIL conversion: 'None' vs '<ChannelConversion (name: , unit: , comment: , formula: , referenced blocks: {\'text_0\': b\'Power stage o.k\', \'text_1\': b\'Open load\', \'text_2\': b\'Short circuit to voltage\', \'text_3\': b\'Short circuit to ground.\', \'default_addr\': b\'\'}, address: 638576, fields: [\'_cache:None\', \'address:638576\', \'block_len:152\', \'comment:\', \'comment_addr:0\', \'conversion_type:7\', \'default_addr:0\', \'flags:0\', \'formula:\', "id:b\'##CC\'", \'inv_conv_addr:0\', \'is_user_defined:False\', \'links_nr:9\', \'max_phy_value:0.0\', \'min_phy_value:0.0\', \'name:\', \'name_addr:0\', \'precision:0\', \'ref_param_nr:5\', "referenced_blocks:{\'text_0\': b\'Power stage o.k\', \'text_1\': b\'Open load\', \'text_2\': b\'Short circuit to voltage\', \'text_3\': b\'Short circuit to ground.\', \'default_addr\': b\'\'}", \'reserved0:0\', \'text_0:638384\', \'text_1:638424\', \'text_2:638464\', \'text_3:638520\', \'unit:\', \'unit_addr:0\', \'val_0:0.0\', \'val_1:1.0\', \'val_2:2.0\', \'val_3:3.0\', \'val_param_nr:4\'])>'
  - 组 'ZCUF_1'.t data_type: 4 vs 0
  - 组 'ZCUF_1'.t conversion: 'None' vs '<ChannelConversion (name: , unit: s, comment: , formula: , referenced blocks: {}, address: 1344, fields: [\'_cache:None\', \'a:1e-09\', \'address:1344\', \'b:0.0\', \'block_len:96\', \'comment:\', \'comment_addr:0\', \'conversion_type:1\', \'flags:0\', \'formula:\', "id:b\'##CC\'", \'inv_conv_addr:0\', \'is_user_defined:False\', \'links_nr:4\', \'max_phy_value:0.0\', \'min_phy_value:0.0\', \'name:\', \'name_addr:0\', \'precision:0\', \'ref_param_nr:0\', \'referenced_blocks:{}\', \'reserved0:0\', \'unit:s\', \'unit_addr:1312\', \'val_param_nr:2\'])>'
  - 组 'ZCUF_1'.HVAC_RawExterTempFault data_type: 7 vs 0
  - 组 'ZCUF_1'.HVAC_RawExterTempFault bit_count: 64 vs 2
  - 组 'ZCUF_1'.HVAC_RawExterTempFault flags: 0 vs 16
  - 组 'ZCUF_1'.HVAC_RawExterTempFault conversion: 'None' vs '<ChannelConversion (name: , unit: , comment: , formula: , referenced blocks: {\'text_0\': b\'Normal\', \'text_1\': b\'circuit short to ground\', \'text_2\': b\'circuit short to battery or open\', \'default_addr\': b\'\'}, address: 740520, fields: [\'_cache:None\', \'address:740520\', \'block_len:136\', \'comment:\', \'comment_addr:0\', \'conversion_type:7\', \'default_addr:0\', \'flags:0\', \'formula:\', "id:b\'##CC\'", \'inv_conv_addr:0\', \'is_user_defined:False\', \'links_nr:8\', \'max_phy_value:0.0\', \'min_phy_value:0.0\', \'name:\', \'name_addr:0\', \'precision:0\', \'ref_param_nr:4\', "referenced_blocks:{\'text_0\': b\'Normal\', \'text_1\': b\'circuit short to ground\', \'text_2\': b\'circuit short to battery or open\', \'default_addr\': b\'\'}", \'reserved0:0\', \'text_0:740376\', \'text_1:740408\', \'text_2:740456\', \'unit:\', \'unit_addr:0\', \'val_0:0.0\', \'val_1:1.0\', \'val_2:2.0\', \'val_param_nr:3\'])>'
  - 组 'ZCUF_1'.HVAC_RawExterTemp data_type: 4 vs 0
  - 组 'ZCUF_1'.HVAC_RawExterTemp bit_count: 64 vs 11
  - 组 'ZCUF_1'.HVAC_RawExterTemp flags: 0 vs 16
  - 组 'ZCUF_1'.HVAC_RawExterTemp conversion: 'None' vs '<ChannelConversion (name: , unit: degC, comment: , formula: , referenced blocks: {}, address: 741088, fields: [\'_cache:None\', \'a:0.1\', \'address:741088\', \'b:-40.0\', \'block_len:96\', \'comment:\', \'comment_addr:0\', \'conversion_type:1\', \'flags:0\', \'formula:\', "id:b\'##CC\'", \'inv_conv_addr:0\', \'is_user_defined:False\', \'links_nr:4\', \'max_phy_value:0.0\', \'min_phy_value:0.0\', \'name:\', \'name_addr:0\', \'precision:0\', \'ref_param_nr:0\', \'referenced_blocks:{}\', \'reserved0:0\', \'unit:degC\', \'unit_addr:741056\', \'val_param_nr:2\'])>'
  - 组 'ZCUF_1'.HVAC_ECPLinComSt data_type: 7 vs 0
  - 组 'ZCUF_1'.HVAC_ECPLinComSt bit_count: 64 vs 1
  - 组 'ZCUF_1'.HVAC_ECPLinComSt flags: 0 vs 16
  - 组 'ZCUF_1'.HVAC_ECPLinComSt conversion: 'None' vs '<ChannelConversion (name: , unit: , comment: , formula: , referenced blocks: {\'text_0\': b\'No Error\', \'text_1\': b\'Error\', \'default_addr\': b\'\'}, address: 741664, fields: [\'_cache:None\', \'address:741664\', \'block_len:120\', \'comment:\', \'comment_addr:0\', \'conversion_type:7\', \'default_addr:0\', \'flags:0\', \'formula:\', "id:b\'##CC\'", \'inv_conv_addr:0\', \'is_user_defined:False\', \'links_nr:7\', \'max_phy_value:0.0\', \'min_phy_value:0.0\', \'name:\', \'name_addr:0\', \'precision:0\', \'ref_param_nr:3\', "referenced_blocks:{\'text_0\': b\'No Error\', \'text_1\': b\'Error\', \'default_addr\': b\'\'}", \'reserved0:0\', \'text_0:741592\', \'text_1:741632\', \'unit:\', \'unit_addr:0\', \'val_0:0.0\', \'val_1:1.0\', \'val_param_nr:2\'])>'
  - 组 'ZCUF_1'.HVAC_PTCLinComSt data_type: 7 vs 0
  - 组 'ZCUF_1'.HVAC_PTCLinComSt bit_count: 64 vs 1
  - 组 'ZCUF_1'.HVAC_PTCLinComSt flags: 0 vs 16
  - 组 'ZCUF_1'.HVAC_PTCLinComSt conversion: 'None' vs '<ChannelConversion (name: , unit: , comment: , formula: , referenced blocks: {\'text_0\': b\'No Error\', \'text_1\': b\'Error\', \'default_addr\': b\'\'}, address: 742264, fields: [\'_cache:None\', \'address:742264\', \'block_len:120\', \'comment:\', \'comment_addr:0\', \'conversion_type:7\', \'default_addr:0\', \'flags:0\', \'formula:\', "id:b\'##CC\'", \'inv_conv_addr:0\', \'is_user_defined:False\', \'links_nr:7\', \'max_phy_value:0.0\', \'min_phy_value:0.0\', \'name:\', \'name_addr:0\', \'precision:0\', \'ref_param_nr:3\', "referenced_blocks:{\'text_0\': b\'No Error\', \'text_1\': b\'Error\', \'default_addr\': b\'\'}", \'reserved0:0\', \'text_0:742192\', \'text_1:742232\', \'unit:\', \'unit_addr:0\', \'val_0:0.0\', \'val_1:1.0\', \'val_param_nr:2\'])>'
  - 组 'ZCUF_2': 组内信号序不同 ['WW_FWSHMotorSt', 'LCK_HoodAjarSt', 'EBSF_CurrentRange', 'EBSF_BattCurrent', 'EBSF_BattTemp', 'EBSF_TempSt', 'EBSF_SOC', 'EBSF_SOC_STATE']... vs ['LCK_HoodAjarSt', 'WW_FWSHMotorSt', 'EBSF_CurrentRange', 'EBSF_BattCurrent', 'EBSF_BattTemp', 'EBSF_TempSt', 'EBSF_SOC', 'EBSF_SOC_STATE']...
  - 组 'ZCUF_2'.t data_type: 4 vs 0
  - 组 'ZCUF_2'.t conversion: 'None' vs '<ChannelConversion (name: , unit: s, comment: , formula: , referenced blocks: {}, address: 1344, fields: [\'_cache:None\', \'a:1e-09\', \'address:1344\', \'b:0.0\', \'block_len:96\', \'comment:\', \'comment_addr:0\', \'conversion_type:1\', \'flags:0\', \'formula:\', "id:b\'##CC\'", \'inv_conv_addr:0\', \'is_user_defined:False\', \'links_nr:4\', \'max_phy_value:0.0\', \'min_phy_value:0.0\', \'name:\', \'name_addr:0\', \'precision:0\', \'ref_param_nr:0\', \'referenced_blocks:{}\', \'reserved0:0\', \'unit:s\', \'unit_addr:1312\', \'val_param_nr:2\'])>'
  - 组 'ZCUF_2'.WW_FWSHMotorSt data_type: 7 vs 0
  - 组 'ZCUF_2'.WW_FWSHMotorSt bit_count: 64 vs 2
  - 组 'ZCUF_2'.WW_FWSHMotorSt flags: 0 vs 16
  - 组 'ZCUF_2'.WW_FWSHMotorSt conversion: 'None' vs '<ChannelConversion (name: , unit: , comment: , formula: , referenced blocks: {\'text_0\': b\'OFF\', \'text_1\': b\'ON\', \'text_2\': b\'Failure\', \'default_addr\': b\'\'}, address: 744168, fields: [\'_cache:None\', \'address:744168\', \'block_len:136\', \'comment:\', \'comment_addr:0\', \'conversion_type:7\', \'default_addr:0\', \'flags:0\', \'formula:\', "id:b\'##CC\'", \'inv_conv_addr:0\', \'is_user_defined:False\', \'links_nr:8\', \'max_phy_value:0.0\', \'min_phy_value:0.0\', \'name:\', \'name_addr:0\', \'precision:0\', \'ref_param_nr:4\', "referenced_blocks:{\'text_0\': b\'OFF\', \'text_1\': b\'ON\', \'text_2\': b\'Failure\', \'default_addr\': b\'\'}", \'reserved0:0\', \'text_0:744072\', \'text_1:744104\', \'text_2:744136\', \'unit:\', \'unit_addr:0\', \'val_0:0.0\', \'val_1:1.0\', \'val_2:2.0\', \'val_param_nr:3\'])>'
  - 组 'ZCUF_2'.LCK_HoodAjarSt data_type: 7 vs 0
  - 组 'ZCUF_2'.LCK_HoodAjarSt bit_count: 64 vs 1
  - 组 'ZCUF_2'.LCK_HoodAjarSt flags: 0 vs 16
  - 组 'ZCUF_2'.LCK_HoodAjarSt conversion: 'None' vs '<ChannelConversion (name: , unit: , comment: , formula: , referenced blocks: {\'text_0\': b\'Closed\', \'text_1\': b\'Opened\', \'default_addr\': b\'\'}, address: 743576, fields: [\'_cache:None\', \'address:743576\', \'block_len:120\', \'comment:\', \'comment_addr:0\', \'conversion_type:7\', \'default_addr:0\', \'flags:0\', \'formula:\', "id:b\'##CC\'", \'inv_conv_addr:0\', \'is_user_defined:False\', \'links_nr:7\', \'max_phy_value:0.0\', \'min_phy_value:0.0\', \'name:\', \'name_addr:0\', \'precision:0\', \'ref_param_nr:3\', "referenced_blocks:{\'text_0\': b\'Closed\', \'text_1\': b\'Opened\', \'default_addr\': b\'\'}", \'reserved0:0\', \'text_0:743512\', \'text_1:743544\', \'unit:\', \'unit_addr:0\', \'val_0:0.0\', \'val_1:1.0\', \'val_param_nr:2\'])>'
  - 组 'ZCUF_2'.EBSF_CurrentRange data_type: 7 vs 0
  - 组 'ZCUF_2'.EBSF_CurrentRange bit_count: 64 vs 2
  - 组 'ZCUF_2'.EBSF_CurrentRange flags: 0 vs 16
  - 组 'ZCUF_2'.EBSF_CurrentRange conversion: 'None' vs '<ChannelConversion (name: , unit: , comment: , formula: , referenced blocks: {\'text_0\': b\'current Range [-1, 1A]\', \'text_1\': b\'current Range [-200, 200A]\', \'text_2\': b\'current Range [-1500,1500A]\', \'default_addr\': b\'\'}, address: 744848, fields: [\'_cache:None\', \'address:744848\', \'block_len:136\', \'comment:\', \'comment_addr:0\', \'conversion_type:7\', \'default_addr:0\', \'flags:0\', \'formula:\', "id:b\'##CC\'", \'inv_conv_addr:0\', \'is_user_defined:False\', \'links_nr:8\', \'max_phy_value:0.0\', \'min_phy_value:0.0\', \'name:\', \'name_addr:0\', \'precision:0\', \'ref_param_nr:4\', "referenced_blocks:{\'text_0\': b\'current Range [-1, 1A]\', \'text_1\': b\'current Range [-200, 200A]\', \'text_2\': b\'current Range [-1500,1500A]\', \'default_addr\': b\'\'}", \'reserved0:0\', \'text_0:744688\', \'text_1:744736\', \'text_2:744792\', \'unit:\', \'unit_addr:0\', \'val_0:0.0\', \'val_1:1.0\', \'val_2:2.0\', \'val_param_nr:3\'])>'
  - 组 'ZCUF_2'.EBSF_BattCurrent flags: 0 vs 16
  - 组 'ZCUF_2'.EBSF_BattCurrent conversion: 'None' vs '<ChannelConversion (name: , unit: A, comment: , formula: , referenced blocks: {}, address: 745400, fields: [\'_cache:None\', \'address:745400\', \'block_len:80\', \'comment:\', \'comment_addr:0\', \'conversion_type:0\', \'flags:0\', \'formula:\', "id:b\'##CC\'", \'inv_conv_addr:0\', \'is_user_defined:False\', \'links_nr:4\', \'max_phy_value:0.0\', \'min_phy_value:0.0\', \'name:\', \'name_addr:0\', \'precision:0\', \'ref_param_nr:0\', \'referenced_blocks:{}\', \'reserved0:0\', \'unit:A\', \'unit_addr:745368\', \'val_param_nr:0\'])>'
  - 组 'ZCUF_2'.EBSF_BattTemp data_type: 4 vs 0
  - 组 'ZCUF_2'.EBSF_BattTemp bit_count: 64 vs 8
  - 组 'ZCUF_2'.EBSF_BattTemp flags: 0 vs 16
  - 组 'ZCUF_2'.EBSF_BattTemp conversion: 'None' vs '<ChannelConversion (name: , unit: degC, comment: , formula: , referenced blocks: {}, address: 745888, fields: [\'_cache:None\', \'a:1.0\', \'address:745888\', \'b:-40.0\', \'block_len:96\', \'comment:\', \'comment_addr:0\', \'conversion_type:1\', \'flags:0\', \'formula:\', "id:b\'##CC\'", \'inv_conv_addr:0\', \'is_user_defined:False\', \'links_nr:4\', \'max_phy_value:0.0\', \'min_phy_value:0.0\', \'name:\', \'name_addr:0\', \'precision:0\', \'ref_param_nr:0\', \'referenced_blocks:{}\', \'reserved0:0\', \'unit:degC\', \'unit_addr:745856\', \'val_param_nr:2\'])>'
  - 组 'ZCUF_2'.EBSF_TempSt data_type: 7 vs 0
  - 组 'ZCUF_2'.EBSF_TempSt bit_count: 64 vs 2
  - 组 'ZCUF_2'.EBSF_TempSt flags: 0 vs 16
  - 组 'ZCUF_2'.EBSF_TempSt conversion: 'None' vs '<ChannelConversion (name: , unit: , comment: , formula: , referenced blocks: {\'text_0\': b\'No error\', \'text_1\': b\'HW defect (ADC defect)\', \'text_2\': b\'LIN saturation (no HW defect)\', \'default_addr\': b\'\'}, address: 746504, fields: [\'_cache:None\', \'address:746504\', \'block_len:136\', \'comment:\', \'comment_addr:0\', \'conversion_type:7\', \'default_addr:0\', \'flags:0\', \'formula:\', "id:b\'##CC\'", \'inv_conv_addr:0\', \'is_user_defined:False\', \'links_nr:8\', \'max_phy_value:0.0\', \'min_phy_value:0.0\', \'name:\', \'name_addr:0\', \'precision:0\', \'ref_param_nr:4\', "referenced_blocks:{\'text_0\': b\'No error\', \'text_1\': b\'HW defect (ADC defect)\', \'text_2\': b\'LIN saturation (no HW defect)\', \'default_addr\': b\'\'}", \'reserved0:0\', \'text_0:746360\', \'text_1:746400\', \'text_2:746448\', \'unit:\', \'unit_addr:0\', \'val_0:0.0\', \'val_1:2.0\', \'val_2:3.0\', \'val_param_nr:3\'])>'
  - 组 'ZCUF_2'.EBSF_SOC flags: 0 vs 16
  - 组 'ZCUF_2'.EBSF_SOC conversion: 'None' vs '<ChannelConversion (name: , unit: %, comment: , formula: , referenced blocks: {}, address: 747048, fields: [\'_cache:None\', \'address:747048\', \'block_len:80\', \'comment:\', \'comment_addr:0\', \'conversion_type:0\', \'flags:0\', \'formula:\', "id:b\'##CC\'", \'inv_conv_addr:0\', \'is_user_defined:False\', \'links_nr:4\', \'max_phy_value:0.0\', \'min_phy_value:0.0\', \'name:\', \'name_addr:0\', \'precision:0\', \'ref_param_nr:0\', \'referenced_blocks:{}\', \'reserved0:0\', \'unit:%\', \'unit_addr:747016\', \'val_param_nr:0\'])>'
  - 组 'ZCUF_2'.EBSF_SOC_STATE data_type: 7 vs 0
  - 组 'ZCUF_2'.EBSF_SOC_STATE bit_count: 64 vs 2
  - 组 'ZCUF_2'.EBSF_SOC_STATE flags: 0 vs 16
  - 组 'ZCUF_2'.EBSF_SOC_STATE conversion: 'None' vs '<ChannelConversion (name: , unit: , comment: , formula: , referenced blocks: {\'text_0\': b\'deviation > 15%\', \'text_1\': b\'deviation <15%\', \'text_2\': b\'deviation < 10%\', \'text_3\': b\'invalid\', \'default_addr\': b\'\'}, address: 747648, fields: [\'_cache:None\', \'address:747648\', \'block_len:152\', \'comment:\', \'comment_addr:0\', \'conversion_type:7\', \'default_addr:0\', \'flags:0\', \'formula:\', "id:b\'##CC\'", \'inv_conv_addr:0\', \'is_user_defined:False\', \'links_nr:9\', \'max_phy_value:0.0\', \'min_phy_value:0.0\', \'name:\', \'name_addr:0\', \'precision:0\', \'ref_param_nr:5\', "referenced_blocks:{\'text_0\': b\'deviation > 15%\', \'text_1\': b\'deviation <15%\', \'text_2\': b\'deviation < 10%\', \'text_3\': b\'invalid\', \'default_addr\': b\'\'}", \'reserved0:0\', \'text_0:747496\', \'text_1:747536\', \'text_2:747576\', \'text_3:747616\', \'unit:\', \'unit_addr:0\', \'val_0:0.0\', \'val_1:1.0\', \'val_2:2.0\', \'val_3:3.0\', \'val_param_nr:4\'])>'
  - 组 'ZCUF_5'.t data_type: 4 vs 0
  - 组 'ZCUF_5'.t conversion: 'None' vs '<ChannelConversion (name: , unit: s, comment: , formula: , referenced blocks: {}, address: 1344, fields: [\'_cache:None\', \'a:1e-09\', \'address:1344\', \'b:0.0\', \'block_len:96\', \'comment:\', \'comment_addr:0\', \'conversion_type:1\', \'flags:0\', \'formula:\', "id:b\'##CC\'", \'inv_conv_addr:0\', \'is_user_defined:False\', \'links_nr:4\', \'max_phy_value:0.0\', \'min_phy_value:0.0\', \'name:\', \'name_addr:0\', \'precision:0\', \'ref_param_nr:0\', \'referenced_blocks:{}\', \'reserved0:0\', \'unit:s\', \'unit_addr:1312\', \'val_param_nr:2\'])>'
  - 组 'ZCUF_5'.IPDS_KL15F1PowerSt data_type: 7 vs 0
  - 组 'ZCUF_5'.IPDS_KL15F1PowerSt bit_count: 64 vs 1
  - 组 'ZCUF_5'.IPDS_KL15F1PowerSt flags: 0 vs 16
  - 组 'ZCUF_5'.IPDS_KL15F1PowerSt conversion: 'None' vs '<ChannelConversion (name: , unit: , comment: , formula: , referenced blocks: {\'text_0\': b\'Not Active\', \'text_1\': b\'Active\', \'default_addr\': b\'\'}, address: 748976, fields: [\'_cache:None\', \'address:748976\', \'block_len:120\', \'comment:\', \'comment_addr:0\', \'conversion_type:7\', \'default_addr:0\', \'flags:0\', \'formula:\', "id:b\'##CC\'", \'inv_conv_addr:0\', \'is_user_defined:False\', \'links_nr:7\', \'max_phy_value:0.0\', \'min_phy_value:0.0\', \'name:\', \'name_addr:0\', \'precision:0\', \'ref_param_nr:3\', "referenced_blocks:{\'text_0\': b\'Not Active\', \'text_1\': b\'Active\', \'default_addr\': b\'\'}", \'reserved0:0\', \'text_0:748904\', \'text_1:748944\', \'unit:\', \'unit_addr:0\', \'val_0:0.0\', \'val_1:1.0\', \'val_param_nr:2\'])>'
  - 组 'ZCUF_5'.UINM_LowVoltMaintainSwSt data_type: 7 vs 0
  - 组 'ZCUF_5'.UINM_LowVoltMaintainSwSt bit_count: 64 vs 2
  - 组 'ZCUF_5'.UINM_LowVoltMaintainSwSt flags: 0 vs 16
  - 组 'ZCUF_5'.UINM_LowVoltMaintainSwSt conversion: 'None' vs '<ChannelConversion (name: , unit: , comment: , formula: , referenced blocks: {\'text_0\': b\'Close\', \'text_1\': b\'Open\', \'text_2\': b\'Invalid\', \'default_addr\': b\'\'}, address: 749576, fields: [\'_cache:None\', \'address:749576\', \'block_len:136\', \'comment:\', \'comment_addr:0\', \'conversion_type:7\', \'default_addr:0\', \'flags:0\', \'formula:\', "id:b\'##CC\'", \'inv_conv_addr:0\', \'is_user_defined:False\', \'links_nr:8\', \'max_phy_value:0.0\', \'min_phy_value:0.0\', \'name:\', \'name_addr:0\', \'precision:0\', \'ref_param_nr:4\', "referenced_blocks:{\'text_0\': b\'Close\', \'text_1\': b\'Open\', \'text_2\': b\'Invalid\', \'default_addr\': b\'\'}", \'reserved0:0\', \'text_0:749480\', \'text_1:749512\', \'text_2:749544\', \'unit:\', \'unit_addr:0\', \'val_0:0.0\', \'val_1:1.0\', \'val_2:2.0\', \'val_param_nr:3\'])>'
  - 组 'ZCUL_2'.t data_type: 4 vs 0
  - 组 'ZCUL_2'.t conversion: 'None' vs '<ChannelConversion (name: , unit: s, comment: , formula: , referenced blocks: {}, address: 1344, fields: [\'_cache:None\', \'a:1e-09\', \'address:1344\', \'b:0.0\', \'block_len:96\', \'comment:\', \'comment_addr:0\', \'conversion_type:1\', \'flags:0\', \'formula:\', "id:b\'##CC\'", \'inv_conv_addr:0\', \'is_user_defined:False\', \'links_nr:4\', \'max_phy_value:0.0\', \'min_phy_value:0.0\', \'name:\', \'name_addr:0\', \'precision:0\', \'ref_param_nr:0\', \'referenced_blocks:{}\', \'reserved0:0\', \'unit:s\', \'unit_addr:1312\', \'val_param_nr:2\'])>'
  - 组 'ZCUL_2'.UMM_DriverSeatSt data_type: 7 vs 0
  - 组 'ZCUL_2'.UMM_DriverSeatSt bit_count: 64 vs 2
  - 组 'ZCUL_2'.UMM_DriverSeatSt flags: 0 vs 16
  - 组 'ZCUL_2'.UMM_DriverSeatSt conversion: 'None' vs '<ChannelConversion (name: , unit: , comment: , formula: , referenced blocks: {\'text_0\': b\'Undefined\', \'text_1\': b\'Off\', \'text_2\': b\'On\', \'text_3\': b\'Failure\', \'default_addr\': b\'\'}, address: 641320, fields: [\'_cache:None\', \'address:641320\', \'block_len:152\', \'comment:\', \'comment_addr:0\', \'conversion_type:7\', \'default_addr:0\', \'flags:0\', \'formula:\', "id:b\'##CC\'", \'inv_conv_addr:0\', \'is_user_defined:False\', \'links_nr:9\', \'max_phy_value:0.0\', \'min_phy_value:0.0\', \'name:\', \'name_addr:0\', \'precision:0\', \'ref_param_nr:5\', "referenced_blocks:{\'text_0\': b\'Undefined\', \'text_1\': b\'Off\', \'text_2\': b\'On\', \'text_3\': b\'Failure\', \'default_addr\': b\'\'}", \'reserved0:0\', \'text_0:641184\', \'text_1:641224\', \'text_2:641256\', \'text_3:641288\', \'unit:\', \'unit_addr:0\', \'val_0:0.0\', \'val_1:1.0\', \'val_2:2.0\', \'val_3:3.0\', \'val_param_nr:4\'])>'
  - 组 'ZCUL_2'.UINM_FrontLeftPowerReleaseReq data_type: 7 vs 0
  - 组 'ZCUL_2'.UINM_FrontLeftPowerReleaseReq bit_count: 64 vs 1
  - 组 'ZCUL_2'.UINM_FrontLeftPowerReleaseReq flags: 0 vs 16
  - 组 'ZCUL_2'.UINM_FrontLeftPowerReleaseReq conversion: 'None' vs '<ChannelConversion (name: , unit: , comment: , formula: , referenced blocks: {\'text_0\': b\'NoReq\', \'text_1\': b\'Release\', \'default_addr\': b\'\'}, address: 641928, fields: [\'_cache:None\', \'address:641928\', \'block_len:120\', \'comment:\', \'comment_addr:0\', \'conversion_type:7\', \'default_addr:0\', \'flags:0\', \'formula:\', "id:b\'##CC\'", \'inv_conv_addr:0\', \'is_user_defined:False\', \'links_nr:7\', \'max_phy_value:0.0\', \'min_phy_value:0.0\', \'name:\', \'name_addr:0\', \'precision:0\', \'ref_param_nr:3\', "referenced_blocks:{\'text_0\': b\'NoReq\', \'text_1\': b\'Release\', \'default_addr\': b\'\'}", \'reserved0:0\', \'text_0:641864\', \'text_1:641896\', \'unit:\', \'unit_addr:0\', \'val_0:0.0\', \'val_1:1.0\', \'val_param_nr:2\'])>'
  - 组 'ZCUL_3': 组内信号序不同 ['UINM_ACdisChgEnReq', 'UINM_ACEleclockswitchReq', 'ACdischglampstoupt', 'ACdischglampdiagnosisoupt', 'ACplugeleclocklightSt', 'ACplugElecLockLightDiagOupt', 'LCK_FrontLeftDoorHandlePosition']... vs ['ACplugeleclocklightSt', 'ACdischglampdiagnosisoupt', 'ACdischglampstoupt', 'UINM_ACEleclockswitchReq', 'UINM_ACdisChgEnReq', 'ACplugElecLockLightDiagOupt', 'LCK_FrontLeftDoorHandlePosition']...
  - 组 'ZCUL_3'.t data_type: 4 vs 0
  - 组 'ZCUL_3'.t conversion: 'None' vs '<ChannelConversion (name: , unit: s, comment: , formula: , referenced blocks: {}, address: 1344, fields: [\'_cache:None\', \'a:1e-09\', \'address:1344\', \'b:0.0\', \'block_len:96\', \'comment:\', \'comment_addr:0\', \'conversion_type:1\', \'flags:0\', \'formula:\', "id:b\'##CC\'", \'inv_conv_addr:0\', \'is_user_defined:False\', \'links_nr:4\', \'max_phy_value:0.0\', \'min_phy_value:0.0\', \'name:\', \'name_addr:0\', \'precision:0\', \'ref_param_nr:0\', \'referenced_blocks:{}\', \'reserved0:0\', \'unit:s\', \'unit_addr:1312\', \'val_param_nr:2\'])>'
  - 组 'ZCUL_3'.UINM_ACdisChgEnReq data_type: 7 vs 0
  - 组 'ZCUL_3'.UINM_ACdisChgEnReq bit_count: 64 vs 2
  - 组 'ZCUL_3'.UINM_ACdisChgEnReq flags: 0 vs 16
  - 组 'ZCUL_3'.UINM_ACdisChgEnReq conversion: 'None' vs '<ChannelConversion (name: , unit: , comment: , formula: , referenced blocks: {\'text_0\': b\'No press\', \'text_1\': b\'press\', \'text_2\': b\'Signal not available(stuck)\', \'default_addr\': b\'\'}, address: 687096, fields: [\'_cache:None\', \'address:687096\', \'block_len:136\', \'comment:\', \'comment_addr:0\', \'conversion_type:7\', \'default_addr:0\', \'flags:0\', \'formula:\', "id:b\'##CC\'", \'inv_conv_addr:0\', \'is_user_defined:False\', \'links_nr:8\', \'max_phy_value:0.0\', \'min_phy_value:0.0\', \'name:\', \'name_addr:0\', \'precision:0\', \'ref_param_nr:4\', "referenced_blocks:{\'text_0\': b\'No press\', \'text_1\': b\'press\', \'text_2\': b\'Signal not available(stuck)\', \'default_addr\': b\'\'}", \'reserved0:0\', \'text_0:686968\', \'text_1:687008\', \'text_2:687040\', \'unit:\', \'unit_addr:0\', \'val_0:0.0\', \'val_1:1.0\', \'val_2:2.0\', \'val_param_nr:3\'])>'
  - 组 'ZCUL_3'.UINM_ACEleclockswitchReq data_type: 7 vs 0
  - 组 'ZCUL_3'.UINM_ACEleclockswitchReq bit_count: 64 vs 2
  - 组 'ZCUL_3'.UINM_ACEleclockswitchReq flags: 0 vs 16
  - 组 'ZCUL_3'.UINM_ACEleclockswitchReq conversion: 'None' vs '<ChannelConversion (name: , unit: , comment: , formula: , referenced blocks: {\'text_0\': b\'No press\', \'text_1\': b\'press\', \'text_2\': b\'Signal not available(stuck)\', \'default_addr\': b\'\'}, address: 686416, fields: [\'_cache:None\', \'address:686416\', \'block_len:136\', \'comment:\', \'comment_addr:0\', \'conversion_type:7\', \'default_addr:0\', \'flags:0\', \'formula:\', "id:b\'##CC\'", \'inv_conv_addr:0\', \'is_user_defined:False\', \'links_nr:8\', \'max_phy_value:0.0\', \'min_phy_value:0.0\', \'name:\', \'name_addr:0\', \'precision:0\', \'ref_param_nr:4\', "referenced_blocks:{\'text_0\': b\'No press\', \'text_1\': b\'press\', \'text_2\': b\'Signal not available(stuck)\', \'default_addr\': b\'\'}", \'reserved0:0\', \'text_0:686288\', \'text_1:686328\', \'text_2:686360\', \'unit:\', \'unit_addr:0\', \'val_0:0.0\', \'val_1:1.0\', \'val_2:2.0\', \'val_param_nr:3\'])>'
  - 组 'ZCUL_3'.ACdischglampstoupt data_type: 7 vs 0
  - 组 'ZCUL_3'.ACdischglampstoupt bit_count: 64 vs 1
  - 组 'ZCUL_3'.ACdischglampstoupt flags: 0 vs 16
  - 组 'ZCUL_3'.ACdischglampstoupt conversion: 'None' vs '<ChannelConversion (name: , unit: , comment: , formula: , referenced blocks: {\'text_0\': b\'Hold\', \'text_1\': b\'Output\', \'default_addr\': b\'\'}, address: 685752, fields: [\'_cache:None\', \'address:685752\', \'block_len:120\', \'comment:\', \'comment_addr:0\', \'conversion_type:7\', \'default_addr:0\', \'flags:0\', \'formula:\', "id:b\'##CC\'", \'inv_conv_addr:0\', \'is_user_defined:False\', \'links_nr:7\', \'max_phy_value:0.0\', \'min_phy_value:0.0\', \'name:\', \'name_addr:0\', \'precision:0\', \'ref_param_nr:3\', "referenced_blocks:{\'text_0\': b\'Hold\', \'text_1\': b\'Output\', \'default_addr\': b\'\'}", \'reserved0:0\', \'text_0:685688\', \'text_1:685720\', \'unit:\', \'unit_addr:0\', \'val_0:0.0\', \'val_1:1.0\', \'val_param_nr:2\'])>'
  - 组 'ZCUL_3'.ACdischglampdiagnosisoupt data_type: 7 vs 0
  - 组 'ZCUL_3'.ACdischglampdiagnosisoupt bit_count: 64 vs 2
  - 组 'ZCUL_3'.ACdischglampdiagnosisoupt flags: 0 vs 16
  - 组 'ZCUL_3'.ACdischglampdiagnosisoupt conversion: 'None' vs '<ChannelConversion (name: , unit: , comment: , formula: , referenced blocks: {\'text_0\': b\'Power stage o.k\', \'text_1\': b\'Open load\', \'text_2\': b\'Short circuit to voltage\', \'text_3\': b\'Short circuit to ground.\', \'default_addr\': b\'\'}, address: 685104, fields: [\'_cache:None\', \'address:685104\', \'block_len:152\', \'comment:\', \'comment_addr:0\', \'conversion_type:7\', \'default_addr:0\', \'flags:0\', \'formula:\', "id:b\'##CC\'", \'inv_conv_addr:0\', \'is_user_defined:False\', \'links_nr:9\', \'max_phy_value:0.0\', \'min_phy_value:0.0\', \'name:\', \'name_addr:0\', \'precision:0\', \'ref_param_nr:5\', "referenced_blocks:{\'text_0\': b\'Power stage o.k\', \'text_1\': b\'Open load\', \'text_2\': b\'Short circuit to voltage\', \'text_3\': b\'Short circuit to ground.\', \'default_addr\': b\'\'}", \'reserved0:0\', \'text_0:684912\', \'text_1:684952\', \'text_2:684992\', \'text_3:685048\', \'unit:\', \'unit_addr:0\', \'val_0:0.0\', \'val_1:1.0\', \'val_2:2.0\', \'val_3:3.0\', \'val_param_nr:4\'])>'
  - 组 'ZCUL_3'.ACplugeleclocklightSt data_type: 7 vs 0
  - 组 'ZCUL_3'.ACplugeleclocklightSt bit_count: 64 vs 1
  - 组 'ZCUL_3'.ACplugeleclocklightSt flags: 0 vs 16
  - 组 'ZCUL_3'.ACplugeleclocklightSt conversion: 'None' vs '<ChannelConversion (name: , unit: , comment: , formula: , referenced blocks: {\'text_0\': b\'Hold\', \'text_1\': b\'Output\', \'default_addr\': b\'\'}, address: 684360, fields: [\'_cache:None\', \'address:684360\', \'block_len:120\', \'comment:\', \'comment_addr:0\', \'conversion_type:7\', \'default_addr:0\', \'flags:0\', \'formula:\', "id:b\'##CC\'", \'inv_conv_addr:0\', \'is_user_defined:False\', \'links_nr:7\', \'max_phy_value:0.0\', \'min_phy_value:0.0\', \'name:\', \'name_addr:0\', \'precision:0\', \'ref_param_nr:3\', "referenced_blocks:{\'text_0\': b\'Hold\', \'text_1\': b\'Output\', \'default_addr\': b\'\'}", \'reserved0:0\', \'text_0:684296\', \'text_1:684328\', \'unit:\', \'unit_addr:0\', \'val_0:0.0\', \'val_1:1.0\', \'val_param_nr:2\'])>'
  - 组 'ZCUL_3'.ACplugElecLockLightDiagOupt data_type: 7 vs 0
  - 组 'ZCUL_3'.ACplugElecLockLightDiagOupt bit_count: 64 vs 2
  - 组 'ZCUL_3'.ACplugElecLockLightDiagOupt flags: 0 vs 16
  - 组 'ZCUL_3'.ACplugElecLockLightDiagOupt conversion: 'None' vs '<ChannelConversion (name: , unit: , comment: , formula: , referenced blocks: {\'text_0\': b\'Power stage o.k\', \'text_1\': b\'Open load\', \'text_2\': b\'Short circuit to voltage\', \'text_3\': b\'Short circuit to ground.\', \'default_addr\': b\'\'}, address: 687824, fields: [\'_cache:None\', \'address:687824\', \'block_len:152\', \'comment:\', \'comment_addr:0\', \'conversion_type:7\', \'default_addr:0\', \'flags:0\', \'formula:\', "id:b\'##CC\'", \'inv_conv_addr:0\', \'is_user_defined:False\', \'links_nr:9\', \'max_phy_value:0.0\', \'min_phy_value:0.0\', \'name:\', \'name_addr:0\', \'precision:0\', \'ref_param_nr:5\', "referenced_blocks:{\'text_0\': b\'Power stage o.k\', \'text_1\': b\'Open load\', \'text_2\': b\'Short circuit to voltage\', \'text_3\': b\'Short circuit to ground.\', \'default_addr\': b\'\'}", \'reserved0:0\', \'text_0:687632\', \'text_1:687672\', \'text_2:687712\', \'text_3:687768\', \'unit:\', \'unit_addr:0\', \'val_0:0.0\', \'val_1:1.0\', \'val_2:2.0\', \'val_3:3.0\', \'val_param_nr:4\'])>'
  - 组 'ZCUL_3'.LCK_FrontLeftDoorHandlePosition data_type: 7 vs 0
  - 组 'ZCUL_3'.LCK_FrontLeftDoorHandlePosition bit_count: 64 vs 8
  - 组 'ZCUL_3'.LCK_FrontLeftDoorHandlePosition flags: 0 vs 16
  - 组 'ZCUL_3'.LCK_FrontLeftDoorHandlePosition conversion: 'None' vs '<ChannelConversion (name: , unit: , comment: , formula: , referenced blocks: {\'text_0\': b\'FullyClosed\', \'text_1\': b\'FullyOpened\', \'text_2\': b\'Uninitialized\', \'text_3\': b\'Unknown\', \'default_addr\': b\'\'}, address: 688576, fields: [\'_cache:None\', \'address:688576\', \'block_len:152\', \'comment:\', \'comment_addr:0\', \'conversion_type:7\', \'default_addr:0\', \'flags:0\', \'formula:\', "id:b\'##CC\'", \'inv_conv_addr:0\', \'is_user_defined:False\', \'links_nr:9\', \'max_phy_value:0.0\', \'min_phy_value:0.0\', \'name:\', \'name_addr:0\', \'precision:0\', \'ref_param_nr:5\', "referenced_blocks:{\'text_0\': b\'FullyClosed\', \'text_1\': b\'FullyOpened\', \'text_2\': b\'Uninitialized\', \'text_3\': b\'Unknown\', \'default_addr\': b\'\'}", \'reserved0:0\', \'text_0:688424\', \'text_1:688464\', \'text_2:688504\', \'text_3:688544\', \'unit:\', \'unit_addr:0\', \'val_0:0.0\', \'val_1:100.0\', \'val_2:254.0\', \'val_3:255.0\', \'val_param_nr:4\'])>'
  - 组 'ZCUL_5'.t data_type: 4 vs 0
  - 组 'ZCUL_5'.t conversion: 'None' vs '<ChannelConversion (name: , unit: s, comment: , formula: , referenced blocks: {}, address: 1344, fields: [\'_cache:None\', \'a:1e-09\', \'address:1344\', \'b:0.0\', \'block_len:96\', \'comment:\', \'comment_addr:0\', \'conversion_type:1\', \'flags:0\', \'formula:\', "id:b\'##CC\'", \'inv_conv_addr:0\', \'is_user_defined:False\', \'links_nr:4\', \'max_phy_value:0.0\', \'min_phy_value:0.0\', \'name:\', \'name_addr:0\', \'precision:0\', \'ref_param_nr:0\', \'referenced_blocks:{}\', \'reserved0:0\', \'unit:s\', \'unit_addr:1312\', \'val_param_nr:2\'])>'
  - 组 'ZCUL_5'.IPDS_SRSECUPowerSt data_type: 7 vs 0
  - 组 'ZCUL_5'.IPDS_SRSECUPowerSt bit_count: 64 vs 1
  - 组 'ZCUL_5'.IPDS_SRSECUPowerSt flags: 0 vs 16
  - 组 'ZCUL_5'.IPDS_SRSECUPowerSt conversion: 'None' vs '<ChannelConversion (name: , unit: , comment: , formula: , referenced blocks: {\'text_0\': b\'Not Active\', \'text_1\': b\'Active\', \'default_addr\': b\'\'}, address: 689936, fields: [\'_cache:None\', \'address:689936\', \'block_len:120\', \'comment:\', \'comment_addr:0\', \'conversion_type:7\', \'default_addr:0\', \'flags:0\', \'formula:\', "id:b\'##CC\'", \'inv_conv_addr:0\', \'is_user_defined:False\', \'links_nr:7\', \'max_phy_value:0.0\', \'min_phy_value:0.0\', \'name:\', \'name_addr:0\', \'precision:0\', \'ref_param_nr:3\', "referenced_blocks:{\'text_0\': b\'Not Active\', \'text_1\': b\'Active\', \'default_addr\': b\'\'}", \'reserved0:0\', \'text_0:689864\', \'text_1:689904\', \'unit:\', \'unit_addr:0\', \'val_0:0.0\', \'val_1:1.0\', \'val_param_nr:2\'])>'
  - 组 'ZCUL_5'.IPDS_KL15L1PowerSt data_type: 7 vs 0
  - 组 'ZCUL_5'.IPDS_KL15L1PowerSt bit_count: 64 vs 1
  - 组 'ZCUL_5'.IPDS_KL15L1PowerSt flags: 0 vs 16
  - 组 'ZCUL_5'.IPDS_KL15L1PowerSt conversion: 'None' vs '<ChannelConversion (name: , unit: , comment: , formula: , referenced blocks: {\'text_0\': b\'Not Active\', \'text_1\': b\'Active\', \'default_addr\': b\'\'}, address: 690512, fields: [\'_cache:None\', \'address:690512\', \'block_len:120\', \'comment:\', \'comment_addr:0\', \'conversion_type:7\', \'default_addr:0\', \'flags:0\', \'formula:\', "id:b\'##CC\'", \'inv_conv_addr:0\', \'is_user_defined:False\', \'links_nr:7\', \'max_phy_value:0.0\', \'min_phy_value:0.0\', \'name:\', \'name_addr:0\', \'precision:0\', \'ref_param_nr:3\', "referenced_blocks:{\'text_0\': b\'Not Active\', \'text_1\': b\'Active\', \'default_addr\': b\'\'}", \'reserved0:0\', \'text_0:690440\', \'text_1:690480\', \'unit:\', \'unit_addr:0\', \'val_0:0.0\', \'val_1:1.0\', \'val_param_nr:2\'])>'
  - 组 'ZCUL_5'.IPDS_SRSECUPowerFaultSt data_type: 7 vs 0
  - 组 'ZCUL_5'.IPDS_SRSECUPowerFaultSt bit_count: 64 vs 3
  - 组 'ZCUL_5'.IPDS_SRSECUPowerFaultSt flags: 0 vs 16
  - 组 'ZCUL_5'.IPDS_SRSECUPowerFaultSt conversion: 'None' vs '<ChannelConversion (name: , unit: , comment: , formula: , referenced blocks: {\'text_0\': b\'Normal\', \'text_1\': b\'Circuit short to ground\', \'text_2\': b\'Circuit short to battery\', \'text_3\': b\'Open\', \'text_4\': b\'Overpower\', \'default_addr\': b\'\'}, address: 691224, fields: [\'_cache:None\', \'address:691224\', \'block_len:168\', \'comment:\', \'comment_addr:0\', \'conversion_type:7\', \'default_addr:0\', \'flags:0\', \'formula:\', "id:b\'##CC\'", \'inv_conv_addr:0\', \'is_user_defined:False\', \'links_nr:10\', \'max_phy_value:0.0\', \'min_phy_value:0.0\', \'name:\', \'name_addr:0\', \'precision:0\', \'ref_param_nr:6\', "referenced_blocks:{\'text_0\': b\'Normal\', \'text_1\': b\'Circuit short to ground\', \'text_2\': b\'Circuit short to battery\', \'text_3\': b\'Open\', \'text_4\': b\'Overpower\', \'default_addr\': b\'\'}", \'reserved0:0\', \'text_0:691016\', \'text_1:691048\', \'text_2:691096\', \'text_3:691152\', \'text_4:691184\', \'unit:\', \'unit_addr:0\', \'val_0:0.0\', \'val_1:1.0\', \'val_2:2.0\', \'val_3:3.0\', \'val_4:4.0\', \'val_param_nr:5\'])>'
  - 组 'ZCUL_NM'.t data_type: 4 vs 0
  - 组 'ZCUL_NM'.t conversion: 'None' vs '<ChannelConversion (name: , unit: s, comment: , formula: , referenced blocks: {}, address: 1344, fields: [\'_cache:None\', \'a:1e-09\', \'address:1344\', \'b:0.0\', \'block_len:96\', \'comment:\', \'comment_addr:0\', \'conversion_type:1\', \'flags:0\', \'formula:\', "id:b\'##CC\'", \'inv_conv_addr:0\', \'is_user_defined:False\', \'links_nr:4\', \'max_phy_value:0.0\', \'min_phy_value:0.0\', \'name:\', \'name_addr:0\', \'precision:0\', \'ref_param_nr:0\', \'referenced_blocks:{}\', \'reserved0:0\', \'unit:s\', \'unit_addr:1312\', \'val_param_nr:2\'])>'
  - 组 'ZCUL_NM'.ZCUL_NMNodeAddress flags: 0 vs 16
  - 组 'ZCUL_NM'.ZCUL_NMWakeupOrigin data_type: 7 vs 0
  - 组 'ZCUL_NM'.ZCUL_NMWakeupOrigin bit_count: 64 vs 8
  - 组 'ZCUL_NM'.ZCUL_NMWakeupOrigin flags: 0 vs 16
  - 组 'ZCUL_NM'.ZCUL_NMWakeupOrigin conversion: 'None' vs '<ChannelConversion (name: , unit: , comment: , formula: , referenced blocks: {\'text_0\': b\'FLSeatBackrestAdjSwSt\', \'text_1\': b\'FLSeatTiltAdjSwSt\', \'text_2\': b\'FLSeatSlideAdjSw\', \'text_3\': b\'FLSeatHeightAdjSw\', \'text_4\': b\'FLSeatCushionAdjSw\', \'text_5\': b\'PositionLightSw\', \'text_6\': b\'HazardLightSw\', \'text_7\': b\'SteeringAngleAdjSwSt\', \'text_8\': b\'SteeringExtentAdjSwSt\', \'text_9\': b\'FLDoorOutsideSw\', \'text_10\': b\'Central unlock sw\', \'text_11\': b\'Central lock sw\', \'text_12\': b\'FrontLeftDoorLockSt\', \'text_13\': b\'MechKeyLockDoorsReq\', \'text_14\': b\'MechKeyUnLockDoorsReq\', \'text_15\': b\'Dirver door ajar\', \'text_16\': b\'Hood release button (reserved)\', \'text_17\': b\'SwitchLockFillerCapReq-A(reserved)\', \'text_18\': b\'SwitchLockFillerCapReq-B\', \'text_19\': b\'Trunk Sw(IP)\', \'text_20\': b\'HornSw\', \'text_21\': b\'AC-DisChgEnReq\', \'text_22\': b\'electric release door Opensignal\', \'text_23\': b\'Left front interior electric door switch (on/off)\', \'text_24\': b\'FrontLeftPowerReleaseReq (inside)\', \'text_25\': b\'CAN01_NM Message wakeup\', \'text_26\': b\'CAN02_NM Message wakeup\', \'text_27\': b\'CAN03_NM Message wakeup\', \'text_28\': b\'CAN04_NM Message wakeup\', \'text_29\': b\'CAN05_NM Message wakeup\', \'text_30\': b\'DiagID\', \'default_addr\': b\'\'}, address: 980440, fields: [\'_cache:None\', \'address:980440\', \'block_len:584\', \'comment:\', \'comment_addr:0\', \'conversion_type:7\', \'default_addr:0\', \'flags:0\', \'formula:\', "id:b\'##CC\'", \'inv_conv_addr:0\', \'is_user_defined:False\', \'links_nr:36\', \'max_phy_value:0.0\', \'min_phy_value:0.0\', \'name:\', \'name_addr:0\', \'precision:0\', \'ref_param_nr:32\', "referenced_blocks:{\'text_0\': b\'FLSeatBackrestAdjSwSt\', \'text_1\': b\'FLSeatTiltAdjSwSt\', \'text_2\': b\'FLSeatSlideAdjSw\', \'text_3\': b\'FLSeatHeightAdjSw\', \'text_4\': b\'FLSeatCushionAdjSw\', \'text_5\': b\'PositionLightSw\', \'text_6\': b\'HazardLightSw\', \'text_7\': b\'SteeringAngleAdjSwSt\', \'text_8\': b\'SteeringExtentAdjSwSt\', \'text_9\': b\'FLDoorOutsideSw\', \'text_10\': b\'Central unlock sw\', \'text_11\': b\'Central lock sw\', \'text_12\': b\'FrontLeftDoorLockSt\', \'text_13\': b\'MechKeyLockDoorsReq\', \'text_14\': b\'MechKeyUnLockDoorsReq\', \'text_15\': b\'Dirver door ajar\', \'text_16\': b\'Hood release button (reserved)\', \'text_17\': b\'SwitchLockFillerCapReq-A(reserved)\', \'text_18\': b\'SwitchLockFillerCapReq-B\', \'text_19\': b\'Trunk Sw(IP)\', \'text_20\': b\'HornSw\', \'text_21\': b\'AC-DisChgEnReq\', \'text_22\': b\'electric release door Opensignal\', \'text_23\': b\'Left front interior electric door switch (on/off)\', \'text_24\': b\'FrontLeftPowerReleaseReq (inside)\', \'text_25\': b\'CAN01_NM Message wakeup\', \'text_26\': b\'CAN02_NM Message wakeup\', \'text_27\': b\'CAN03_NM Message wakeup\', \'text_28\': b\'CAN04_NM Message wakeup\', \'text_29\': b\'CAN05_NM Message wakeup\', \'text_30\': b\'DiagID\', \'default_addr\': b\'\'}", \'reserved0:0\', \'text_0:978936\', \'text_1:978984\', \'text_10:979392\', \'text_11:979440\', \'text_12:979480\', \'text_13:979528\', \'text_14:979576\', \'text_15:979624\', \'text_16:979672\', \'text_17:979728\', \'text_18:979792\', \'text_19:979848\', \'text_2:979032\', \'text_20:979888\', \'text_21:979920\', \'text_22:979960\', \'text_23:980024\', \'text_24:980104\', \'text_25:980168\', \'text_26:980216\', \'text_27:980264\', \'text_28:980312\', \'text_29:980360\', \'text_3:979080\', \'text_30:980408\', \'text_4:979128\', \'text_5:979176\', \'text_6:979216\', \'text_7:979256\', \'text_8:979304\', \'text_9:979352\', \'unit:\', \'unit_addr:0\', \'val_0:80.0\', \'val_1:81.0\', \'val_10:92.0\', \'val_11:93.0\', \'val_12:94.0\', \'val_13:95.0\', \'val_14:96.0\', \'val_15:97.0\', \'val_16:98.0\', \'val_17:99.0\', \'val_18:100.0\', \'val_19:101.0\', \'val_2:82.0\', \'val_20:102.0\', \'val_21:103.0\', \'val_22:104.0\', \'val_23:105.0\', \'val_24:106.0\', \'val_25:241.0\', \'val_26:242.0\', \'val_27:243.0\', \'val_28:244.0\', \'val_29:245.0\', \'val_3:83.0\', \'val_30:254.0\', \'val_4:84.0\', \'val_5:85.0\', \'val_6:86.0\', \'val_7:89.0\', \'val_8:90.0\', \'val_9:91.0\', \'val_param_nr:31\'])>'
  - 组 'ZCUL_NM'.ZCUL_PNCInformation0 flags: 0 vs 16
  - 组 'ZCUR_5'.t data_type: 4 vs 0
  - 组 'ZCUR_5'.t conversion: 'None' vs '<ChannelConversion (name: , unit: s, comment: , formula: , referenced blocks: {}, address: 1344, fields: [\'_cache:None\', \'a:1e-09\', \'address:1344\', \'b:0.0\', \'block_len:96\', \'comment:\', \'comment_addr:0\', \'conversion_type:1\', \'flags:0\', \'formula:\', "id:b\'##CC\'", \'inv_conv_addr:0\', \'is_user_defined:False\', \'links_nr:4\', \'max_phy_value:0.0\', \'min_phy_value:0.0\', \'name:\', \'name_addr:0\', \'precision:0\', \'ref_param_nr:0\', \'referenced_blocks:{}\', \'reserved0:0\', \'unit:s\', \'unit_addr:1312\', \'val_param_nr:2\'])>'
  - 组 'ZCUR_5'.IPDS_DysWakeupPowerFaultSt data_type: 7 vs 0
  - 组 'ZCUR_5'.IPDS_DysWakeupPowerFaultSt bit_count: 64 vs 3
  - 组 'ZCUR_5'.IPDS_DysWakeupPowerFaultSt flags: 0 vs 16
  - 组 'ZCUR_5'.IPDS_DysWakeupPowerFaultSt conversion: 'None' vs '<ChannelConversion (name: , unit: , comment: , formula: , referenced blocks: {\'text_0\': b\'Normal\', \'text_1\': b\'Circuit short to ground\', \'text_2\': b\'Circuit short to battery\', \'text_3\': b\'Open\', \'text_4\': b\'Overpower\', \'default_addr\': b\'\'}, address: 682976, fields: [\'_cache:None\', \'address:682976\', \'block_len:168\', \'comment:\', \'comment_addr:0\', \'conversion_type:7\', \'default_addr:0\', \'flags:0\', \'formula:\', "id:b\'##CC\'", \'inv_conv_addr:0\', \'is_user_defined:False\', \'links_nr:10\', \'max_phy_value:0.0\', \'min_phy_value:0.0\', \'name:\', \'name_addr:0\', \'precision:0\', \'ref_param_nr:6\', "referenced_blocks:{\'text_0\': b\'Normal\', \'text_1\': b\'Circuit short to ground\', \'text_2\': b\'Circuit short to battery\', \'text_3\': b\'Open\', \'text_4\': b\'Overpower\', \'default_addr\': b\'\'}", \'reserved0:0\', \'text_0:682768\', \'text_1:682800\', \'text_2:682848\', \'text_3:682904\', \'text_4:682936\', \'unit:\', \'unit_addr:0\', \'val_0:0.0\', \'val_1:1.0\', \'val_2:2.0\', \'val_3:3.0\', \'val_4:4.0\', \'val_param_nr:5\'])>'
  - 组 'ZCUR_8': 组内信号序不同 ['ZCUR_8_CRC', 'ZCUR_8_Counter', 'KAE_RESReq', 'KAE_RKEChargeGunUnlockReq', 'KAE_KeyStartAuthSt', 'KAE_RemoteKeyAuthSt']... vs ['ZCUR_8_CRC', 'ZCUR_8_Counter', 'KAE_RESReq', 'KAE_KeyStartAuthSt', 'KAE_RKEChargeGunUnlockReq', 'KAE_RemoteKeyAuthSt']...
  - 组 'ZCUR_8'.t data_type: 4 vs 0
  - 组 'ZCUR_8'.t conversion: 'None' vs '<ChannelConversion (name: , unit: s, comment: , formula: , referenced blocks: {}, address: 1344, fields: [\'_cache:None\', \'a:1e-09\', \'address:1344\', \'b:0.0\', \'block_len:96\', \'comment:\', \'comment_addr:0\', \'conversion_type:1\', \'flags:0\', \'formula:\', "id:b\'##CC\'", \'inv_conv_addr:0\', \'is_user_defined:False\', \'links_nr:4\', \'max_phy_value:0.0\', \'min_phy_value:0.0\', \'name:\', \'name_addr:0\', \'precision:0\', \'ref_param_nr:0\', \'referenced_blocks:{}\', \'reserved0:0\', \'unit:s\', \'unit_addr:1312\', \'val_param_nr:2\'])>'
  - 组 'ZCUR_8'.ZCUR_8_CRC flags: 0 vs 16
  - 组 'ZCUR_8'.ZCUR_8_Counter flags: 0 vs 16
  - 组 'ZCUR_8'.KAE_RESReq data_type: 7 vs 0
  - 组 'ZCUR_8'.KAE_RESReq bit_count: 64 vs 3
  - 组 'ZCUR_8'.KAE_RESReq flags: 0 vs 16
  - 组 'ZCUR_8'.KAE_RESReq conversion: 'None' vs '<ChannelConversion (name: , unit: , comment: , formula: , referenced blocks: {\'text_0\': b\'No command\', \'text_1\': b\'RES start\', \'text_2\': b\'RES stop\', \'default_addr\': b\'\'}, address: 668104, fields: [\'_cache:None\', \'address:668104\', \'block_len:136\', \'comment:\', \'comment_addr:0\', \'conversion_type:7\', \'default_addr:0\', \'flags:0\', \'formula:\', "id:b\'##CC\'", \'inv_conv_addr:0\', \'is_user_defined:False\', \'links_nr:8\', \'max_phy_value:0.0\', \'min_phy_value:0.0\', \'name:\', \'name_addr:0\', \'precision:0\', \'ref_param_nr:4\', "referenced_blocks:{\'text_0\': b\'No command\', \'text_1\': b\'RES start\', \'text_2\': b\'RES stop\', \'default_addr\': b\'\'}", \'reserved0:0\', \'text_0:667984\', \'text_1:668024\', \'text_2:668064\', \'unit:\', \'unit_addr:0\', \'val_0:0.0\', \'val_1:1.0\', \'val_2:2.0\', \'val_param_nr:3\'])>'
  - 组 'ZCUR_8'.KAE_RKEChargeGunUnlockReq data_type: 7 vs 0
  - 组 'ZCUR_8'.KAE_RKEChargeGunUnlockReq bit_count: 64 vs 1
  - 组 'ZCUR_8'.KAE_RKEChargeGunUnlockReq flags: 0 vs 16
  - 组 'ZCUR_8'.KAE_RKEChargeGunUnlockReq conversion: 'None' vs '<ChannelConversion (name: , unit: , comment: , formula: , referenced blocks: {\'text_0\': b\'No command\', \'text_1\': b\'Unlock\', \'default_addr\': b\'\'}, address: 669360, fields: [\'_cache:None\', \'address:669360\', \'block_len:120\', \'comment:\', \'comment_addr:0\', \'conversion_type:7\', \'default_addr:0\', \'flags:0\', \'formula:\', "id:b\'##CC\'", \'inv_conv_addr:0\', \'is_user_defined:False\', \'links_nr:7\', \'max_phy_value:0.0\', \'min_phy_value:0.0\', \'name:\', \'name_addr:0\', \'precision:0\', \'ref_param_nr:3\', "referenced_blocks:{\'text_0\': b\'No command\', \'text_1\': b\'Unlock\', \'default_addr\': b\'\'}", \'reserved0:0\', \'text_0:669288\', \'text_1:669328\', \'unit:\', \'unit_addr:0\', \'val_0:0.0\', \'val_1:1.0\', \'val_param_nr:2\'])>'
  - 组 'ZCUR_8'.KAE_KeyStartAuthSt data_type: 7 vs 0
  - 组 'ZCUR_8'.KAE_KeyStartAuthSt bit_count: 64 vs 2
  - 组 'ZCUR_8'.KAE_KeyStartAuthSt flags: 0 vs 16
  - 组 'ZCUR_8'.KAE_KeyStartAuthSt conversion: 'None' vs '<ChannelConversion (name: , unit: , comment: , formula: , referenced blocks: {\'text_0\': b\'Undefined\', \'text_1\': b\'Failed\', \'text_2\': b\'Pass\', \'text_3\': b\'Busy\', \'default_addr\': b\'\'}, address: 668752, fields: [\'_cache:None\', \'address:668752\', \'block_len:152\', \'comment:\', \'comment_addr:0\', \'conversion_type:7\', \'default_addr:0\', \'flags:0\', \'formula:\', "id:b\'##CC\'", \'inv_conv_addr:0\', \'is_user_defined:False\', \'links_nr:9\', \'max_phy_value:0.0\', \'min_phy_value:0.0\', \'name:\', \'name_addr:0\', \'precision:0\', \'ref_param_nr:5\', "referenced_blocks:{\'text_0\': b\'Undefined\', \'text_1\': b\'Failed\', \'text_2\': b\'Pass\', \'text_3\': b\'Busy\', \'default_addr\': b\'\'}", \'reserved0:0\', \'text_0:668616\', \'text_1:668656\', \'text_2:668688\', \'text_3:668720\', \'unit:\', \'unit_addr:0\', \'val_0:0.0\', \'val_1:1.0\', \'val_2:2.0\', \'val_3:3.0\', \'val_param_nr:4\'])>'
  - 组 'ZCUR_8'.KAE_RemoteKeyAuthSt data_type: 7 vs 0
  - 组 'ZCUR_8'.KAE_RemoteKeyAuthSt bit_count: 64 vs 2
  - 组 'ZCUR_8'.KAE_RemoteKeyAuthSt flags: 0 vs 16
  - 组 'ZCUR_8'.KAE_RemoteKeyAuthSt conversion: 'None' vs '<ChannelConversion (name: , unit: , comment: , formula: , referenced blocks: {\'text_0\': b\'Undefined\', \'text_1\': b\'Pass\', \'default_addr\': b\'\'}, address: 669952, fields: [\'_cache:None\', \'address:669952\', \'block_len:120\', \'comment:\', \'comment_addr:0\', \'conversion_type:7\', \'default_addr:0\', \'flags:0\', \'formula:\', "id:b\'##CC\'", \'inv_conv_addr:0\', \'is_user_defined:False\', \'links_nr:7\', \'max_phy_value:0.0\', \'min_phy_value:0.0\', \'name:\', \'name_addr:0\', \'precision:0\', \'ref_param_nr:3\', "referenced_blocks:{\'text_0\': b\'Undefined\', \'text_1\': b\'Pass\', \'default_addr\': b\'\'}", \'reserved0:0\', \'text_0:669880\', \'text_1:669920\', \'unit:\', \'unit_addr:0\', \'val_0:0.0\', \'val_1:2.0\', \'val_param_nr:2\'])>'
  - 组 'ZCUR_NM'.t data_type: 4 vs 0
  - 组 'ZCUR_NM'.t conversion: 'None' vs '<ChannelConversion (name: , unit: s, comment: , formula: , referenced blocks: {}, address: 1344, fields: [\'_cache:None\', \'a:1e-09\', \'address:1344\', \'b:0.0\', \'block_len:96\', \'comment:\', \'comment_addr:0\', \'conversion_type:1\', \'flags:0\', \'formula:\', "id:b\'##CC\'", \'inv_conv_addr:0\', \'is_user_defined:False\', \'links_nr:4\', \'max_phy_value:0.0\', \'min_phy_value:0.0\', \'name:\', \'name_addr:0\', \'precision:0\', \'ref_param_nr:0\', \'referenced_blocks:{}\', \'reserved0:0\', \'unit:s\', \'unit_addr:1312\', \'val_param_nr:2\'])>'
  - 组 'ZCUR_NM'.ZCUR_NMNodeAddress flags: 0 vs 16
  - 组 'ZCUR_NM'.ZCUR_NMWakeupOrigin data_type: 7 vs 0
  - 组 'ZCUR_NM'.ZCUR_NMWakeupOrigin bit_count: 64 vs 8
  - 组 'ZCUR_NM'.ZCUR_NMWakeupOrigin flags: 0 vs 16
  - 组 'ZCUR_NM'.ZCUR_NMWakeupOrigin conversion: 'None' vs '<ChannelConversion (name: , unit: , comment: , formula: , referenced blocks: {\'text_0\': b\'FL unlock(PNCEnter)\', \'text_1\': b\'FL lock(PNCEnter)\', \'text_2\': b\'FR unlock(PNCEnter)\', \'text_3\': b\'FR lock(PNCEnter)\', \'text_4\': b\'RL unlock(PNCEnter)\', \'text_5\': b\'RL lock(PNCEnter)\', \'text_6\': b\'RR unlock(PNCEnter)\', \'text_7\': b\'RR lock(PNCEnter)\', \'text_8\': b\'FR Door Lock Status\', \'text_9\': b\'Scissor doors sampling/ FRDoorInsideOpen/Close signal\', \'text_10\': b\'Front Right Seat Backrest Adjust Switch\', \'text_11\': b\'Front Right Seat Tilt Adjust Switch\', \'text_12\': b\'Front Right Seat Slide Adjust Switch\', \'text_13\': b\'Front Right Seat Height Adjust Switch\', \'text_14\': b\'Front Right Seat Ottoman Adjust\', \'text_15\': b\'FrontRight Seat Cushion Motor Adjust Switch\', \'text_16\': b\'FR Door Ajar Sw\', \'text_17\': b\'SSB1\', \'text_18\': b\'SSB2\', \'text_19\': b\'Trunk switch\', \'text_20\': b\'FronRightPowerReleaseReq (inside)\', \'text_21\': b\'Brake sw(NO)\', \'text_22\': b\'FRDoorOutsideSw\', \'text_23\': b\'FrontRightPowerReleaseReq\', \'text_24\': b\'Front right electric release door Opensignal\', \'text_25\': b\'APU\', \'text_26\': b\'WAL\', \'text_27\': b\'WEL\', \'text_28\': b\'SATO\', \'text_29\': b\'RKE_door lock\', \'text_30\': b\'RKE_door unlock\', \'text_31\': b\'RKE_trunk unlock\', \'text_32\': b\'RKE_powerslider Left action\', \'text_33\': b\'RKE_powerslider Right action\', \'text_34\': b\'RKE_panic\', \'text_35\': b\'RKE_RES\', \'text_36\': b\'RKE_User_Defined\', \'text_37\': b\'Door lock warning\', \'text_38\': b\'PKE Unlock\', \'text_39\': b\'PKE Lock\', \'text_40\': b\'RKE_chargegun unlock\', \'text_41\': b\'Kicksensor(Reserved)\', \'text_42\': b\'FL unlock(PNCglobal)\', \'text_43\': b\'FL lock(PNCglobal)\', \'text_44\': b\'FR unlock(PNCglobal)\', \'text_45\': b\'FR lock(PNCglobal)\', \'text_46\': b\'RL unlock(PNCglobal)\', \'text_47\': b\'RL lock(PNCglobal)\', \'text_48\': b\'RR unlock(PNCglobal)\', \'text_49\': b\'RR lock(PNCglobal)\', \'text_50\': b\'WELPollingReq\', \'text_51\': b\'APUPollingReq\', \'text_52\': b\'WALPollingReq\', \'text_53\': b\'SATOPollingReq\', \'text_54\': b\'SATOReminderReq\', \'text_55\': b\'RKE_Global window closing/Global window opening\', \'text_56\': b\'RKE_Global window & sunroof closing/Global window & sunroof opening\', \'text_57\': b\'RKE_Vehicle search\', \'text_58\': b\'RKE_Sound Or mute alarm toggle\', \'text_59\': b\'RKE_ChargePort Action\', \'text_60\': b\'RKE_ESM\', \'text_61\': b\'CAN01_NM Message wakeup\', \'text_62\': b\'CAN02_NM Message wakeup\', \'text_63\': b\'CAN03_NM Message wakeup\', \'text_64\': b\'CAN04_NM Message wakeup\', \'text_65\': b\'CAN05_NM Message wakeup\', \'text_66\': b\'Diag_message\', \'default_addr\': b\'\'}, address: 907208, fields: [\'_cache:None\', \'address:907208\', \'block_len:1160\', \'comment:\', \'comment_addr:0\', \'conversion_type:7\', \'default_addr:0\', \'flags:0\', \'formula:\', "id:b\'##CC\'", \'inv_conv_addr:0\', \'is_user_defined:False\', \'links_nr:72\', \'max_phy_value:0.0\', \'min_phy_value:0.0\', \'name:\', \'name_addr:0\', \'precision:0\', \'ref_param_nr:68\', "referenced_blocks:{\'text_0\': b\'FL unlock(PNCEnter)\', \'text_1\': b\'FL lock(PNCEnter)\', \'text_2\': b\'FR unlock(PNCEnter)\', \'text_3\': b\'FR lock(PNCEnter)\', \'text_4\': b\'RL unlock(PNCEnter)\', \'text_5\': b\'RL lock(PNCEnter)\', \'text_6\': b\'RR unlock(PNCEnter)\', \'text_7\': b\'RR lock(PNCEnter)\', \'text_8\': b\'FR Door Lock Status\', \'text_9\': b\'Scissor doors sampling/ FRDoorInsideOpen/Close signal\', \'text_10\': b\'Front Right Seat Backrest Adjust Switch\', \'text_11\': b\'Front Right Seat Tilt Adjust Switch\', \'text_12\': b\'Front Right Seat Slide Adjust Switch\', \'text_13\': b\'Front Right Seat Height Adjust Switch\', \'text_14\': b\'Front Right Seat Ottoman Adjust\', \'text_15\': b\'FrontRight Seat Cushion Motor Adjust Switch\', \'text_16\': b\'FR Door Ajar Sw\', \'text_17\': b\'SSB1\', \'text_18\': b\'SSB2\', \'text_19\': b\'Trunk switch\', \'text_20\': b\'FronRightPowerReleaseReq (inside)\', \'text_21\': b\'Brake sw(NO)\', \'text_22\': b\'FRDoorOutsideSw\', \'text_23\': b\'FrontRightPowerReleaseReq\', \'text_24\': b\'Front right electric release door Opensignal\', \'text_25\': b\'APU\', \'text_26\': b\'WAL\', \'text_27\': b\'WEL\', \'text_28\': b\'SATO\', \'text_29\': b\'RKE_door lock\', \'text_30\': b\'RKE_door unlock\', \'text_31\': b\'RKE_trunk unlock\', \'text_32\': b\'RKE_powerslider Left action\', \'text_33\': b\'RKE_powerslider Right action\', \'text_34\': b\'RKE_panic\', \'text_35\': b\'RKE_RES\', \'text_36\': b\'RKE_User_Defined\', \'text_37\': b\'Door lock warning\', \'text_38\': b\'PKE Unlock\', \'text_39\': b\'PKE Lock\', \'text_40\': b\'RKE_chargegun unlock\', \'text_41\': b\'Kicksensor(Reserved)\', \'text_42\': b\'FL unlock(PNCglobal)\', \'text_43\': b\'FL lock(PNCglobal)\', \'text_44\': b\'FR unlock(PNCglobal)\', \'text_45\': b\'FR lock(PNCglobal)\', \'text_46\': b\'RL unlock(PNCglobal)\', \'text_47\': b\'RL lock(PNCglobal)\', \'text_48\': b\'RR unlock(PNCglobal)\', \'text_49\': b\'RR lock(PNCglobal)\', \'text_50\': b\'WELPollingReq\', \'text_51\': b\'APUPollingReq\', \'text_52\': b\'WALPollingReq\', \'text_53\': b\'SATOPollingReq\', \'text_54\': b\'SATOReminderReq\', \'text_55\': b\'RKE_Global window closing/Global window opening\', \'text_56\': b\'RKE_Global window & sunroof closing/Global window & sunroof opening\', \'text_57\': b\'RKE_Vehicle search\', \'text_58\': b\'RKE_Sound Or mute alarm toggle\', \'text_59\': b\'RKE_ChargePort Action\', \'text_60\': b\'RKE_ESM\', \'text_61\': b\'CAN01_NM Message wakeup\', \'text_62\': b\'CAN02_NM Message wakeup\', \'text_63\': b\'CAN03_NM Message wakeup\', \'text_64\': b\'CAN04_NM Message wakeup\', \'text_65\': b\'CAN05_NM Message wakeup\', \'text_66\': b\'Diag_message\', \'default_addr\': b\'\'}", \'reserved0:0\', \'text_0:903968\', \'text_1:904016\', \'text_10:904480\', \'text_11:904544\', \'text_12:904608\', \'text_13:904672\', \'text_14:904736\', \'text_15:904792\', \'text_16:904864\', \'text_17:904904\', \'text_18:904936\', \'text_19:904968\', \'text_2:904064\', \'text_20:905008\', \'text_21:905072\', \'text_22:905112\', \'text_23:905152\', \'text_24:905208\', \'text_25:905280\', \'text_26:905312\', \'text_27:905344\', \'text_28:905376\', \'text_29:905408\', \'text_3:904112\', \'text_30:905448\', \'text_31:905488\', \'text_32:905536\', \'text_33:905592\', \'text_34:905648\', \'text_35:905688\', \'text_36:905720\', \'text_37:905768\', \'text_38:905816\', \'text_39:905856\', \'text_4:904160\', \'text_40:905896\', \'text_41:905944\', \'text_42:905992\', \'text_43:906040\', \'text_44:906088\', \'text_45:906136\', \'text_46:906184\', \'text_47:906232\', \'text_48:906280\', \'text_49:906328\', \'text_5:904208\', \'text_50:906376\', \'text_51:906416\', \'text_52:906456\', \'text_53:906496\', \'text_54:906536\', \'text_55:906576\', \'text_56:906648\', \'text_57:906744\', \'text_58:906792\', \'text_59:906848\', \'text_6:904256\', \'text_60:906896\', \'text_61:906928\', \'text_62:906976\', \'text_63:907024\', \'text_64:907072\', \'text_65:907120\', \'text_66:907168\', \'text_7:904304\', \'text_8:904352\', \'text_9:904400\', \'unit:\', \'unit_addr:0\', \'val_0:80.0\', \'val_1:81.0\', \'val_10:91.0\', \'val_11:92.0\', \'val_12:93.0\', \'val_13:94.0\', \'val_14:95.0\', \'val_15:96.0\', \'val_16:97.0\', \'val_17:98.0\', \'val_18:99.0\', \'val_19:100.0\', \'val_2:82.0\', \'val_20:101.0\', \'val_21:102.0\', \'val_22:103.0\', \'val_23:105.0\', \'val_24:106.0\', \'val_25:180.0\', \'val_26:181.0\', \'val_27:182.0\', \'val_28:183.0\', \'val_29:184.0\', \'val_3:83.0\', \'val_30:185.0\', \'val_31:186.0\', \'val_32:187.0\', \'val_33:188.0\', \'val_34:189.0\', \'val_35:190.0\', \'val_36:191.0\', \'val_37:192.0\', \'val_38:193.0\', \'val_39:194.0\', \'val_4:84.0\', \'val_40:195.0\', \'val_41:203.0\', \'val_42:206.0\', \'val_43:207.0\', \'val_44:208.0\', \'val_45:209.0\', \'val_46:210.0\', \'val_47:211.0\', \'val_48:212.0\', \'val_49:213.0\', \'val_5:85.0\', \'val_50:214.0\', \'val_51:215.0\', \'val_52:216.0\', \'val_53:217.0\', \'val_54:218.0\', \'val_55:219.0\', \'val_56:220.0\', \'val_57:222.0\', \'val_58:223.0\', \'val_59:225.0\', \'val_6:86.0\', \'val_60:226.0\', \'val_61:241.0\', \'val_62:242.0\', \'val_63:243.0\', \'val_64:244.0\', \'val_65:245.0\', \'val_66:254.0\', \'val_7:87.0\', \'val_8:88.0\', \'val_9:90.0\', \'val_param_nr:67\'])>'
  - 组 'ZCUR_NM'.ZCUR_PNCInformation0 flags: 0 vs 16
  - 组 'ZCUR_7': 组内信号序不同 ['HVAC_RawCabinTemp', 'HVAC_RawEvaTemp', 'HVAC_RawCabinTempFault', 'HVAC_RawEvaTempFault', 'HVAC_WindExitSpdLvlAct', 'HVAC_WindExitModeAct']... vs ['HVAC_RawCabinTemp', 'HVAC_RawEvaTemp', 'HVAC_RawEvaTempFault', 'HVAC_RawCabinTempFault', 'HVAC_WindExitModeAct', 'HVAC_WindExitSpdLvlAct']...
  - 组 'ZCUR_7'.t data_type: 4 vs 0
  - 组 'ZCUR_7'.t conversion: 'None' vs '<ChannelConversion (name: , unit: s, comment: , formula: , referenced blocks: {}, address: 1344, fields: [\'_cache:None\', \'a:1e-09\', \'address:1344\', \'b:0.0\', \'block_len:96\', \'comment:\', \'comment_addr:0\', \'conversion_type:1\', \'flags:0\', \'formula:\', "id:b\'##CC\'", \'inv_conv_addr:0\', \'is_user_defined:False\', \'links_nr:4\', \'max_phy_value:0.0\', \'min_phy_value:0.0\', \'name:\', \'name_addr:0\', \'precision:0\', \'ref_param_nr:0\', \'referenced_blocks:{}\', \'reserved0:0\', \'unit:s\', \'unit_addr:1312\', \'val_param_nr:2\'])>'
  - 组 'ZCUR_7'.HVAC_RawCabinTemp data_type: 4 vs 0
  - 组 'ZCUR_7'.HVAC_RawCabinTemp bit_count: 64 vs 11
  - 组 'ZCUR_7'.HVAC_RawCabinTemp flags: 0 vs 16
  - 组 'ZCUR_7'.HVAC_RawCabinTemp conversion: 'None' vs '<ChannelConversion (name: , unit: degC, comment: , formula: , referenced blocks: {}, address: 882904, fields: [\'_cache:None\', \'a:0.1\', \'address:882904\', \'b:-40.0\', \'block_len:96\', \'comment:\', \'comment_addr:0\', \'conversion_type:1\', \'flags:0\', \'formula:\', "id:b\'##CC\'", \'inv_conv_addr:0\', \'is_user_defined:False\', \'links_nr:4\', \'max_phy_value:0.0\', \'min_phy_value:0.0\', \'name:\', \'name_addr:0\', \'precision:0\', \'ref_param_nr:0\', \'referenced_blocks:{}\', \'reserved0:0\', \'unit:degC\', \'unit_addr:882872\', \'val_param_nr:2\'])>'
  - 组 'ZCUR_7'.HVAC_RawEvaTemp data_type: 4 vs 0
  - 组 'ZCUR_7'.HVAC_RawEvaTemp bit_count: 64 vs 11
  - 组 'ZCUR_7'.HVAC_RawEvaTemp flags: 0 vs 16
  - 组 'ZCUR_7'.HVAC_RawEvaTemp conversion: 'None' vs '<ChannelConversion (name: , unit: degC, comment: , formula: , referenced blocks: {}, address: 883416, fields: [\'_cache:None\', \'a:0.1\', \'address:883416\', \'b:-40.0\', \'block_len:96\', \'comment:\', \'comment_addr:0\', \'conversion_type:1\', \'flags:0\', \'formula:\', "id:b\'##CC\'", \'inv_conv_addr:0\', \'is_user_defined:False\', \'links_nr:4\', \'max_phy_value:0.0\', \'min_phy_value:0.0\', \'name:\', \'name_addr:0\', \'precision:0\', \'ref_param_nr:0\', \'referenced_blocks:{}\', \'reserved0:0\', \'unit:degC\', \'unit_addr:883384\', \'val_param_nr:2\'])>'
  - 组 'ZCUR_7'.HVAC_RawCabinTempFault data_type: 7 vs 0
  - 组 'ZCUR_7'.HVAC_RawCabinTempFault bit_count: 64 vs 2
  - 组 'ZCUR_7'.HVAC_RawCabinTempFault flags: 0 vs 16
  - 组 'ZCUR_7'.HVAC_RawCabinTempFault conversion: 'None' vs '<ChannelConversion (name: , unit: , comment: , formula: , referenced blocks: {\'text_0\': b\'Normal\', \'text_1\': b\'circuit short to ground\', \'text_2\': b\'circuit short to battery or open\', \'default_addr\': b\'\'}, address: 884736, fields: [\'_cache:None\', \'address:884736\', \'block_len:136\', \'comment:\', \'comment_addr:0\', \'conversion_type:7\', \'default_addr:0\', \'flags:0\', \'formula:\', "id:b\'##CC\'", \'inv_conv_addr:0\', \'is_user_defined:False\', \'links_nr:8\', \'max_phy_value:0.0\', \'min_phy_value:0.0\', \'name:\', \'name_addr:0\', \'precision:0\', \'ref_param_nr:4\', "referenced_blocks:{\'text_0\': b\'Normal\', \'text_1\': b\'circuit short to ground\', \'text_2\': b\'circuit short to battery or open\', \'default_addr\': b\'\'}", \'reserved0:0\', \'text_0:884592\', \'text_1:884624\', \'text_2:884672\', \'unit:\', \'unit_addr:0\', \'val_0:0.0\', \'val_1:1.0\', \'val_2:2.0\', \'val_param_nr:3\'])>'
  - 组 'ZCUR_7'.HVAC_RawEvaTempFault data_type: 7 vs 0
  - 组 'ZCUR_7'.HVAC_RawEvaTempFault bit_count: 64 vs 2
  - 组 'ZCUR_7'.HVAC_RawEvaTempFault flags: 0 vs 16
  - 组 'ZCUR_7'.HVAC_RawEvaTempFault conversion: 'None' vs '<ChannelConversion (name: , unit: , comment: , formula: , referenced blocks: {\'text_0\': b\'Normal\', \'text_1\': b\'circuit short to ground\', \'text_2\': b\'circuit short to battery or open\', \'default_addr\': b\'\'}, address: 884048, fields: [\'_cache:None\', \'address:884048\', \'block_len:136\', \'comment:\', \'comment_addr:0\', \'conversion_type:7\', \'default_addr:0\', \'flags:0\', \'formula:\', "id:b\'##CC\'", \'inv_conv_addr:0\', \'is_user_defined:False\', \'links_nr:8\', \'max_phy_value:0.0\', \'min_phy_value:0.0\', \'name:\', \'name_addr:0\', \'precision:0\', \'ref_param_nr:4\', "referenced_blocks:{\'text_0\': b\'Normal\', \'text_1\': b\'circuit short to ground\', \'text_2\': b\'circuit short to battery or open\', \'default_addr\': b\'\'}", \'reserved0:0\', \'text_0:883904\', \'text_1:883936\', \'text_2:883984\', \'unit:\', \'unit_addr:0\', \'val_0:0.0\', \'val_1:1.0\', \'val_2:2.0\', \'val_param_nr:3\'])>'
  - 组 'ZCUR_7'.HVAC_WindExitSpdLvlAct bit_count: 8 vs 5
  - 组 'ZCUR_7'.HVAC_WindExitSpdLvlAct flags: 0 vs 16
  - 组 'ZCUR_7'.HVAC_WindExitModeAct data_type: 7 vs 0
  - 组 'ZCUR_7'.HVAC_WindExitModeAct bit_count: 64 vs 3
  - 组 'ZCUR_7'.HVAC_WindExitModeAct flags: 0 vs 16
  - 组 'ZCUR_7'.HVAC_WindExitModeAct conversion: 'None' vs '<ChannelConversion (name: , unit: , comment: , formula: , referenced blocks: {\'text_0\': b\'Invalid\', \'text_1\': b\'Face\', \'text_2\': b\'Face/Foot\', \'text_3\': b\'Foot\', \'text_4\': b\'Foot/Defrost\', \'text_5\': b\'Defrost\', \'text_6\': b\'Face/Defrost\', \'text_7\': b\'Face/Foot/Defrost\', \'default_addr\': b\'\'}, address: 885560, fields: [\'_cache:None\', \'address:885560\', \'block_len:216\', \'comment:\', \'comment_addr:0\', \'conversion_type:7\', \'default_addr:0\', \'flags:0\', \'formula:\', "id:b\'##CC\'", \'inv_conv_addr:0\', \'is_user_defined:False\', \'links_nr:13\', \'max_phy_value:0.0\', \'min_phy_value:0.0\', \'name:\', \'name_addr:0\', \'precision:0\', \'ref_param_nr:9\', "referenced_blocks:{\'text_0\': b\'Invalid\', \'text_1\': b\'Face\', \'text_2\': b\'Face/Foot\', \'text_3\': b\'Foot\', \'text_4\': b\'Foot/Defrost\', \'text_5\': b\'Defrost\', \'text_6\': b\'Face/Defrost\', \'text_7\': b\'Face/Foot/Defrost\', \'default_addr\': b\'\'}", \'reserved0:0\', \'text_0:885264\', \'text_1:885296\', \'text_2:885328\', \'text_3:885368\', \'text_4:885400\', \'text_5:885440\', \'text_6:885472\', \'text_7:885512\', \'unit:\', \'unit_addr:0\', \'val_0:0.0\', \'val_1:1.0\', \'val_2:2.0\', \'val_3:3.0\', \'val_4:4.0\', \'val_5:5.0\', \'val_6:6.0\', \'val_7:7.0\', \'val_param_nr:8\'])>'
  - 组 'CCU_13': 组内信号序不同 ['KAE_CCU_ZCURAuthSt', 'KAE_LocalKeyStartAuthSt']... vs ['KAE_LocalKeyStartAuthSt', 'KAE_CCU_ZCURAuthSt']...
  - 组 'CCU_13'.t data_type: 4 vs 0
  - 组 'CCU_13'.t conversion: 'None' vs '<ChannelConversion (name: , unit: s, comment: , formula: , referenced blocks: {}, address: 1344, fields: [\'_cache:None\', \'a:1e-09\', \'address:1344\', \'b:0.0\', \'block_len:96\', \'comment:\', \'comment_addr:0\', \'conversion_type:1\', \'flags:0\', \'formula:\', "id:b\'##CC\'", \'inv_conv_addr:0\', \'is_user_defined:False\', \'links_nr:4\', \'max_phy_value:0.0\', \'min_phy_value:0.0\', \'name:\', \'name_addr:0\', \'precision:0\', \'ref_param_nr:0\', \'referenced_blocks:{}\', \'reserved0:0\', \'unit:s\', \'unit_addr:1312\', \'val_param_nr:2\'])>'
  - 组 'CCU_13'.KAE_CCU_ZCURAuthSt data_type: 7 vs 0
  - 组 'CCU_13'.KAE_CCU_ZCURAuthSt bit_count: 64 vs 2
  - 组 'CCU_13'.KAE_CCU_ZCURAuthSt flags: 0 vs 16
  - 组 'CCU_13'.KAE_CCU_ZCURAuthSt conversion: 'None' vs '<ChannelConversion (name: , unit: , comment: , formula: , referenced blocks: {\'text_0\': b\'Undefined\', \'text_1\': b\'Failed\', \'text_2\': b\'Pass\', \'default_addr\': b\'\'}, address: 966552, fields: [\'_cache:None\', \'address:966552\', \'block_len:136\', \'comment:\', \'comment_addr:0\', \'conversion_type:7\', \'default_addr:0\', \'flags:0\', \'formula:\', "id:b\'##CC\'", \'inv_conv_addr:0\', \'is_user_defined:False\', \'links_nr:8\', \'max_phy_value:0.0\', \'min_phy_value:0.0\', \'name:\', \'name_addr:0\', \'precision:0\', \'ref_param_nr:4\', "referenced_blocks:{\'text_0\': b\'Undefined\', \'text_1\': b\'Failed\', \'text_2\': b\'Pass\', \'default_addr\': b\'\'}", \'reserved0:0\', \'text_0:966448\', \'text_1:966488\', \'text_2:966520\', \'unit:\', \'unit_addr:0\', \'val_0:0.0\', \'val_1:1.0\', \'val_2:2.0\', \'val_param_nr:3\'])>'
  - 组 'CCU_13'.KAE_LocalKeyStartAuthSt data_type: 7 vs 0
  - 组 'CCU_13'.KAE_LocalKeyStartAuthSt bit_count: 64 vs 2
  - 组 'CCU_13'.KAE_LocalKeyStartAuthSt flags: 0 vs 16
  - 组 'CCU_13'.KAE_LocalKeyStartAuthSt conversion: 'None' vs '<ChannelConversion (name: , unit: , comment: , formula: , referenced blocks: {\'text_0\': b\'Undefined\', \'text_1\': b\'Failed\', \'text_2\': b\'Pass\', \'text_3\': b\'Busy\', \'default_addr\': b\'\'}, address: 965904, fields: [\'_cache:None\', \'address:965904\', \'block_len:152\', \'comment:\', \'comment_addr:0\', \'conversion_type:7\', \'default_addr:0\', \'flags:0\', \'formula:\', "id:b\'##CC\'", \'inv_conv_addr:0\', \'is_user_defined:False\', \'links_nr:9\', \'max_phy_value:0.0\', \'min_phy_value:0.0\', \'name:\', \'name_addr:0\', \'precision:0\', \'ref_param_nr:5\', "referenced_blocks:{\'text_0\': b\'Undefined\', \'text_1\': b\'Failed\', \'text_2\': b\'Pass\', \'text_3\': b\'Busy\', \'default_addr\': b\'\'}", \'reserved0:0\', \'text_0:965768\', \'text_1:965808\', \'text_2:965840\', \'text_3:965872\', \'unit:\', \'unit_addr:0\', \'val_0:0.0\', \'val_1:1.0\', \'val_2:2.0\', \'val_3:3.0\', \'val_param_nr:4\'])>'
  - 组 'CCU_9': 组内信号序不同 ['LCK_DriverDoorAjarSt', 'LCK_PowerFillerCapSt', 'LCK_LockCommandActionType', 'LCK_PowerFillerCap', 'LCK_FrontRightDoorLock', 'LCK_FrontLeftDoorLock']... vs ['LCK_DriverDoorAjarSt', 'LCK_PowerFillerCapSt', 'LCK_LockCommandActionType', 'LCK_PowerFillerCap', 'LCK_FrontLeftDoorLock', 'LCK_FrontRightDoorLock']...
  - 组 'CCU_9'.t data_type: 4 vs 0
  - 组 'CCU_9'.t conversion: 'None' vs '<ChannelConversion (name: , unit: s, comment: , formula: , referenced blocks: {}, address: 1344, fields: [\'_cache:None\', \'a:1e-09\', \'address:1344\', \'b:0.0\', \'block_len:96\', \'comment:\', \'comment_addr:0\', \'conversion_type:1\', \'flags:0\', \'formula:\', "id:b\'##CC\'", \'inv_conv_addr:0\', \'is_user_defined:False\', \'links_nr:4\', \'max_phy_value:0.0\', \'min_phy_value:0.0\', \'name:\', \'name_addr:0\', \'precision:0\', \'ref_param_nr:0\', \'referenced_blocks:{}\', \'reserved0:0\', \'unit:s\', \'unit_addr:1312\', \'val_param_nr:2\'])>'
  - 组 'CCU_9'.LCK_DriverDoorAjarSt data_type: 7 vs 0
  - 组 'CCU_9'.LCK_DriverDoorAjarSt bit_count: 64 vs 1
  - 组 'CCU_9'.LCK_DriverDoorAjarSt flags: 0 vs 16
  - 组 'CCU_9'.LCK_DriverDoorAjarSt conversion: 'None' vs '<ChannelConversion (name: , unit: , comment: , formula: , referenced blocks: {\'text_0\': b\'Closed\', \'text_1\': b\'Opened\', \'default_addr\': b\'\'}, address: 967880, fields: [\'_cache:None\', \'address:967880\', \'block_len:120\', \'comment:\', \'comment_addr:0\', \'conversion_type:7\', \'default_addr:0\', \'flags:0\', \'formula:\', "id:b\'##CC\'", \'inv_conv_addr:0\', \'is_user_defined:False\', \'links_nr:7\', \'max_phy_value:0.0\', \'min_phy_value:0.0\', \'name:\', \'name_addr:0\', \'precision:0\', \'ref_param_nr:3\', "referenced_blocks:{\'text_0\': b\'Closed\', \'text_1\': b\'Opened\', \'default_addr\': b\'\'}", \'reserved0:0\', \'text_0:967816\', \'text_1:967848\', \'unit:\', \'unit_addr:0\', \'val_0:0.0\', \'val_1:1.0\', \'val_param_nr:2\'])>'
  - 组 'CCU_9'.LCK_PowerFillerCapSt data_type: 7 vs 0
  - 组 'CCU_9'.LCK_PowerFillerCapSt bit_count: 64 vs 1
  - 组 'CCU_9'.LCK_PowerFillerCapSt flags: 0 vs 16
  - 组 'CCU_9'.LCK_PowerFillerCapSt conversion: 'None' vs '<ChannelConversion (name: , unit: , comment: , formula: , referenced blocks: {\'text_0\': b\'Closed\', \'text_1\': b\'Opened\', \'default_addr\': b\'\'}, address: 968448, fields: [\'_cache:None\', \'address:968448\', \'block_len:120\', \'comment:\', \'comment_addr:0\', \'conversion_type:7\', \'default_addr:0\', \'flags:0\', \'formula:\', "id:b\'##CC\'", \'inv_conv_addr:0\', \'is_user_defined:False\', \'links_nr:7\', \'max_phy_value:0.0\', \'min_phy_value:0.0\', \'name:\', \'name_addr:0\', \'precision:0\', \'ref_param_nr:3\', "referenced_blocks:{\'text_0\': b\'Closed\', \'text_1\': b\'Opened\', \'default_addr\': b\'\'}", \'reserved0:0\', \'text_0:968384\', \'text_1:968416\', \'unit:\', \'unit_addr:0\', \'val_0:0.0\', \'val_1:1.0\', \'val_param_nr:2\'])>'
  - 组 'CCU_9'.LCK_LockCommandActionType data_type: 7 vs 0
  - 组 'CCU_9'.LCK_LockCommandActionType bit_count: 64 vs 4
  - 组 'CCU_9'.LCK_LockCommandActionType flags: 0 vs 16
  - 组 'CCU_9'.LCK_LockCommandActionType conversion: 'None' vs '<ChannelConversion (name: , unit: , comment: , formula: , referenced blocks: {\'text_0\': b\'NoAction\', \'text_1\': b\'Lock\', \'text_2\': b\'Unlock\', \'text_3\': b\'ReverseUnlcok\', \'text_4\': b\'EmergencyUnlock\', \'text_5\': b\'Invalid\', \'default_addr\': b\'\'}, address: 969168, fields: [\'_cache:None\', \'address:969168\', \'block_len:184\', \'comment:\', \'comment_addr:0\', \'conversion_type:7\', \'default_addr:0\', \'flags:0\', \'formula:\', "id:b\'##CC\'", \'inv_conv_addr:0\', \'is_user_defined:False\', \'links_nr:11\', \'max_phy_value:0.0\', \'min_phy_value:0.0\', \'name:\', \'name_addr:0\', \'precision:0\', \'ref_param_nr:7\', "referenced_blocks:{\'text_0\': b\'NoAction\', \'text_1\': b\'Lock\', \'text_2\': b\'Unlock\', \'text_3\': b\'ReverseUnlcok\', \'text_4\': b\'EmergencyUnlock\', \'text_5\': b\'Invalid\', \'default_addr\': b\'\'}", \'reserved0:0\', \'text_0:968952\', \'text_1:968992\', \'text_2:969024\', \'text_3:969056\', \'text_4:969096\', \'text_5:969136\', \'unit:\', \'unit_addr:0\', \'val_0:0.0\', \'val_1:1.0\', \'val_2:4.0\', \'val_3:5.0\', \'val_4:6.0\', \'val_5:15.0\', \'val_param_nr:6\'])>'
  - 组 'CCU_9'.LCK_PowerFillerCap data_type: 7 vs 0
  - 组 'CCU_9'.LCK_PowerFillerCap bit_count: 64 vs 1
  - 组 'CCU_9'.LCK_PowerFillerCap flags: 0 vs 16
  - 组 'CCU_9'.LCK_PowerFillerCap conversion: 'None' vs '<ChannelConversion (name: , unit: , comment: , formula: , referenced blocks: {\'text_0\': b\'Not Active\', \'text_1\': b\'Active\', \'default_addr\': b\'\'}, address: 969816, fields: [\'_cache:None\', \'address:969816\', \'block_len:120\', \'comment:\', \'comment_addr:0\', \'conversion_type:7\', \'default_addr:0\', \'flags:0\', \'formula:\', "id:b\'##CC\'", \'inv_conv_addr:0\', \'is_user_defined:False\', \'links_nr:7\', \'max_phy_value:0.0\', \'min_phy_value:0.0\', \'name:\', \'name_addr:0\', \'precision:0\', \'ref_param_nr:3\', "referenced_blocks:{\'text_0\': b\'Not Active\', \'text_1\': b\'Active\', \'default_addr\': b\'\'}", \'reserved0:0\', \'text_0:969744\', \'text_1:969784\', \'unit:\', \'unit_addr:0\', \'val_0:0.0\', \'val_1:1.0\', \'val_param_nr:2\'])>'
  - 组 'CCU_9'.LCK_FrontRightDoorLock data_type: 7 vs 0
  - 组 'CCU_9'.LCK_FrontRightDoorLock bit_count: 64 vs 1
  - 组 'CCU_9'.LCK_FrontRightDoorLock flags: 0 vs 16
  - 组 'CCU_9'.LCK_FrontRightDoorLock conversion: 'None' vs '<ChannelConversion (name: , unit: , comment: , formula: , referenced blocks: {\'text_0\': b\'Not Active\', \'text_1\': b\'Active\', \'default_addr\': b\'\'}, address: 970960, fields: [\'_cache:None\', \'address:970960\', \'block_len:120\', \'comment:\', \'comment_addr:0\', \'conversion_type:7\', \'default_addr:0\', \'flags:0\', \'formula:\', "id:b\'##CC\'", \'inv_conv_addr:0\', \'is_user_defined:False\', \'links_nr:7\', \'max_phy_value:0.0\', \'min_phy_value:0.0\', \'name:\', \'name_addr:0\', \'precision:0\', \'ref_param_nr:3\', "referenced_blocks:{\'text_0\': b\'Not Active\', \'text_1\': b\'Active\', \'default_addr\': b\'\'}", \'reserved0:0\', \'text_0:970888\', \'text_1:970928\', \'unit:\', \'unit_addr:0\', \'val_0:0.0\', \'val_1:1.0\', \'val_param_nr:2\'])>'
  - 组 'CCU_9'.LCK_FrontLeftDoorLock data_type: 7 vs 0
  - 组 'CCU_9'.LCK_FrontLeftDoorLock bit_count: 64 vs 1
  - 组 'CCU_9'.LCK_FrontLeftDoorLock flags: 0 vs 16
  - 组 'CCU_9'.LCK_FrontLeftDoorLock conversion: 'None' vs '<ChannelConversion (name: , unit: , comment: , formula: , referenced blocks: {\'text_0\': b\'Not Active\', \'text_1\': b\'Active\', \'default_addr\': b\'\'}, address: 970384, fields: [\'_cache:None\', \'address:970384\', \'block_len:120\', \'comment:\', \'comment_addr:0\', \'conversion_type:7\', \'default_addr:0\', \'flags:0\', \'formula:\', "id:b\'##CC\'", \'inv_conv_addr:0\', \'is_user_defined:False\', \'links_nr:7\', \'max_phy_value:0.0\', \'min_phy_value:0.0\', \'name:\', \'name_addr:0\', \'precision:0\', \'ref_param_nr:3\', "referenced_blocks:{\'text_0\': b\'Not Active\', \'text_1\': b\'Active\', \'default_addr\': b\'\'}", \'reserved0:0\', \'text_0:970312\', \'text_1:970352\', \'unit:\', \'unit_addr:0\', \'val_0:0.0\', \'val_1:1.0\', \'val_param_nr:2\'])>'
  - 组 'EPB_1': 组内信号序不同 ['EPB_1_CRC', 'EPB_1_Counter', 'EPB_SwitchSt', 'EPB_SwitchStVD', 'EPB_SysSt', 'EPB_FailSt', 'EPB_ExtAvailable', 'EPB_CruiseCtrlCancelReq']... vs ['EPB_1_CRC', 'EPB_1_Counter', 'EPB_SysSt', 'EPB_SwitchStVD', 'EPB_SwitchSt', 'EPB_FailSt', 'EPB_CruiseCtrlCancelReqVD', 'EPB_CruiseCtrlCancelReq']...
  - 组 'EPB_1'.t data_type: 4 vs 0
  - 组 'EPB_1'.t conversion: 'None' vs '<ChannelConversion (name: , unit: s, comment: , formula: , referenced blocks: {}, address: 1344, fields: [\'_cache:None\', \'a:1e-09\', \'address:1344\', \'b:0.0\', \'block_len:96\', \'comment:\', \'comment_addr:0\', \'conversion_type:1\', \'flags:0\', \'formula:\', "id:b\'##CC\'", \'inv_conv_addr:0\', \'is_user_defined:False\', \'links_nr:4\', \'max_phy_value:0.0\', \'min_phy_value:0.0\', \'name:\', \'name_addr:0\', \'precision:0\', \'ref_param_nr:0\', \'referenced_blocks:{}\', \'reserved0:0\', \'unit:s\', \'unit_addr:1312\', \'val_param_nr:2\'])>'
  - 组 'EPB_1'.EPB_1_CRC flags: 0 vs 16
  - 组 'EPB_1'.EPB_1_Counter flags: 0 vs 16
  - 组 'EPB_1'.EPB_SwitchSt data_type: 7 vs 0
  - 组 'EPB_1'.EPB_SwitchSt bit_count: 64 vs 2
  - 组 'EPB_1'.EPB_SwitchSt flags: 0 vs 16
  - 组 'EPB_1'.EPB_SwitchSt conversion: 'None' vs '<ChannelConversion (name: , unit: , comment: , formula: , referenced blocks: {\'text_0\': b\'Not active\', \'text_1\': b\'Released\', \'text_2\': b\'Applied\', \'default_addr\': b\'\'}, address: 586968, fields: [\'_cache:None\', \'address:586968\', \'block_len:136\', \'comment:\', \'comment_addr:0\', \'conversion_type:7\', \'default_addr:0\', \'flags:0\', \'formula:\', "id:b\'##CC\'", \'inv_conv_addr:0\', \'is_user_defined:False\', \'links_nr:8\', \'max_phy_value:0.0\', \'min_phy_value:0.0\', \'name:\', \'name_addr:0\', \'precision:0\', \'ref_param_nr:4\', "referenced_blocks:{\'text_0\': b\'Not active\', \'text_1\': b\'Released\', \'text_2\': b\'Applied\', \'default_addr\': b\'\'}", \'reserved0:0\', \'text_0:586856\', \'text_1:586896\', \'text_2:586936\', \'unit:\', \'unit_addr:0\', \'val_0:0.0\', \'val_1:1.0\', \'val_2:2.0\', \'val_param_nr:3\'])>'
  - 组 'EPB_1'.EPB_SwitchStVD data_type: 7 vs 0
  - 组 'EPB_1'.EPB_SwitchStVD bit_count: 64 vs 1
  - 组 'EPB_1'.EPB_SwitchStVD flags: 0 vs 16
  - 组 'EPB_1'.EPB_SwitchStVD conversion: 'None' vs '<ChannelConversion (name: , unit: , comment: , formula: , referenced blocks: {\'text_0\': b\'Not valid\', \'text_1\': b\'Valid\', \'default_addr\': b\'\'}, address: 586352, fields: [\'_cache:None\', \'address:586352\', \'block_len:120\', \'comment:\', \'comment_addr:0\', \'conversion_type:7\', \'default_addr:0\', \'flags:0\', \'formula:\', "id:b\'##CC\'", \'inv_conv_addr:0\', \'is_user_defined:False\', \'links_nr:7\', \'max_phy_value:0.0\', \'min_phy_value:0.0\', \'name:\', \'name_addr:0\', \'precision:0\', \'ref_param_nr:3\', "referenced_blocks:{\'text_0\': b\'Not valid\', \'text_1\': b\'Valid\', \'default_addr\': b\'\'}", \'reserved0:0\', \'text_0:586280\', \'text_1:586320\', \'unit:\', \'unit_addr:0\', \'val_0:0.0\', \'val_1:1.0\', \'val_param_nr:2\'])>'
  - 组 'EPB_1'.EPB_SysSt data_type: 7 vs 0
  - 组 'EPB_1'.EPB_SysSt bit_count: 64 vs 3
  - 组 'EPB_1'.EPB_SysSt flags: 0 vs 16
  - 组 'EPB_1'.EPB_SysSt conversion: 'None' vs '<ChannelConversion (name: , unit: , comment: , formula: , referenced blocks: {\'text_0\': b\'Release (fully released)\', \'text_1\': b\'Apply (fully applied)\', \'text_2\': b\'Releasing\', \'text_3\': b\'Applying\', \'text_4\': b\'Disengaged\', \'text_5\': b\'Fault(not sure position)\', \'default_addr\': b\'\'}, address: 585720, fields: [\'_cache:None\', \'address:585720\', \'block_len:184\', \'comment:\', \'comment_addr:0\', \'conversion_type:7\', \'default_addr:0\', \'flags:0\', \'formula:\', "id:b\'##CC\'", \'inv_conv_addr:0\', \'is_user_defined:False\', \'links_nr:11\', \'max_phy_value:0.0\', \'min_phy_value:0.0\', \'name:\', \'name_addr:0\', \'precision:0\', \'ref_param_nr:7\', "referenced_blocks:{\'text_0\': b\'Release (fully released)\', \'text_1\': b\'Apply (fully applied)\', \'text_2\': b\'Releasing\', \'text_3\': b\'Applying\', \'text_4\': b\'Disengaged\', \'text_5\': b\'Fault(not sure position)\', \'default_addr\': b\'\'}", \'reserved0:0\', \'text_0:585440\', \'text_1:585496\', \'text_2:585544\', \'text_3:585584\', \'text_4:585624\', \'text_5:585664\', \'unit:\', \'unit_addr:0\', \'val_0:0.0\', \'val_1:1.0\', \'val_2:2.0\', \'val_3:3.0\', \'val_4:4.0\', \'val_5:7.0\', \'val_param_nr:6\'])>'
  - 组 'EPB_1'.EPB_FailSt data_type: 7 vs 0
  - 组 'EPB_1'.EPB_FailSt bit_count: 64 vs 1
  - 组 'EPB_1'.EPB_FailSt flags: 0 vs 16
  - 组 'EPB_1'.EPB_FailSt conversion: 'None' vs '<ChannelConversion (name: , unit: , comment: , formula: , referenced blocks: {\'text_0\': b\'No error\', \'text_1\': b\'Error\', \'default_addr\': b\'\'}, address: 587552, fields: [\'_cache:None\', \'address:587552\', \'block_len:120\', \'comment:\', \'comment_addr:0\', \'conversion_type:7\', \'default_addr:0\', \'flags:0\', \'formula:\', "id:b\'##CC\'", \'inv_conv_addr:0\', \'is_user_defined:False\', \'links_nr:7\', \'max_phy_value:0.0\', \'min_phy_value:0.0\', \'name:\', \'name_addr:0\', \'precision:0\', \'ref_param_nr:3\', "referenced_blocks:{\'text_0\': b\'No error\', \'text_1\': b\'Error\', \'default_addr\': b\'\'}", \'reserved0:0\', \'text_0:587480\', \'text_1:587520\', \'unit:\', \'unit_addr:0\', \'val_0:0.0\', \'val_1:1.0\', \'val_param_nr:2\'])>'
  - 组 'EPB_1'.EPB_ExtAvailable data_type: 7 vs 0
  - 组 'EPB_1'.EPB_ExtAvailable bit_count: 64 vs 2
  - 组 'EPB_1'.EPB_ExtAvailable flags: 0 vs 16
  - 组 'EPB_1'.EPB_ExtAvailable conversion: 'None' vs '<ChannelConversion (name: , unit: , comment: , formula: , referenced blocks: {\'text_0\': b\'Apply and release\', \'text_1\': b\'Only apply\', \'text_2\': b\'Only release\', \'text_3\': b\'None\', \'default_addr\': b\'\'}, address: 589448, fields: [\'_cache:None\', \'address:589448\', \'block_len:152\', \'comment:\', \'comment_addr:0\', \'conversion_type:7\', \'default_addr:0\', \'flags:0\', \'formula:\', "id:b\'##CC\'", \'inv_conv_addr:0\', \'is_user_defined:False\', \'links_nr:9\', \'max_phy_value:0.0\', \'min_phy_value:0.0\', \'name:\', \'name_addr:0\', \'precision:0\', \'ref_param_nr:5\', "referenced_blocks:{\'text_0\': b\'Apply and release\', \'text_1\': b\'Only apply\', \'text_2\': b\'Only release\', \'text_3\': b\'None\', \'default_addr\': b\'\'}", \'reserved0:0\', \'text_0:589288\', \'text_1:589336\', \'text_2:589376\', \'text_3:589416\', \'unit:\', \'unit_addr:0\', \'val_0:0.0\', \'val_1:1.0\', \'val_2:2.0\', \'val_3:3.0\', \'val_param_nr:4\'])>'
  - 组 'EPB_1'.EPB_CruiseCtrlCancelReq data_type: 7 vs 0
  - 组 'EPB_1'.EPB_CruiseCtrlCancelReq bit_count: 64 vs 1
  - 组 'EPB_1'.EPB_CruiseCtrlCancelReq flags: 0 vs 16
  - 组 'EPB_1'.EPB_CruiseCtrlCancelReq conversion: 'None' vs '<ChannelConversion (name: , unit: , comment: , formula: , referenced blocks: {\'text_0\': b\'False\', \'text_1\': b\'True\', \'default_addr\': b\'\'}, address: 588768, fields: [\'_cache:None\', \'address:588768\', \'block_len:120\', \'comment:\', \'comment_addr:0\', \'conversion_type:7\', \'default_addr:0\', \'flags:0\', \'formula:\', "id:b\'##CC\'", \'inv_conv_addr:0\', \'is_user_defined:False\', \'links_nr:7\', \'max_phy_value:0.0\', \'min_phy_value:0.0\', \'name:\', \'name_addr:0\', \'precision:0\', \'ref_param_nr:3\', "referenced_blocks:{\'text_0\': b\'False\', \'text_1\': b\'True\', \'default_addr\': b\'\'}", \'reserved0:0\', \'text_0:588704\', \'text_1:588736\', \'unit:\', \'unit_addr:0\', \'val_0:0.0\', \'val_1:1.0\', \'val_param_nr:2\'])>'
  - 组 'EPB_1'.EPB_CruiseCtrlCancelReqVD data_type: 7 vs 0
  - 组 'EPB_1'.EPB_CruiseCtrlCancelReqVD bit_count: 64 vs 1
  - 组 'EPB_1'.EPB_CruiseCtrlCancelReqVD flags: 0 vs 16
  - 组 'EPB_1'.EPB_CruiseCtrlCancelReqVD conversion: 'None' vs '<ChannelConversion (name: , unit: , comment: , formula: , referenced blocks: {\'text_0\': b\'Not valid\', \'text_1\': b\'Valid\', \'default_addr\': b\'\'}, address: 588184, fields: [\'_cache:None\', \'address:588184\', \'block_len:120\', \'comment:\', \'comment_addr:0\', \'conversion_type:7\', \'default_addr:0\', \'flags:0\', \'formula:\', "id:b\'##CC\'", \'inv_conv_addr:0\', \'is_user_defined:False\', \'links_nr:7\', \'max_phy_value:0.0\', \'min_phy_value:0.0\', \'name:\', \'name_addr:0\', \'precision:0\', \'ref_param_nr:3\', "referenced_blocks:{\'text_0\': b\'Not valid\', \'text_1\': b\'Valid\', \'default_addr\': b\'\'}", \'reserved0:0\', \'text_0:588112\', \'text_1:588152\', \'unit:\', \'unit_addr:0\', \'val_0:0.0\', \'val_1:1.0\', \'val_param_nr:2\'])>'
  - 组 'EPB_1'.EPB_DynamicApplySt data_type: 7 vs 0
  - 组 'EPB_1'.EPB_DynamicApplySt bit_count: 64 vs 3
  - 组 'EPB_1'.EPB_DynamicApplySt flags: 0 vs 16
  - 组 'EPB_1'.EPB_DynamicApplySt conversion: 'None' vs '<ChannelConversion (name: , unit: , comment: , formula: , referenced blocks: {\'text_0\': b\'Not active\', \'text_1\': b\'BCS dynamic apply\', \'text_2\': b\'Anti-Lock Apply\', \'text_3\': b\'EPB degraded apply\', \'default_addr\': b\'\'}, address: 590216, fields: [\'_cache:None\', \'address:590216\', \'block_len:152\', \'comment:\', \'comment_addr:0\', \'conversion_type:7\', \'default_addr:0\', \'flags:0\', \'formula:\', "id:b\'##CC\'", \'inv_conv_addr:0\', \'is_user_defined:False\', \'links_nr:9\', \'max_phy_value:0.0\', \'min_phy_value:0.0\', \'name:\', \'name_addr:0\', \'precision:0\', \'ref_param_nr:5\', "referenced_blocks:{\'text_0\': b\'Not active\', \'text_1\': b\'BCS dynamic apply\', \'text_2\': b\'Anti-Lock Apply\', \'text_3\': b\'EPB degraded apply\', \'default_addr\': b\'\'}", \'reserved0:0\', \'text_0:590040\', \'text_1:590080\', \'text_2:590128\', \'text_3:590168\', \'unit:\', \'unit_addr:0\', \'val_0:0.0\', \'val_1:1.0\', \'val_2:2.0\', \'val_3:3.0\', \'val_param_nr:4\'])>'
  - 组 'EPB_1'.EPB_ActuatorSt_R data_type: 7 vs 0
  - 组 'EPB_1'.EPB_ActuatorSt_R bit_count: 64 vs 4
  - 组 'EPB_1'.EPB_ActuatorSt_R flags: 0 vs 16
  - 组 'EPB_1'.EPB_ActuatorSt_R conversion: 'None' vs '<ChannelConversion (name: , unit: , comment: , formula: , referenced blocks: {\'text_0\': b\'PbcActuatorState_Applied\', \'text_1\': b\'PbcActuatorState_Released\', \'text_2\': b\'PbcActuatorState_Applying\', \'text_3\': b\'PbcActuatorState_Releasing\', \'text_4\': b\'PbcActuatorState_Unknown\', \'text_5\': b\'PbcActuatorState_HoldApplied\', \'text_6\': b\'PbcActuatorState_CompletelyReleased\', \'default_addr\': b\'\'}, address: 591160, fields: [\'_cache:None\', \'address:591160\', \'block_len:200\', \'comment:\', \'comment_addr:0\', \'conversion_type:7\', \'default_addr:0\', \'flags:0\', \'formula:\', "id:b\'##CC\'", \'inv_conv_addr:0\', \'is_user_defined:False\', \'links_nr:12\', \'max_phy_value:0.0\', \'min_phy_value:0.0\', \'name:\', \'name_addr:0\', \'precision:0\', \'ref_param_nr:8\', "referenced_blocks:{\'text_0\': b\'PbcActuatorState_Applied\', \'text_1\': b\'PbcActuatorState_Released\', \'text_2\': b\'PbcActuatorState_Applying\', \'text_3\': b\'PbcActuatorState_Releasing\', \'text_4\': b\'PbcActuatorState_Unknown\', \'text_5\': b\'PbcActuatorState_HoldApplied\', \'text_6\': b\'PbcActuatorState_CompletelyReleased\', \'default_addr\': b\'\'}", \'reserved0:0\', \'text_0:590760\', \'text_1:590816\', \'text_2:590872\', \'text_3:590928\', \'text_4:590984\', \'text_5:591040\', \'text_6:591096\', \'unit:\', \'unit_addr:0\', \'val_0:0.0\', \'val_1:1.0\', \'val_2:2.0\', \'val_3:3.0\', \'val_4:4.0\', \'val_5:5.0\', \'val_6:6.0\', \'val_param_nr:7\'])>'
  - 组 'EPB_1'.EPB_DragMode data_type: 7 vs 0
  - 组 'EPB_1'.EPB_DragMode bit_count: 64 vs 2
  - 组 'EPB_1'.EPB_DragMode flags: 0 vs 16
  - 组 'EPB_1'.EPB_DragMode conversion: 'None' vs '<ChannelConversion (name: , unit: , comment: , formula: , referenced blocks: {\'text_0\': b\'Drag Mode Off\', \'text_1\': b\'Drag Mode open\', \'text_2\': b\'DeepPushBrkPedal and Change gear to N\', \'text_3\': b\'Drag Mode failure\', \'default_addr\': b\'\'}, address: 592624, fields: [\'_cache:None\', \'address:592624\', \'block_len:152\', \'comment:\', \'comment_addr:0\', \'conversion_type:7\', \'default_addr:0\', \'flags:0\', \'formula:\', "id:b\'##CC\'", \'inv_conv_addr:0\', \'is_user_defined:False\', \'links_nr:9\', \'max_phy_value:0.0\', \'min_phy_value:0.0\', \'name:\', \'name_addr:0\', \'precision:0\', \'ref_param_nr:5\', "referenced_blocks:{\'text_0\': b\'Drag Mode Off\', \'text_1\': b\'Drag Mode open\', \'text_2\': b\'DeepPushBrkPedal and Change gear to N\', \'text_3\': b\'Drag Mode failure\', \'default_addr\': b\'\'}", \'reserved0:0\', \'text_0:592432\', \'text_1:592472\', \'text_2:592512\', \'text_3:592576\', \'unit:\', \'unit_addr:0\', \'val_0:0.0\', \'val_1:1.0\', \'val_2:2.0\', \'val_3:3.0\', \'val_param_nr:4\'])>'
  - 组 'EPB_1'.EPB_SwapHvBattModeSt data_type: 7 vs 0
  - 组 'EPB_1'.EPB_SwapHvBattModeSt bit_count: 64 vs 2
  - 组 'EPB_1'.EPB_SwapHvBattModeSt flags: 0 vs 16
  - 组 'EPB_1'.EPB_SwapHvBattModeSt conversion: 'None' vs '<ChannelConversion (name: , unit: , comment: , formula: , referenced blocks: {\'text_0\': b\'SwapHvBattModeSt Off\', \'text_1\': b\'SwapHvBattModeSt open\', \'text_2\': b\'SwapHvBattModeSt failure\', \'default_addr\': b\'\'}, address: 591904, fields: [\'_cache:None\', \'address:591904\', \'block_len:136\', \'comment:\', \'comment_addr:0\', \'conversion_type:7\', \'default_addr:0\', \'flags:0\', \'formula:\', "id:b\'##CC\'", \'inv_conv_addr:0\', \'is_user_defined:False\', \'links_nr:8\', \'max_phy_value:0.0\', \'min_phy_value:0.0\', \'name:\', \'name_addr:0\', \'precision:0\', \'ref_param_nr:4\', "referenced_blocks:{\'text_0\': b\'SwapHvBattModeSt Off\', \'text_1\': b\'SwapHvBattModeSt open\', \'text_2\': b\'SwapHvBattModeSt failure\', \'default_addr\': b\'\'}", \'reserved0:0\', \'text_0:591752\', \'text_1:591800\', \'text_2:591848\', \'unit:\', \'unit_addr:0\', \'val_0:0.0\', \'val_1:1.0\', \'val_2:2.0\', \'val_param_nr:3\'])>'
  - 组 'ZCUT_1': 组内信号序不同 ['ZCUT_1_CRC', 'ZCUT_1_Counter', 'WW_RWPMotorSt', 'DCchgpileA1voltVD', 'DCchgpileA1volt', 'DCchgpileCC2volt', 'DCchgpileCC1volt', 'DCchgpileCC2voltVD']... vs ['ZCUT_1_CRC', 'ZCUT_1_Counter', 'WW_RWPMotorSt', 'DCchgpileA1voltVD', 'DCchgpileA1volt', 'DCchgpileCC2volt', 'DCchgpileCC1volt', 'DCchgpileCC1voltVD']...
  - 组 'ZCUT_1'.t data_type: 4 vs 0
  - 组 'ZCUT_1'.t conversion: 'None' vs '<ChannelConversion (name: , unit: s, comment: , formula: , referenced blocks: {}, address: 1344, fields: [\'_cache:None\', \'a:1e-09\', \'address:1344\', \'b:0.0\', \'block_len:96\', \'comment:\', \'comment_addr:0\', \'conversion_type:1\', \'flags:0\', \'formula:\', "id:b\'##CC\'", \'inv_conv_addr:0\', \'is_user_defined:False\', \'links_nr:4\', \'max_phy_value:0.0\', \'min_phy_value:0.0\', \'name:\', \'name_addr:0\', \'precision:0\', \'ref_param_nr:0\', \'referenced_blocks:{}\', \'reserved0:0\', \'unit:s\', \'unit_addr:1312\', \'val_param_nr:2\'])>'
  - 组 'ZCUT_1'.ZCUT_1_CRC flags: 0 vs 16
  - 组 'ZCUT_1'.ZCUT_1_Counter flags: 0 vs 16
  - 组 'ZCUT_1'.WW_RWPMotorSt data_type: 7 vs 0
  - 组 'ZCUT_1'.WW_RWPMotorSt bit_count: 64 vs 3
  - 组 'ZCUT_1'.WW_RWPMotorSt flags: 0 vs 16
  - 组 'ZCUT_1'.WW_RWPMotorSt conversion: 'None' vs '<ChannelConversion (name: , unit: , comment: , formula: , referenced blocks: {\'text_0\': b\'Off\', \'text_1\': b\'Stall protection\', \'text_2\': b\'Failure\', \'text_3\': b\'Low speed\', \'text_4\': b\'High speed\', \'text_5\': b\'Hard stopped\', \'text_6\': b\'Interval delaying\', \'default_addr\': b\'\'}, address: 594920, fields: [\'_cache:None\', \'address:594920\', \'block_len:200\', \'comment:\', \'comment_addr:0\', \'conversion_type:7\', \'default_addr:0\', \'flags:0\', \'formula:\', "id:b\'##CC\'", \'inv_conv_addr:0\', \'is_user_defined:False\', \'links_nr:12\', \'max_phy_value:0.0\', \'min_phy_value:0.0\', \'name:\', \'name_addr:0\', \'precision:0\', \'ref_param_nr:8\', "referenced_blocks:{\'text_0\': b\'Off\', \'text_1\': b\'Stall protection\', \'text_2\': b\'Failure\', \'text_3\': b\'Low speed\', \'text_4\': b\'High speed\', \'text_5\': b\'Hard stopped\', \'text_6\': b\'Interval delaying\', \'default_addr\': b\'\'}", \'reserved0:0\', \'text_0:594640\', \'text_1:594672\', \'text_2:594720\', \'text_3:594752\', \'text_4:594792\', \'text_5:594832\', \'text_6:594872\', \'unit:\', \'unit_addr:0\', \'val_0:0.0\', \'val_1:2.0\', \'val_2:3.0\', \'val_3:4.0\', \'val_4:5.0\', \'val_5:6.0\', \'val_6:7.0\', \'val_param_nr:7\'])>'
  - 组 'ZCUT_1'.DCchgpileA1voltVD data_type: 7 vs 0
  - 组 'ZCUT_1'.DCchgpileA1voltVD bit_count: 64 vs 1
  - 组 'ZCUT_1'.DCchgpileA1voltVD flags: 0 vs 16
  - 组 'ZCUT_1'.DCchgpileA1voltVD conversion: 'None' vs '<ChannelConversion (name: , unit: , comment: , formula: , referenced blocks: {\'text_0\': b\'Invaild\', \'text_1\': b\'Valid\', \'default_addr\': b\'\'}, address: 595560, fields: [\'_cache:None\', \'address:595560\', \'block_len:120\', \'comment:\', \'comment_addr:0\', \'conversion_type:7\', \'default_addr:0\', \'flags:0\', \'formula:\', "id:b\'##CC\'", \'inv_conv_addr:0\', \'is_user_defined:False\', \'links_nr:7\', \'max_phy_value:0.0\', \'min_phy_value:0.0\', \'name:\', \'name_addr:0\', \'precision:0\', \'ref_param_nr:3\', "referenced_blocks:{\'text_0\': b\'Invaild\', \'text_1\': b\'Valid\', \'default_addr\': b\'\'}", \'reserved0:0\', \'text_0:595496\', \'text_1:595528\', \'unit:\', \'unit_addr:0\', \'val_0:0.0\', \'val_1:1.0\', \'val_param_nr:2\'])>'
  - 组 'ZCUT_1'.DCchgpileA1volt data_type: 4 vs 0
  - 组 'ZCUT_1'.DCchgpileA1volt bit_count: 64 vs 9
  - 组 'ZCUT_1'.DCchgpileA1volt flags: 0 vs 16
  - 组 'ZCUT_1'.DCchgpileA1volt conversion: 'None' vs '<ChannelConversion (name: , unit: v, comment: , formula: , referenced blocks: {\'text_0\': b\'Signal not available\', \'default_addr\': <asammdf.blocks.v4_blocks.ChannelConversion object at 0x000001F8662D04D0>}, address: 596256, fields: [\'_cache:None\', \'address:596256\', \'block_len:104\', \'comment:\', \'comment_addr:0\', \'conversion_type:7\', \'default_addr:596112\', \'flags:4\', \'formula:\', "id:b\'##CC\'", \'inv_conv_addr:0\', \'is_user_defined:False\', \'links_nr:6\', \'max_phy_value:0.0\', \'min_phy_value:0.0\', \'name:\', \'name_addr:0\', \'precision:0\', \'ref_param_nr:2\', "referenced_blocks:{\'text_0\': b\'Signal not available\', \'default_addr\': <asammdf.blocks.v4_blocks.ChannelConversion object at 0x000001F8662D04D0>}", \'reserved0:0\', \'text_0:596208\', \'unit:v\', \'unit_addr:0\', \'val_0:511.0\', \'val_param_nr:1\'])>'
  - 组 'ZCUT_1'.DCchgpileCC2volt data_type: 4 vs 0
  - 组 'ZCUT_1'.DCchgpileCC2volt bit_count: 64 vs 8
  - 组 'ZCUT_1'.DCchgpileCC2volt flags: 0 vs 16
  - 组 'ZCUT_1'.DCchgpileCC2volt conversion: 'None' vs '<ChannelConversion (name: , unit: v, comment: , formula: , referenced blocks: {\'text_0\': b\'Signal not available\', \'default_addr\': <asammdf.blocks.v4_blocks.ChannelConversion object at 0x000001F8662D0950>}, address: 596928, fields: [\'_cache:None\', \'address:596928\', \'block_len:104\', \'comment:\', \'comment_addr:0\', \'conversion_type:7\', \'default_addr:596784\', \'flags:4\', \'formula:\', "id:b\'##CC\'", \'inv_conv_addr:0\', \'is_user_defined:False\', \'links_nr:6\', \'max_phy_value:0.0\', \'min_phy_value:0.0\', \'name:\', \'name_addr:0\', \'precision:0\', \'ref_param_nr:2\', "referenced_blocks:{\'text_0\': b\'Signal not available\', \'default_addr\': <asammdf.blocks.v4_blocks.ChannelConversion object at 0x000001F8662D0950>}", \'reserved0:0\', \'text_0:596880\', \'unit:v\', \'unit_addr:0\', \'val_0:255.0\', \'val_param_nr:1\'])>'
  - 组 'ZCUT_1'.DCchgpileCC1volt data_type: 4 vs 0
  - 组 'ZCUT_1'.DCchgpileCC1volt bit_count: 64 vs 8
  - 组 'ZCUT_1'.DCchgpileCC1volt flags: 0 vs 16
  - 组 'ZCUT_1'.DCchgpileCC1volt conversion: 'None' vs '<ChannelConversion (name: , unit: v, comment: , formula: , referenced blocks: {\'text_0\': b\'Signal not available\', \'default_addr\': <asammdf.blocks.v4_blocks.ChannelConversion object at 0x000001F8662D0DD0>}, address: 597608, fields: [\'_cache:None\', \'address:597608\', \'block_len:104\', \'comment:\', \'comment_addr:0\', \'conversion_type:7\', \'default_addr:597464\', \'flags:4\', \'formula:\', "id:b\'##CC\'", \'inv_conv_addr:0\', \'is_user_defined:False\', \'links_nr:6\', \'max_phy_value:0.0\', \'min_phy_value:0.0\', \'name:\', \'name_addr:0\', \'precision:0\', \'ref_param_nr:2\', "referenced_blocks:{\'text_0\': b\'Signal not available\', \'default_addr\': <asammdf.blocks.v4_blocks.ChannelConversion object at 0x000001F8662D0DD0>}", \'reserved0:0\', \'text_0:597560\', \'unit:v\', \'unit_addr:0\', \'val_0:255.0\', \'val_param_nr:1\'])>'
  - 组 'ZCUT_1'.DCchgpileCC2voltVD data_type: 7 vs 0
  - 组 'ZCUT_1'.DCchgpileCC2voltVD bit_count: 64 vs 1
  - 组 'ZCUT_1'.DCchgpileCC2voltVD flags: 0 vs 16
  - 组 'ZCUT_1'.DCchgpileCC2voltVD conversion: 'None' vs '<ChannelConversion (name: , unit: , comment: , formula: , referenced blocks: {\'text_0\': b\'Invaild\', \'text_1\': b\'Valid\', \'default_addr\': b\'\'}, address: 598752, fields: [\'_cache:None\', \'address:598752\', \'block_len:120\', \'comment:\', \'comment_addr:0\', \'conversion_type:7\', \'default_addr:0\', \'flags:0\', \'formula:\', "id:b\'##CC\'", \'inv_conv_addr:0\', \'is_user_defined:False\', \'links_nr:7\', \'max_phy_value:0.0\', \'min_phy_value:0.0\', \'name:\', \'name_addr:0\', \'precision:0\', \'ref_param_nr:3\', "referenced_blocks:{\'text_0\': b\'Invaild\', \'text_1\': b\'Valid\', \'default_addr\': b\'\'}", \'reserved0:0\', \'text_0:598688\', \'text_1:598720\', \'unit:\', \'unit_addr:0\', \'val_0:0.0\', \'val_1:1.0\', \'val_param_nr:2\'])>'
  - 组 'ZCUT_1'.DCchgpileCC1voltVD data_type: 7 vs 0
  - 组 'ZCUT_1'.DCchgpileCC1voltVD bit_count: 64 vs 1
  - 组 'ZCUT_1'.DCchgpileCC1voltVD flags: 0 vs 16
  - 组 'ZCUT_1'.DCchgpileCC1voltVD conversion: 'None' vs '<ChannelConversion (name: , unit: , comment: , formula: , referenced blocks: {\'text_0\': b\'Invaild\', \'text_1\': b\'Valid\', \'default_addr\': b\'\'}, address: 598176, fields: [\'_cache:None\', \'address:598176\', \'block_len:120\', \'comment:\', \'comment_addr:0\', \'conversion_type:7\', \'default_addr:0\', \'flags:0\', \'formula:\', "id:b\'##CC\'", \'inv_conv_addr:0\', \'is_user_defined:False\', \'links_nr:7\', \'max_phy_value:0.0\', \'min_phy_value:0.0\', \'name:\', \'name_addr:0\', \'precision:0\', \'ref_param_nr:3\', "referenced_blocks:{\'text_0\': b\'Invaild\', \'text_1\': b\'Valid\', \'default_addr\': b\'\'}", \'reserved0:0\', \'text_0:598112\', \'text_1:598144\', \'unit:\', \'unit_addr:0\', \'val_0:0.0\', \'val_1:1.0\', \'val_param_nr:2\'])>'
  - 组 'ZCUT_6'.t data_type: 4 vs 0
  - 组 'ZCUT_6'.t conversion: 'None' vs '<ChannelConversion (name: , unit: s, comment: , formula: , referenced blocks: {}, address: 1344, fields: [\'_cache:None\', \'a:1e-09\', \'address:1344\', \'b:0.0\', \'block_len:96\', \'comment:\', \'comment_addr:0\', \'conversion_type:1\', \'flags:0\', \'formula:\', "id:b\'##CC\'", \'inv_conv_addr:0\', \'is_user_defined:False\', \'links_nr:4\', \'max_phy_value:0.0\', \'min_phy_value:0.0\', \'name:\', \'name_addr:0\', \'precision:0\', \'ref_param_nr:0\', \'referenced_blocks:{}\', \'reserved0:0\', \'unit:s\', \'unit_addr:1312\', \'val_param_nr:2\'])>'
  - 组 'ZCUT_6'.EBST_BattTemp data_type: 4 vs 0
  - 组 'ZCUT_6'.EBST_BattTemp bit_count: 64 vs 8
  - 组 'ZCUT_6'.EBST_BattTemp flags: 0 vs 16
  - 组 'ZCUT_6'.EBST_BattTemp conversion: 'None' vs '<ChannelConversion (name: , unit: degC, comment: , formula: , referenced blocks: {}, address: 692552, fields: [\'_cache:None\', \'a:1.0\', \'address:692552\', \'b:-40.0\', \'block_len:96\', \'comment:\', \'comment_addr:0\', \'conversion_type:1\', \'flags:0\', \'formula:\', "id:b\'##CC\'", \'inv_conv_addr:0\', \'is_user_defined:False\', \'links_nr:4\', \'max_phy_value:0.0\', \'min_phy_value:0.0\', \'name:\', \'name_addr:0\', \'precision:0\', \'ref_param_nr:0\', \'referenced_blocks:{}\', \'reserved0:0\', \'unit:degC\', \'unit_addr:692520\', \'val_param_nr:2\'])>'
  - 组 'ZCUT_6'.EBST_TempSt data_type: 7 vs 0
  - 组 'ZCUT_6'.EBST_TempSt bit_count: 64 vs 2
  - 组 'ZCUT_6'.EBST_TempSt flags: 0 vs 16
  - 组 'ZCUT_6'.EBST_TempSt conversion: 'None' vs '<ChannelConversion (name: , unit: , comment: , formula: , referenced blocks: {\'text_0\': b\'No error\', \'text_1\': b\'HW defect (ADC defect)\', \'text_2\': b\'LIN saturation (no HW defect)\', \'default_addr\': b\'\'}, address: 693168, fields: [\'_cache:None\', \'address:693168\', \'block_len:136\', \'comment:\', \'comment_addr:0\', \'conversion_type:7\', \'default_addr:0\', \'flags:0\', \'formula:\', "id:b\'##CC\'", \'inv_conv_addr:0\', \'is_user_defined:False\', \'links_nr:8\', \'max_phy_value:0.0\', \'min_phy_value:0.0\', \'name:\', \'name_addr:0\', \'precision:0\', \'ref_param_nr:4\', "referenced_blocks:{\'text_0\': b\'No error\', \'text_1\': b\'HW defect (ADC defect)\', \'text_2\': b\'LIN saturation (no HW defect)\', \'default_addr\': b\'\'}", \'reserved0:0\', \'text_0:693024\', \'text_1:693064\', \'text_2:693112\', \'unit:\', \'unit_addr:0\', \'val_0:0.0\', \'val_1:2.0\', \'val_2:3.0\', \'val_param_nr:3\'])>'
  - 组 'ZCUT_6'.EBST_SOC flags: 0 vs 16
  - 组 'ZCUT_6'.EBST_SOC conversion: 'None' vs '<ChannelConversion (name: , unit: %, comment: , formula: , referenced blocks: {}, address: 693712, fields: [\'_cache:None\', \'address:693712\', \'block_len:80\', \'comment:\', \'comment_addr:0\', \'conversion_type:0\', \'flags:0\', \'formula:\', "id:b\'##CC\'", \'inv_conv_addr:0\', \'is_user_defined:False\', \'links_nr:4\', \'max_phy_value:0.0\', \'min_phy_value:0.0\', \'name:\', \'name_addr:0\', \'precision:0\', \'ref_param_nr:0\', \'referenced_blocks:{}\', \'reserved0:0\', \'unit:%\', \'unit_addr:693680\', \'val_param_nr:0\'])>'
  - 组 'ZCUT_6'.EBST_SOC_STATE data_type: 7 vs 0
  - 组 'ZCUT_6'.EBST_SOC_STATE bit_count: 64 vs 2
  - 组 'ZCUT_6'.EBST_SOC_STATE flags: 0 vs 16
  - 组 'ZCUT_6'.EBST_SOC_STATE conversion: 'None' vs '<ChannelConversion (name: , unit: , comment: , formula: , referenced blocks: {\'text_0\': b\'deviation > 15%\', \'text_1\': b\'deviation <15%\', \'text_2\': b\'deviation < 10%\', \'text_3\': b\'invalid\', \'default_addr\': b\'\'}, address: 694312, fields: [\'_cache:None\', \'address:694312\', \'block_len:152\', \'comment:\', \'comment_addr:0\', \'conversion_type:7\', \'default_addr:0\', \'flags:0\', \'formula:\', "id:b\'##CC\'", \'inv_conv_addr:0\', \'is_user_defined:False\', \'links_nr:9\', \'max_phy_value:0.0\', \'min_phy_value:0.0\', \'name:\', \'name_addr:0\', \'precision:0\', \'ref_param_nr:5\', "referenced_blocks:{\'text_0\': b\'deviation > 15%\', \'text_1\': b\'deviation <15%\', \'text_2\': b\'deviation < 10%\', \'text_3\': b\'invalid\', \'default_addr\': b\'\'}", \'reserved0:0\', \'text_0:694160\', \'text_1:694200\', \'text_2:694240\', \'text_3:694280\', \'unit:\', \'unit_addr:0\', \'val_0:0.0\', \'val_1:1.0\', \'val_2:2.0\', \'val_3:3.0\', \'val_param_nr:4\'])>'
  - 组 'ZCUT_4': 组内信号序不同 ['ZCUT_4_CRC', 'ZCUT_4_Counter', 'ACChgL1Temp', 'ACChgL1TempVD', 'ACChgNTemp', 'ACChgNTempVD', 'DCChgDC2Temp', 'DCChgDC1Temp']... vs ['ZCUT_4_CRC', 'ZCUT_4_Counter', 'ACChgL1TempVD', 'ACChgL1Temp', 'ACChgNTemp', 'ACChgNTempVD', 'DCChgDC2Temp', 'DCChgDC1Temp']...
  - 组 'ZCUT_4'.t data_type: 4 vs 0
  - 组 'ZCUT_4'.t conversion: 'None' vs '<ChannelConversion (name: , unit: s, comment: , formula: , referenced blocks: {}, address: 1344, fields: [\'_cache:None\', \'a:1e-09\', \'address:1344\', \'b:0.0\', \'block_len:96\', \'comment:\', \'comment_addr:0\', \'conversion_type:1\', \'flags:0\', \'formula:\', "id:b\'##CC\'", \'inv_conv_addr:0\', \'is_user_defined:False\', \'links_nr:4\', \'max_phy_value:0.0\', \'min_phy_value:0.0\', \'name:\', \'name_addr:0\', \'precision:0\', \'ref_param_nr:0\', \'referenced_blocks:{}\', \'reserved0:0\', \'unit:s\', \'unit_addr:1312\', \'val_param_nr:2\'])>'
  - 组 'ZCUT_4'.ZCUT_4_CRC flags: 0 vs 16
  - 组 'ZCUT_4'.ZCUT_4_Counter flags: 0 vs 16
  - 组 'ZCUT_4'.ACChgL1Temp data_type: 4 vs 0
  - 组 'ZCUT_4'.ACChgL1Temp bit_count: 64 vs 11
  - 组 'ZCUT_4'.ACChgL1Temp flags: 0 vs 16
  - 组 'ZCUT_4'.ACChgL1Temp conversion: 'None' vs '<ChannelConversion (name: , unit: degC, comment: , formula: , referenced blocks: {}, address: 696944, fields: [\'_cache:None\', \'a:0.1\', \'address:696944\', \'b:-40.0\', \'block_len:96\', \'comment:\', \'comment_addr:0\', \'conversion_type:1\', \'flags:0\', \'formula:\', "id:b\'##CC\'", \'inv_conv_addr:0\', \'is_user_defined:False\', \'links_nr:4\', \'max_phy_value:0.0\', \'min_phy_value:0.0\', \'name:\', \'name_addr:0\', \'precision:0\', \'ref_param_nr:0\', \'referenced_blocks:{}\', \'reserved0:0\', \'unit:degC\', \'unit_addr:696912\', \'val_param_nr:2\'])>'
  - 组 'ZCUT_4'.ACChgL1TempVD data_type: 7 vs 0
  - 组 'ZCUT_4'.ACChgL1TempVD bit_count: 64 vs 2
  - 组 'ZCUT_4'.ACChgL1TempVD flags: 0 vs 16
  - 组 'ZCUT_4'.ACChgL1TempVD conversion: 'None' vs '<ChannelConversion (name: , unit: , comment: , formula: , referenced blocks: {\'text_0\': b\'Invaild\', \'text_1\': b\'Valid\', \'default_addr\': b\'\'}, address: 696384, fields: [\'_cache:None\', \'address:696384\', \'block_len:120\', \'comment:\', \'comment_addr:0\', \'conversion_type:7\', \'default_addr:0\', \'flags:0\', \'formula:\', "id:b\'##CC\'", \'inv_conv_addr:0\', \'is_user_defined:False\', \'links_nr:7\', \'max_phy_value:0.0\', \'min_phy_value:0.0\', \'name:\', \'name_addr:0\', \'precision:0\', \'ref_param_nr:3\', "referenced_blocks:{\'text_0\': b\'Invaild\', \'text_1\': b\'Valid\', \'default_addr\': b\'\'}", \'reserved0:0\', \'text_0:696320\', \'text_1:696352\', \'unit:\', \'unit_addr:0\', \'val_0:0.0\', \'val_1:1.0\', \'val_param_nr:2\'])>'
  - 组 'ZCUT_4'.ACChgNTemp data_type: 4 vs 0
  - 组 'ZCUT_4'.ACChgNTemp bit_count: 64 vs 11
  - 组 'ZCUT_4'.ACChgNTemp flags: 0 vs 16
  - 组 'ZCUT_4'.ACChgNTemp conversion: 'None' vs '<ChannelConversion (name: , unit: degC, comment: , formula: , referenced blocks: {}, address: 697464, fields: [\'_cache:None\', \'a:0.1\', \'address:697464\', \'b:-40.0\', \'block_len:96\', \'comment:\', \'comment_addr:0\', \'conversion_type:1\', \'flags:0\', \'formula:\', "id:b\'##CC\'", \'inv_conv_addr:0\', \'is_user_defined:False\', \'links_nr:4\', \'max_phy_value:0.0\', \'min_phy_value:0.0\', \'name:\', \'name_addr:0\', \'precision:0\', \'ref_param_nr:0\', \'referenced_blocks:{}\', \'reserved0:0\', \'unit:degC\', \'unit_addr:697432\', \'val_param_nr:2\'])>'
  - 组 'ZCUT_4'.ACChgNTempVD data_type: 7 vs 0
  - 组 'ZCUT_4'.ACChgNTempVD bit_count: 64 vs 2
  - 组 'ZCUT_4'.ACChgNTempVD flags: 0 vs 16
  - 组 'ZCUT_4'.ACChgNTempVD conversion: 'None' vs '<ChannelConversion (name: , unit: , comment: , formula: , referenced blocks: {\'text_0\': b\'Invaild\', \'text_1\': b\'Valid\', \'default_addr\': b\'\'}, address: 698016, fields: [\'_cache:None\', \'address:698016\', \'block_len:120\', \'comment:\', \'comment_addr:0\', \'conversion_type:7\', \'default_addr:0\', \'flags:0\', \'formula:\', "id:b\'##CC\'", \'inv_conv_addr:0\', \'is_user_defined:False\', \'links_nr:7\', \'max_phy_value:0.0\', \'min_phy_value:0.0\', \'name:\', \'name_addr:0\', \'precision:0\', \'ref_param_nr:3\', "referenced_blocks:{\'text_0\': b\'Invaild\', \'text_1\': b\'Valid\', \'default_addr\': b\'\'}", \'reserved0:0\', \'text_0:697952\', \'text_1:697984\', \'unit:\', \'unit_addr:0\', \'val_0:0.0\', \'val_1:1.0\', \'val_param_nr:2\'])>'
  - 组 'ZCUT_4'.DCChgDC2Temp data_type: 4 vs 0
  - 组 'ZCUT_4'.DCChgDC2Temp bit_count: 64 vs 11
  - 组 'ZCUT_4'.DCChgDC2Temp flags: 0 vs 16
  - 组 'ZCUT_4'.DCChgDC2Temp conversion: 'None' vs '<ChannelConversion (name: , unit: degC, comment: , formula: , referenced blocks: {}, address: 698576, fields: [\'_cache:None\', \'a:0.1\', \'address:698576\', \'b:-40.0\', \'block_len:96\', \'comment:\', \'comment_addr:0\', \'conversion_type:1\', \'flags:0\', \'formula:\', "id:b\'##CC\'", \'inv_conv_addr:0\', \'is_user_defined:False\', \'links_nr:4\', \'max_phy_value:0.0\', \'min_phy_value:0.0\', \'name:\', \'name_addr:0\', \'precision:0\', \'ref_param_nr:0\', \'referenced_blocks:{}\', \'reserved0:0\', \'unit:degC\', \'unit_addr:698544\', \'val_param_nr:2\'])>'
  - 组 'ZCUT_4'.DCChgDC1Temp data_type: 4 vs 0
  - 组 'ZCUT_4'.DCChgDC1Temp bit_count: 64 vs 11
  - 组 'ZCUT_4'.DCChgDC1Temp flags: 0 vs 16
  - 组 'ZCUT_4'.DCChgDC1Temp conversion: 'None' vs '<ChannelConversion (name: , unit: degC, comment: , formula: , referenced blocks: {}, address: 699104, fields: [\'_cache:None\', \'a:0.1\', \'address:699104\', \'b:-40.0\', \'block_len:96\', \'comment:\', \'comment_addr:0\', \'conversion_type:1\', \'flags:0\', \'formula:\', "id:b\'##CC\'", \'inv_conv_addr:0\', \'is_user_defined:False\', \'links_nr:4\', \'max_phy_value:0.0\', \'min_phy_value:0.0\', \'name:\', \'name_addr:0\', \'precision:0\', \'ref_param_nr:0\', \'referenced_blocks:{}\', \'reserved0:0\', \'unit:degC\', \'unit_addr:699072\', \'val_param_nr:2\'])>'
  - 组 'ZCUT_4'.DCChgDC2TempVD data_type: 7 vs 0
  - 组 'ZCUT_4'.DCChgDC2TempVD bit_count: 64 vs 2
  - 组 'ZCUT_4'.DCChgDC2TempVD flags: 0 vs 16
  - 组 'ZCUT_4'.DCChgDC2TempVD conversion: 'None' vs '<ChannelConversion (name: , unit: , comment: , formula: , referenced blocks: {\'text_0\': b\'Invaild\', \'text_1\': b\'Valid\', \'default_addr\': b\'\'}, address: 700264, fields: [\'_cache:None\', \'address:700264\', \'block_len:120\', \'comment:\', \'comment_addr:0\', \'conversion_type:7\', \'default_addr:0\', \'flags:0\', \'formula:\', "id:b\'##CC\'", \'inv_conv_addr:0\', \'is_user_defined:False\', \'links_nr:7\', \'max_phy_value:0.0\', \'min_phy_value:0.0\', \'name:\', \'name_addr:0\', \'precision:0\', \'ref_param_nr:3\', "referenced_blocks:{\'text_0\': b\'Invaild\', \'text_1\': b\'Valid\', \'default_addr\': b\'\'}", \'reserved0:0\', \'text_0:700200\', \'text_1:700232\', \'unit:\', \'unit_addr:0\', \'val_0:0.0\', \'val_1:1.0\', \'val_param_nr:2\'])>'
  - 组 'ZCUT_4'.DCChgDC1TempVD data_type: 7 vs 0
  - 组 'ZCUT_4'.DCChgDC1TempVD bit_count: 64 vs 2
  - 组 'ZCUT_4'.DCChgDC1TempVD flags: 0 vs 16
  - 组 'ZCUT_4'.DCChgDC1TempVD conversion: 'None' vs '<ChannelConversion (name: , unit: , comment: , formula: , referenced blocks: {\'text_0\': b\'Invaild\', \'text_1\': b\'Valid\', \'default_addr\': b\'\'}, address: 699664, fields: [\'_cache:None\', \'address:699664\', \'block_len:120\', \'comment:\', \'comment_addr:0\', \'conversion_type:7\', \'default_addr:0\', \'flags:0\', \'formula:\', "id:b\'##CC\'", \'inv_conv_addr:0\', \'is_user_defined:False\', \'links_nr:7\', \'max_phy_value:0.0\', \'min_phy_value:0.0\', \'name:\', \'name_addr:0\', \'precision:0\', \'ref_param_nr:3\', "referenced_blocks:{\'text_0\': b\'Invaild\', \'text_1\': b\'Valid\', \'default_addr\': b\'\'}", \'reserved0:0\', \'text_0:699600\', \'text_1:699632\', \'unit:\', \'unit_addr:0\', \'val_0:0.0\', \'val_1:1.0\', \'val_param_nr:2\'])>'
  - 组 'ZCUT_4'.ACEleclocksSt1 data_type: 7 vs 0
  - 组 'ZCUT_4'.ACEleclocksSt1 bit_count: 64 vs 1
  - 组 'ZCUT_4'.ACEleclocksSt1 flags: 0 vs 16
  - 组 'ZCUT_4'.ACEleclocksSt1 conversion: 'None' vs '<ChannelConversion (name: , unit: , comment: , formula: , referenced blocks: {\'text_0\': b\'open\', \'text_1\': b\'close\', \'default_addr\': b\'\'}, address: 702200, fields: [\'_cache:None\', \'address:702200\', \'block_len:120\', \'comment:\', \'comment_addr:0\', \'conversion_type:7\', \'default_addr:0\', \'flags:0\', \'formula:\', "id:b\'##CC\'", \'inv_conv_addr:0\', \'is_user_defined:False\', \'links_nr:7\', \'max_phy_value:0.0\', \'min_phy_value:0.0\', \'name:\', \'name_addr:0\', \'precision:0\', \'ref_param_nr:3\', "referenced_blocks:{\'text_0\': b\'open\', \'text_1\': b\'close\', \'default_addr\': b\'\'}", \'reserved0:0\', \'text_0:702136\', \'text_1:702168\', \'unit:\', \'unit_addr:0\', \'val_0:0.0\', \'val_1:1.0\', \'val_param_nr:2\'])>'
  - 组 'ZCUT_4'.ACEleclocksSt2 data_type: 7 vs 0
  - 组 'ZCUT_4'.ACEleclocksSt2 bit_count: 64 vs 1
  - 组 'ZCUT_4'.ACEleclocksSt2 flags: 0 vs 16
  - 组 'ZCUT_4'.ACEleclocksSt2 conversion: 'None' vs '<ChannelConversion (name: , unit: , comment: , formula: , referenced blocks: {\'text_0\': b\'open\', \'text_1\': b\'close\', \'default_addr\': b\'\'}, address: 701616, fields: [\'_cache:None\', \'address:701616\', \'block_len:120\', \'comment:\', \'comment_addr:0\', \'conversion_type:7\', \'default_addr:0\', \'flags:0\', \'formula:\', "id:b\'##CC\'", \'inv_conv_addr:0\', \'is_user_defined:False\', \'links_nr:7\', \'max_phy_value:0.0\', \'min_phy_value:0.0\', \'name:\', \'name_addr:0\', \'precision:0\', \'ref_param_nr:3\', "referenced_blocks:{\'text_0\': b\'open\', \'text_1\': b\'close\', \'default_addr\': b\'\'}", \'reserved0:0\', \'text_0:701552\', \'text_1:701584\', \'unit:\', \'unit_addr:0\', \'val_0:0.0\', \'val_1:1.0\', \'val_param_nr:2\'])>'
  - 组 'ZCUT_4'.ACEleclocksSt data_type: 7 vs 0
  - 组 'ZCUT_4'.ACEleclocksSt bit_count: 64 vs 3
  - 组 'ZCUT_4'.ACEleclocksSt flags: 0 vs 16
  - 组 'ZCUT_4'.ACEleclocksSt conversion: 'None' vs '<ChannelConversion (name: , unit: , comment: , formula: , referenced blocks: {\'text_0\': b\'init\', \'text_1\': b\'Uncloked\', \'text_2\': b\'Locked\', \'text_3\': b\'Bosh open\', \'text_4\': b\'Error,bosh close\', \'default_addr\': b\'\'}, address: 700992, fields: [\'_cache:None\', \'address:700992\', \'block_len:168\', \'comment:\', \'comment_addr:0\', \'conversion_type:7\', \'default_addr:0\', \'flags:0\', \'formula:\', "id:b\'##CC\'", \'inv_conv_addr:0\', \'is_user_defined:False\', \'links_nr:10\', \'max_phy_value:0.0\', \'min_phy_value:0.0\', \'name:\', \'name_addr:0\', \'precision:0\', \'ref_param_nr:6\', "referenced_blocks:{\'text_0\': b\'init\', \'text_1\': b\'Uncloked\', \'text_2\': b\'Locked\', \'text_3\': b\'Bosh open\', \'text_4\': b\'Error,bosh close\', \'default_addr\': b\'\'}", \'reserved0:0\', \'text_0:700800\', \'text_1:700832\', \'text_2:700872\', \'text_3:700904\', \'text_4:700944\', \'unit:\', \'unit_addr:0\', \'val_0:0.0\', \'val_1:1.0\', \'val_2:2.0\', \'val_3:3.0\', \'val_4:4.0\', \'val_param_nr:5\'])>'
  - 组 'ZCUT_4'.Elecunlockdrvst data_type: 7 vs 0
  - 组 'ZCUT_4'.Elecunlockdrvst bit_count: 64 vs 2
  - 组 'ZCUT_4'.Elecunlockdrvst flags: 0 vs 16
  - 组 'ZCUT_4'.Elecunlockdrvst conversion: 'None' vs '<ChannelConversion (name: , unit: , comment: , formula: , referenced blocks: {\'text_0\': b\'Hold\', \'text_1\': b\'Locking output\', \'text_2\': b\'UnLocking output\', \'text_3\': b\'Over temperature protect(reserve)\', \'default_addr\': b\'\'}, address: 705176, fields: [\'_cache:None\', \'address:705176\', \'block_len:152\', \'comment:\', \'comment_addr:0\', \'conversion_type:7\', \'default_addr:0\', \'flags:0\', \'formula:\', "id:b\'##CC\'", \'inv_conv_addr:0\', \'is_user_defined:False\', \'links_nr:9\', \'max_phy_value:0.0\', \'min_phy_value:0.0\', \'name:\', \'name_addr:0\', \'precision:0\', \'ref_param_nr:5\', "referenced_blocks:{\'text_0\': b\'Hold\', \'text_1\': b\'Locking output\', \'text_2\': b\'UnLocking output\', \'text_3\': b\'Over temperature protect(reserve)\', \'default_addr\': b\'\'}", \'reserved0:0\', \'text_0:704992\', \'text_1:705024\', \'text_2:705064\', \'text_3:705112\', \'unit:\', \'unit_addr:0\', \'val_0:0.0\', \'val_1:1.0\', \'val_2:2.0\', \'val_3:3.0\', \'val_param_nr:4\'])>'
  - 组 'ZCUT_4'.ElecunlockM2diagnosisoupt data_type: 7 vs 0
  - 组 'ZCUT_4'.ElecunlockM2diagnosisoupt bit_count: 64 vs 2
  - 组 'ZCUT_4'.ElecunlockM2diagnosisoupt flags: 0 vs 16
  - 组 'ZCUT_4'.ElecunlockM2diagnosisoupt conversion: 'None' vs '<ChannelConversion (name: , unit: , comment: , formula: , referenced blocks: {\'text_0\': b\'Power stage o.k\', \'text_1\': b\'Open load\', \'text_2\': b\'Short circuit to voltage\', \'text_3\': b\'Short circuit to ground.\', \'default_addr\': b\'\'}, address: 704408, fields: [\'_cache:None\', \'address:704408\', \'block_len:152\', \'comment:\', \'comment_addr:0\', \'conversion_type:7\', \'default_addr:0\', \'flags:0\', \'formula:\', "id:b\'##CC\'", \'inv_conv_addr:0\', \'is_user_defined:False\', \'links_nr:9\', \'max_phy_value:0.0\', \'min_phy_value:0.0\', \'name:\', \'name_addr:0\', \'precision:0\', \'ref_param_nr:5\', "referenced_blocks:{\'text_0\': b\'Power stage o.k\', \'text_1\': b\'Open load\', \'text_2\': b\'Short circuit to voltage\', \'text_3\': b\'Short circuit to ground.\', \'default_addr\': b\'\'}", \'reserved0:0\', \'text_0:704216\', \'text_1:704256\', \'text_2:704296\', \'text_3:704352\', \'unit:\', \'unit_addr:0\', \'val_0:0.0\', \'val_1:1.0\', \'val_2:2.0\', \'val_3:3.0\', \'val_param_nr:4\'])>'
  - 组 'ZCUT_4'.ElecunlockM1diagnosisoupt data_type: 7 vs 0
  - 组 'ZCUT_4'.ElecunlockM1diagnosisoupt bit_count: 64 vs 2
  - 组 'ZCUT_4'.ElecunlockM1diagnosisoupt flags: 0 vs 16
  - 组 'ZCUT_4'.ElecunlockM1diagnosisoupt conversion: 'None' vs '<ChannelConversion (name: , unit: , comment: , formula: , referenced blocks: {\'text_0\': b\'Power stage o.k\', \'text_1\': b\'Open load\', \'text_2\': b\'Short circuit to voltage\', \'text_3\': b\'Short circuit to ground.\', \'default_addr\': b\'\'}, address: 703632, fields: [\'_cache:None\', \'address:703632\', \'block_len:152\', \'comment:\', \'comment_addr:0\', \'conversion_type:7\', \'default_addr:0\', \'flags:0\', \'formula:\', "id:b\'##CC\'", \'inv_conv_addr:0\', \'is_user_defined:False\', \'links_nr:9\', \'max_phy_value:0.0\', \'min_phy_value:0.0\', \'name:\', \'name_addr:0\', \'precision:0\', \'ref_param_nr:5\', "referenced_blocks:{\'text_0\': b\'Power stage o.k\', \'text_1\': b\'Open load\', \'text_2\': b\'Short circuit to voltage\', \'text_3\': b\'Short circuit to ground.\', \'default_addr\': b\'\'}", \'reserved0:0\', \'text_0:703440\', \'text_1:703480\', \'text_2:703520\', \'text_3:703576\', \'unit:\', \'unit_addr:0\', \'val_0:0.0\', \'val_1:1.0\', \'val_2:2.0\', \'val_3:3.0\', \'val_param_nr:4\'])>'
  - 组 'ZCUT_4'.ElecunlockProSt data_type: 7 vs 0
  - 组 'ZCUT_4'.ElecunlockProSt bit_count: 64 vs 2
  - 组 'ZCUT_4'.ElecunlockProSt flags: 0 vs 16
  - 组 'ZCUT_4'.ElecunlockProSt conversion: 'None' vs '<ChannelConversion (name: , unit: , comment: , formula: , referenced blocks: {\'text_0\': b\'normal\', \'text_1\': b\'Over Temperature protect\', \'text_2\': b\'Over time\', \'text_3\': b\'Error\', \'default_addr\': b\'\'}, address: 702880, fields: [\'_cache:None\', \'address:702880\', \'block_len:152\', \'comment:\', \'comment_addr:0\', \'conversion_type:7\', \'default_addr:0\', \'flags:0\', \'formula:\', "id:b\'##CC\'", \'inv_conv_addr:0\', \'is_user_defined:False\', \'links_nr:9\', \'max_phy_value:0.0\', \'min_phy_value:0.0\', \'name:\', \'name_addr:0\', \'precision:0\', \'ref_param_nr:5\', "referenced_blocks:{\'text_0\': b\'normal\', \'text_1\': b\'Over Temperature protect\', \'text_2\': b\'Over time\', \'text_3\': b\'Error\', \'default_addr\': b\'\'}", \'reserved0:0\', \'text_0:702720\', \'text_1:702752\', \'text_2:702808\', \'text_3:702848\', \'unit:\', \'unit_addr:0\', \'val_0:0.0\', \'val_1:1.0\', \'val_2:2.0\', \'val_3:3.0\', \'val_param_nr:4\'])>'
  - 组 'ZCUT_5': 组内信号序不同 ['IPDS_RearMotorPowerSt', 'IPDS_RearEOPPowerSt', 'IPDS_RearMotorPowerFaultSt', 'IPDS_RearEOPPowerFaultSt', 'IPDS_KL15T1PowerSt', 'IPDS_BCBPowerSt', 'IPDS_BCBPowerFaultSt']... vs ['IPDS_RearMotorPowerSt', 'IPDS_RearEOPPowerSt', 'IPDS_RearMotorPowerFaultSt', 'IPDS_RearEOPPowerFaultSt', 'IPDS_KL15T1PowerSt', 'IPDS_BCBPowerFaultSt', 'IPDS_BCBPowerSt']...
  - 组 'ZCUT_5'.t data_type: 4 vs 0
  - 组 'ZCUT_5'.t conversion: 'None' vs '<ChannelConversion (name: , unit: s, comment: , formula: , referenced blocks: {}, address: 1344, fields: [\'_cache:None\', \'a:1e-09\', \'address:1344\', \'b:0.0\', \'block_len:96\', \'comment:\', \'comment_addr:0\', \'conversion_type:1\', \'flags:0\', \'formula:\', "id:b\'##CC\'", \'inv_conv_addr:0\', \'is_user_defined:False\', \'links_nr:4\', \'max_phy_value:0.0\', \'min_phy_value:0.0\', \'name:\', \'name_addr:0\', \'precision:0\', \'ref_param_nr:0\', \'referenced_blocks:{}\', \'reserved0:0\', \'unit:s\', \'unit_addr:1312\', \'val_param_nr:2\'])>'
  - 组 'ZCUT_5'.IPDS_RearMotorPowerSt data_type: 7 vs 0
  - 组 'ZCUT_5'.IPDS_RearMotorPowerSt bit_count: 64 vs 1
  - 组 'ZCUT_5'.IPDS_RearMotorPowerSt flags: 0 vs 16
  - 组 'ZCUT_5'.IPDS_RearMotorPowerSt conversion: 'None' vs '<ChannelConversion (name: , unit: , comment: , formula: , referenced blocks: {\'text_0\': b\'Not Active\', \'text_1\': b\'Active\', \'default_addr\': b\'\'}, address: 706536, fields: [\'_cache:None\', \'address:706536\', \'block_len:120\', \'comment:\', \'comment_addr:0\', \'conversion_type:7\', \'default_addr:0\', \'flags:0\', \'formula:\', "id:b\'##CC\'", \'inv_conv_addr:0\', \'is_user_defined:False\', \'links_nr:7\', \'max_phy_value:0.0\', \'min_phy_value:0.0\', \'name:\', \'name_addr:0\', \'precision:0\', \'ref_param_nr:3\', "referenced_blocks:{\'text_0\': b\'Not Active\', \'text_1\': b\'Active\', \'default_addr\': b\'\'}", \'reserved0:0\', \'text_0:706464\', \'text_1:706504\', \'unit:\', \'unit_addr:0\', \'val_0:0.0\', \'val_1:1.0\', \'val_param_nr:2\'])>'
  - 组 'ZCUT_5'.IPDS_RearEOPPowerSt data_type: 7 vs 0
  - 组 'ZCUT_5'.IPDS_RearEOPPowerSt bit_count: 64 vs 1
  - 组 'ZCUT_5'.IPDS_RearEOPPowerSt flags: 0 vs 16
  - 组 'ZCUT_5'.IPDS_RearEOPPowerSt conversion: 'None' vs '<ChannelConversion (name: , unit: , comment: , formula: , referenced blocks: {\'text_0\': b\'Not Active\', \'text_1\': b\'Active\', \'default_addr\': b\'\'}, address: 707112, fields: [\'_cache:None\', \'address:707112\', \'block_len:120\', \'comment:\', \'comment_addr:0\', \'conversion_type:7\', \'default_addr:0\', \'flags:0\', \'formula:\', "id:b\'##CC\'", \'inv_conv_addr:0\', \'is_user_defined:False\', \'links_nr:7\', \'max_phy_value:0.0\', \'min_phy_value:0.0\', \'name:\', \'name_addr:0\', \'precision:0\', \'ref_param_nr:3\', "referenced_blocks:{\'text_0\': b\'Not Active\', \'text_1\': b\'Active\', \'default_addr\': b\'\'}", \'reserved0:0\', \'text_0:707040\', \'text_1:707080\', \'unit:\', \'unit_addr:0\', \'val_0:0.0\', \'val_1:1.0\', \'val_param_nr:2\'])>'
  - 组 'ZCUT_5'.IPDS_RearMotorPowerFaultSt data_type: 7 vs 0
  - 组 'ZCUT_5'.IPDS_RearMotorPowerFaultSt bit_count: 64 vs 3
  - 组 'ZCUT_5'.IPDS_RearMotorPowerFaultSt flags: 0 vs 16
  - 组 'ZCUT_5'.IPDS_RearMotorPowerFaultSt conversion: 'None' vs '<ChannelConversion (name: , unit: , comment: , formula: , referenced blocks: {\'text_0\': b\'Normal\', \'text_1\': b\'Circuit short to ground\', \'text_2\': b\'Circuit short to battery\', \'text_3\': b\'Open\', \'text_4\': b\'Overpower\', \'default_addr\': b\'\'}, address: 707824, fields: [\'_cache:None\', \'address:707824\', \'block_len:168\', \'comment:\', \'comment_addr:0\', \'conversion_type:7\', \'default_addr:0\', \'flags:0\', \'formula:\', "id:b\'##CC\'", \'inv_conv_addr:0\', \'is_user_defined:False\', \'links_nr:10\', \'max_phy_value:0.0\', \'min_phy_value:0.0\', \'name:\', \'name_addr:0\', \'precision:0\', \'ref_param_nr:6\', "referenced_blocks:{\'text_0\': b\'Normal\', \'text_1\': b\'Circuit short to ground\', \'text_2\': b\'Circuit short to battery\', \'text_3\': b\'Open\', \'text_4\': b\'Overpower\', \'default_addr\': b\'\'}", \'reserved0:0\', \'text_0:707616\', \'text_1:707648\', \'text_2:707696\', \'text_3:707752\', \'text_4:707784\', \'unit:\', \'unit_addr:0\', \'val_0:0.0\', \'val_1:1.0\', \'val_2:2.0\', \'val_3:3.0\', \'val_4:4.0\', \'val_param_nr:5\'])>'
  - 组 'ZCUT_5'.IPDS_RearEOPPowerFaultSt data_type: 7 vs 0
  - 组 'ZCUT_5'.IPDS_RearEOPPowerFaultSt bit_count: 64 vs 3
  - 组 'ZCUT_5'.IPDS_RearEOPPowerFaultSt flags: 0 vs 16
  - 组 'ZCUT_5'.IPDS_RearEOPPowerFaultSt conversion: 'None' vs '<ChannelConversion (name: , unit: , comment: , formula: , referenced blocks: {\'text_0\': b\'Normal\', \'text_1\': b\'Circuit short to ground\', \'text_2\': b\'Circuit short to battery\', \'text_3\': b\'Open\', \'text_4\': b\'Overpower\', \'default_addr\': b\'\'}, address: 708600, fields: [\'_cache:None\', \'address:708600\', \'block_len:168\', \'comment:\', \'comment_addr:0\', \'conversion_type:7\', \'default_addr:0\', \'flags:0\', \'formula:\', "id:b\'##CC\'", \'inv_conv_addr:0\', \'is_user_defined:False\', \'links_nr:10\', \'max_phy_value:0.0\', \'min_phy_value:0.0\', \'name:\', \'name_addr:0\', \'precision:0\', \'ref_param_nr:6\', "referenced_blocks:{\'text_0\': b\'Normal\', \'text_1\': b\'Circuit short to ground\', \'text_2\': b\'Circuit short to battery\', \'text_3\': b\'Open\', \'text_4\': b\'Overpower\', \'default_addr\': b\'\'}", \'reserved0:0\', \'text_0:708392\', \'text_1:708424\', \'text_2:708472\', \'text_3:708528\', \'text_4:708560\', \'unit:\', \'unit_addr:0\', \'val_0:0.0\', \'val_1:1.0\', \'val_2:2.0\', \'val_3:3.0\', \'val_4:4.0\', \'val_param_nr:5\'])>'
  - 组 'ZCUT_5'.IPDS_KL15T1PowerSt data_type: 7 vs 0
  - 组 'ZCUT_5'.IPDS_KL15T1PowerSt bit_count: 64 vs 1
  - 组 'ZCUT_5'.IPDS_KL15T1PowerSt flags: 0 vs 16
  - 组 'ZCUT_5'.IPDS_KL15T1PowerSt conversion: 'None' vs '<ChannelConversion (name: , unit: , comment: , formula: , referenced blocks: {\'text_0\': b\'Not Active\', \'text_1\': b\'Active\', \'default_addr\': b\'\'}, address: 709240, fields: [\'_cache:None\', \'address:709240\', \'block_len:120\', \'comment:\', \'comment_addr:0\', \'conversion_type:7\', \'default_addr:0\', \'flags:0\', \'formula:\', "id:b\'##CC\'", \'inv_conv_addr:0\', \'is_user_defined:False\', \'links_nr:7\', \'max_phy_value:0.0\', \'min_phy_value:0.0\', \'name:\', \'name_addr:0\', \'precision:0\', \'ref_param_nr:3\', "referenced_blocks:{\'text_0\': b\'Not Active\', \'text_1\': b\'Active\', \'default_addr\': b\'\'}", \'reserved0:0\', \'text_0:709168\', \'text_1:709208\', \'unit:\', \'unit_addr:0\', \'val_0:0.0\', \'val_1:1.0\', \'val_param_nr:2\'])>'
  - 组 'ZCUT_5'.IPDS_BCBPowerSt data_type: 7 vs 0
  - 组 'ZCUT_5'.IPDS_BCBPowerSt bit_count: 64 vs 1
  - 组 'ZCUT_5'.IPDS_BCBPowerSt flags: 0 vs 16
  - 组 'ZCUT_5'.IPDS_BCBPowerSt conversion: 'None' vs '<ChannelConversion (name: , unit: , comment: , formula: , referenced blocks: {\'text_0\': b\'Not Active\', \'text_1\': b\'Active\', \'default_addr\': b\'\'}, address: 710576, fields: [\'_cache:None\', \'address:710576\', \'block_len:120\', \'comment:\', \'comment_addr:0\', \'conversion_type:7\', \'default_addr:0\', \'flags:0\', \'formula:\', "id:b\'##CC\'", \'inv_conv_addr:0\', \'is_user_defined:False\', \'links_nr:7\', \'max_phy_value:0.0\', \'min_phy_value:0.0\', \'name:\', \'name_addr:0\', \'precision:0\', \'ref_param_nr:3\', "referenced_blocks:{\'text_0\': b\'Not Active\', \'text_1\': b\'Active\', \'default_addr\': b\'\'}", \'reserved0:0\', \'text_0:710504\', \'text_1:710544\', \'unit:\', \'unit_addr:0\', \'val_0:0.0\', \'val_1:1.0\', \'val_param_nr:2\'])>'
  - 组 'ZCUT_5'.IPDS_BCBPowerFaultSt data_type: 7 vs 0
  - 组 'ZCUT_5'.IPDS_BCBPowerFaultSt bit_count: 64 vs 3
  - 组 'ZCUT_5'.IPDS_BCBPowerFaultSt flags: 0 vs 16
  - 组 'ZCUT_5'.IPDS_BCBPowerFaultSt conversion: 'None' vs '<ChannelConversion (name: , unit: , comment: , formula: , referenced blocks: {\'text_0\': b\'Normal\', \'text_1\': b\'Circuit short to ground\', \'text_2\': b\'Circuit short to battery\', \'text_3\': b\'Open\', \'text_4\': b\'Overpower\', \'default_addr\': b\'\'}, address: 709952, fields: [\'_cache:None\', \'address:709952\', \'block_len:168\', \'comment:\', \'comment_addr:0\', \'conversion_type:7\', \'default_addr:0\', \'flags:0\', \'formula:\', "id:b\'##CC\'", \'inv_conv_addr:0\', \'is_user_defined:False\', \'links_nr:10\', \'max_phy_value:0.0\', \'min_phy_value:0.0\', \'name:\', \'name_addr:0\', \'precision:0\', \'ref_param_nr:6\', "referenced_blocks:{\'text_0\': b\'Normal\', \'text_1\': b\'Circuit short to ground\', \'text_2\': b\'Circuit short to battery\', \'text_3\': b\'Open\', \'text_4\': b\'Overpower\', \'default_addr\': b\'\'}", \'reserved0:0\', \'text_0:709744\', \'text_1:709776\', \'text_2:709824\', \'text_3:709880\', \'text_4:709912\', \'unit:\', \'unit_addr:0\', \'val_0:0.0\', \'val_1:1.0\', \'val_2:2.0\', \'val_3:3.0\', \'val_4:4.0\', \'val_param_nr:5\'])>'
  - 组 'ZCUT_NM'.t data_type: 4 vs 0
  - 组 'ZCUT_NM'.t conversion: 'None' vs '<ChannelConversion (name: , unit: s, comment: , formula: , referenced blocks: {}, address: 1344, fields: [\'_cache:None\', \'a:1e-09\', \'address:1344\', \'b:0.0\', \'block_len:96\', \'comment:\', \'comment_addr:0\', \'conversion_type:1\', \'flags:0\', \'formula:\', "id:b\'##CC\'", \'inv_conv_addr:0\', \'is_user_defined:False\', \'links_nr:4\', \'max_phy_value:0.0\', \'min_phy_value:0.0\', \'name:\', \'name_addr:0\', \'precision:0\', \'ref_param_nr:0\', \'referenced_blocks:{}\', \'reserved0:0\', \'unit:s\', \'unit_addr:1312\', \'val_param_nr:2\'])>'
  - 组 'ZCUT_NM'.ZCUT_NMNodeAddress flags: 0 vs 16
  - 组 'ZCUT_NM'.ZCUT_NMWakeupOrigin data_type: 7 vs 0
  - 组 'ZCUT_NM'.ZCUT_NMWakeupOrigin bit_count: 64 vs 8
  - 组 'ZCUT_NM'.ZCUT_NMWakeupOrigin flags: 0 vs 16
  - 组 'ZCUT_NM'.ZCUT_NMWakeupOrigin conversion: 'None' vs '<ChannelConversion (name: , unit: , comment: , formula: , referenced blocks: {\'text_0\': b\'EPB sw\', \'text_1\': b\'Fill Cap B State\', \'text_2\': b\'RL Door Ajar State\', \'text_3\': b\'RR Door Ajar State\', \'text_4\': b\'RL Door Lock State\', \'text_5\': b\'RR Door Lock State\', \'text_6\': b\'RL Door Open State\', \'text_7\': b\'RL Power Release Switch\', \'text_8\': b\'RL Door Outside Switch\', \'text_9\': b\'RR Door Open State\', \'text_10\': b\'RR Power Release Switch\', \'text_11\': b\'RR Door Outside Switch\', \'text_12\': b\'Trunk Ajar State / Tail Door Latch Ajar Switch\', \'text_13\': b\'Tail Door Latch Half Switch\', \'text_14\': b\'Tail Door Latch Neutral Switch\', \'text_15\': b\'Tail Door pawl switch\', \'text_16\': b\'PLG Switch\', \'text_17\': b\'External Switch, Filler Cap\', \'text_18\': b\'Fill Cap A State\', \'text_19\': b\'EBS Low Battery Wakeup\', \'text_20\': b\'Lift Gate Stay Assy 1 HS 1\', \'text_21\': b\'Lift Gate Stay Assy 1 HS 2\', \'text_22\': b\'EPB(SSM)\', \'text_23\': b\'CAN01_NM Message wakeup\', \'text_24\': b\'CAN02_NM Message wakeup\', \'text_25\': b\'CAN03_NM Message wakeup\', \'text_26\': b\'CAN04_NM Message wakeup\', \'text_27\': b\'CAN05_NM Message wakeup\', \'text_28\': b\'Diag_message\', \'default_addr\': b\'\'}, address: 900760, fields: [\'_cache:None\', \'address:900760\', \'block_len:552\', \'comment:\', \'comment_addr:0\', \'conversion_type:7\', \'default_addr:0\', \'flags:0\', \'formula:\', "id:b\'##CC\'", \'inv_conv_addr:0\', \'is_user_defined:False\', \'links_nr:34\', \'max_phy_value:0.0\', \'min_phy_value:0.0\', \'name:\', \'name_addr:0\', \'precision:0\', \'ref_param_nr:30\', "referenced_blocks:{\'text_0\': b\'EPB sw\', \'text_1\': b\'Fill Cap B State\', \'text_2\': b\'RL Door Ajar State\', \'text_3\': b\'RR Door Ajar State\', \'text_4\': b\'RL Door Lock State\', \'text_5\': b\'RR Door Lock State\', \'text_6\': b\'RL Door Open State\', \'text_7\': b\'RL Power Release Switch\', \'text_8\': b\'RL Door Outside Switch\', \'text_9\': b\'RR Door Open State\', \'text_10\': b\'RR Power Release Switch\', \'text_11\': b\'RR Door Outside Switch\', \'text_12\': b\'Trunk Ajar State / Tail Door Latch Ajar Switch\', \'text_13\': b\'Tail Door Latch Half Switch\', \'text_14\': b\'Tail Door Latch Neutral Switch\', \'text_15\': b\'Tail Door pawl switch\', \'text_16\': b\'PLG Switch\', \'text_17\': b\'External Switch, Filler Cap\', \'text_18\': b\'Fill Cap A State\', \'text_19\': b\'EBS Low Battery Wakeup\', \'text_20\': b\'Lift Gate Stay Assy 1 HS 1\', \'text_21\': b\'Lift Gate Stay Assy 1 HS 2\', \'text_22\': b\'EPB(SSM)\', \'text_23\': b\'CAN01_NM Message wakeup\', \'text_24\': b\'CAN02_NM Message wakeup\', \'text_25\': b\'CAN03_NM Message wakeup\', \'text_26\': b\'CAN04_NM Message wakeup\', \'text_27\': b\'CAN05_NM Message wakeup\', \'text_28\': b\'Diag_message\', \'default_addr\': b\'\'}", \'reserved0:0\', \'text_0:899344\', \'text_1:899376\', \'text_10:899808\', \'text_11:899856\', \'text_12:899904\', \'text_13:899976\', \'text_14:900032\', \'text_15:900088\', \'text_16:900136\', \'text_17:900176\', \'text_18:900232\', \'text_19:900280\', \'text_2:899424\', \'text_20:900328\', \'text_21:900384\', \'text_22:900440\', \'text_23:900480\', \'text_24:900528\', \'text_25:900576\', \'text_26:900624\', \'text_27:900672\', \'text_28:900720\', \'text_3:899472\', \'text_4:899520\', \'text_5:899568\', \'text_6:899616\', \'text_7:899664\', \'text_8:899712\', \'text_9:899760\', \'unit:\', \'unit_addr:0\', \'val_0:4.0\', \'val_1:80.0\', \'val_10:89.0\', \'val_11:90.0\', \'val_12:91.0\', \'val_13:92.0\', \'val_14:93.0\', \'val_15:94.0\', \'val_16:95.0\', \'val_17:99.0\', \'val_18:100.0\', \'val_19:189.0\', \'val_2:81.0\', \'val_20:194.0\', \'val_21:195.0\', \'val_22:203.0\', \'val_23:241.0\', \'val_24:242.0\', \'val_25:243.0\', \'val_26:244.0\', \'val_27:245.0\', \'val_28:254.0\', \'val_3:82.0\', \'val_4:83.0\', \'val_5:84.0\', \'val_6:85.0\', \'val_7:86.0\', \'val_8:87.0\', \'val_9:88.0\', \'val_param_nr:29\'])>'
  - 组 'ZCUT_NM'.ZCUT_PNCInformation0 flags: 0 vs 16
  - 组 'IDC_ICM_1'.t data_type: 4 vs 0
  - 组 'IDC_ICM_1'.t conversion: 'None' vs '<ChannelConversion (name: , unit: s, comment: , formula: , referenced blocks: {}, address: 1344, fields: [\'_cache:None\', \'a:1e-09\', \'address:1344\', \'b:0.0\', \'block_len:96\', \'comment:\', \'comment_addr:0\', \'conversion_type:1\', \'flags:0\', \'formula:\', "id:b\'##CC\'", \'inv_conv_addr:0\', \'is_user_defined:False\', \'links_nr:4\', \'max_phy_value:0.0\', \'min_phy_value:0.0\', \'name:\', \'name_addr:0\', \'precision:0\', \'ref_param_nr:0\', \'referenced_blocks:{}\', \'reserved0:0\', \'unit:s\', \'unit_addr:1312\', \'val_param_nr:2\'])>'
  - 组 'IDC_ICM_1'.ICM_TotalOdometer bit_count: 32 vs 20
  - 组 'IDC_ICM_1'.ICM_TotalOdometer flags: 0 vs 16
  - 组 'IDC_ICM_1'.ICM_TotalOdometer conversion: 'None' vs '<ChannelConversion (name: , unit: km, comment: , formula: , referenced blocks: {}, address: 737400, fields: [\'_cache:None\', \'address:737400\', \'block_len:80\', \'comment:\', \'comment_addr:0\', \'conversion_type:0\', \'flags:0\', \'formula:\', "id:b\'##CC\'", \'inv_conv_addr:0\', \'is_user_defined:False\', \'links_nr:4\', \'max_phy_value:0.0\', \'min_phy_value:0.0\', \'name:\', \'name_addr:0\', \'precision:0\', \'ref_param_nr:0\', \'referenced_blocks:{}\', \'reserved0:0\', \'unit:km\', \'unit_addr:737368\', \'val_param_nr:0\'])>'
  - 组 'IDC_ICM_1'.ICM_ElcConspAccumAvgClnCmd data_type: 7 vs 0
  - 组 'IDC_ICM_1'.ICM_ElcConspAccumAvgClnCmd bit_count: 64 vs 1
  - 组 'IDC_ICM_1'.ICM_ElcConspAccumAvgClnCmd flags: 0 vs 16
  - 组 'IDC_ICM_1'.ICM_ElcConspAccumAvgClnCmd conversion: 'None' vs '<ChannelConversion (name: , unit: , comment: , formula: , referenced blocks: {\'text_0\': b\'Not clean\', \'text_1\': b\'Clean\', \'default_addr\': b\'\'}, address: 737928, fields: [\'_cache:None\', \'address:737928\', \'block_len:120\', \'comment:\', \'comment_addr:0\', \'conversion_type:7\', \'default_addr:0\', \'flags:0\', \'formula:\', "id:b\'##CC\'", \'inv_conv_addr:0\', \'is_user_defined:False\', \'links_nr:7\', \'max_phy_value:0.0\', \'min_phy_value:0.0\', \'name:\', \'name_addr:0\', \'precision:0\', \'ref_param_nr:3\', "referenced_blocks:{\'text_0\': b\'Not clean\', \'text_1\': b\'Clean\', \'default_addr\': b\'\'}", \'reserved0:0\', \'text_0:737856\', \'text_1:737896\', \'unit:\', \'unit_addr:0\', \'val_0:0.0\', \'val_1:1.0\', \'val_param_nr:2\'])>'
  - 组 'IDC_ICM_1'.ICM_ElcConspAccumAvgClnCmd_B data_type: 7 vs 0
  - 组 'IDC_ICM_1'.ICM_ElcConspAccumAvgClnCmd_B bit_count: 64 vs 1
  - 组 'IDC_ICM_1'.ICM_ElcConspAccumAvgClnCmd_B flags: 0 vs 16
  - 组 'IDC_ICM_1'.ICM_ElcConspAccumAvgClnCmd_B conversion: 'None' vs '<ChannelConversion (name: , unit: , comment: , formula: , referenced blocks: {\'text_0\': b\'Not clean\', \'text_1\': b\'Clean\', \'default_addr\': b\'\'}, address: 738552, fields: [\'_cache:None\', \'address:738552\', \'block_len:120\', \'comment:\', \'comment_addr:0\', \'conversion_type:7\', \'default_addr:0\', \'flags:0\', \'formula:\', "id:b\'##CC\'", \'inv_conv_addr:0\', \'is_user_defined:False\', \'links_nr:7\', \'max_phy_value:0.0\', \'min_phy_value:0.0\', \'name:\', \'name_addr:0\', \'precision:0\', \'ref_param_nr:3\', "referenced_blocks:{\'text_0\': b\'Not clean\', \'text_1\': b\'Clean\', \'default_addr\': b\'\'}", \'reserved0:0\', \'text_0:738480\', \'text_1:738520\', \'unit:\', \'unit_addr:0\', \'val_0:0.0\', \'val_1:1.0\', \'val_param_nr:2\'])>'
  - 组 'IDC_ICM_1'.ICM_VehInsSpd_accurate data_type: 4 vs 0
  - 组 'IDC_ICM_1'.ICM_VehInsSpd_accurate bit_count: 64 vs 11
  - 组 'IDC_ICM_1'.ICM_VehInsSpd_accurate flags: 0 vs 16
  - 组 'IDC_ICM_1'.ICM_VehInsSpd_accurate conversion: 'None' vs '<ChannelConversion (name: , unit: km/h, comment: , formula: , referenced blocks: {}, address: 739136, fields: [\'_cache:None\', \'a:0.1\', \'address:739136\', \'b:0.0\', \'block_len:96\', \'comment:\', \'comment_addr:0\', \'conversion_type:1\', \'flags:0\', \'formula:\', "id:b\'##CC\'", \'inv_conv_addr:0\', \'is_user_defined:False\', \'links_nr:4\', \'max_phy_value:0.0\', \'min_phy_value:0.0\', \'name:\', \'name_addr:0\', \'precision:0\', \'ref_param_nr:0\', \'referenced_blocks:{}\', \'reserved0:0\', \'unit:km/h\', \'unit_addr:739104\', \'val_param_nr:2\'])>'
  - 组 'IDC_1': 组内信号序不同 ['ACU_DischgSt', 'ACU_IpedalCreepCfg', 'ACU_EpedalCfg', 'ACU_DrvModCfg', 'ACU_WarmTimeCfg', 'ACU_DischgSocCfg', 'ACU_LongDistCfg', 'ACU_EcoPlusModeCfg']... vs ['ACU_IpedalCreepCfg', 'ACU_DischgSt', 'ACU_EpedalCfg', 'ACU_WarmTimeCfg', 'ACU_DrvModCfg', 'ACU_DischgSocCfg', 'ACU_EcoPlusModeCfg', 'ACU_LongDistCfg']...
  - 组 'IDC_1'.t data_type: 4 vs 0
  - 组 'IDC_1'.t conversion: 'None' vs '<ChannelConversion (name: , unit: s, comment: , formula: , referenced blocks: {}, address: 1344, fields: [\'_cache:None\', \'a:1e-09\', \'address:1344\', \'b:0.0\', \'block_len:96\', \'comment:\', \'comment_addr:0\', \'conversion_type:1\', \'flags:0\', \'formula:\', "id:b\'##CC\'", \'inv_conv_addr:0\', \'is_user_defined:False\', \'links_nr:4\', \'max_phy_value:0.0\', \'min_phy_value:0.0\', \'name:\', \'name_addr:0\', \'precision:0\', \'ref_param_nr:0\', \'referenced_blocks:{}\', \'reserved0:0\', \'unit:s\', \'unit_addr:1312\', \'val_param_nr:2\'])>'
  - 组 'IDC_1'.ACU_DischgSt data_type: 7 vs 0
  - 组 'IDC_1'.ACU_DischgSt bit_count: 64 vs 2
  - 组 'IDC_1'.ACU_DischgSt flags: 0 vs 16
  - 组 'IDC_1'.ACU_DischgSt conversion: 'None' vs '<ChannelConversion (name: , unit: , comment: , formula: , referenced blocks: {\'text_0\': b\'No command\', \'text_1\': b\'ON\', \'text_2\': b\'OFF\', \'default_addr\': b\'\'}, address: 1000688, fields: [\'_cache:None\', \'address:1000688\', \'block_len:136\', \'comment:\', \'comment_addr:0\', \'conversion_type:7\', \'default_addr:0\', \'flags:0\', \'formula:\', "id:b\'##CC\'", \'inv_conv_addr:0\', \'is_user_defined:False\', \'links_nr:8\', \'max_phy_value:0.0\', \'min_phy_value:0.0\', \'name:\', \'name_addr:0\', \'precision:0\', \'ref_param_nr:4\', "referenced_blocks:{\'text_0\': b\'No command\', \'text_1\': b\'ON\', \'text_2\': b\'OFF\', \'default_addr\': b\'\'}", \'reserved0:0\', \'text_0:1000584\', \'text_1:1000624\', \'text_2:1000656\', \'unit:\', \'unit_addr:0\', \'val_0:0.0\', \'val_1:1.0\', \'val_2:2.0\', \'val_param_nr:3\'])>'
  - 组 'IDC_1'.ACU_IpedalCreepCfg data_type: 7 vs 0
  - 组 'IDC_1'.ACU_IpedalCreepCfg bit_count: 64 vs 3
  - 组 'IDC_1'.ACU_IpedalCreepCfg flags: 0 vs 16
  - 组 'IDC_1'.ACU_IpedalCreepCfg conversion: 'None' vs '<ChannelConversion (name: , unit: , comment: , formula: , referenced blocks: {\'text_0\': b\'No command\', \'text_1\': b\'ON\', \'text_2\': b\'OFF\', \'default_addr\': b\'\'}, address: 1000040, fields: [\'_cache:None\', \'address:1000040\', \'block_len:136\', \'comment:\', \'comment_addr:0\', \'conversion_type:7\', \'default_addr:0\', \'flags:0\', \'formula:\', "id:b\'##CC\'", \'inv_conv_addr:0\', \'is_user_defined:False\', \'links_nr:8\', \'max_phy_value:0.0\', \'min_phy_value:0.0\', \'name:\', \'name_addr:0\', \'precision:0\', \'ref_param_nr:4\', "referenced_blocks:{\'text_0\': b\'No command\', \'text_1\': b\'ON\', \'text_2\': b\'OFF\', \'default_addr\': b\'\'}", \'reserved0:0\', \'text_0:999936\', \'text_1:999976\', \'text_2:1000008\', \'unit:\', \'unit_addr:0\', \'val_0:0.0\', \'val_1:1.0\', \'val_2:2.0\', \'val_param_nr:3\'])>'
  - 组 'IDC_1'.ACU_EpedalCfg data_type: 7 vs 0
  - 组 'IDC_1'.ACU_EpedalCfg bit_count: 64 vs 3
  - 组 'IDC_1'.ACU_EpedalCfg flags: 0 vs 16
  - 组 'IDC_1'.ACU_EpedalCfg conversion: 'None' vs '<ChannelConversion (name: , unit: , comment: , formula: , referenced blocks: {\'text_0\': b\'No command\', \'text_1\': b\'ON\', \'text_2\': b\'OFF\', \'default_addr\': b\'\'}, address: 1001328, fields: [\'_cache:None\', \'address:1001328\', \'block_len:136\', \'comment:\', \'comment_addr:0\', \'conversion_type:7\', \'default_addr:0\', \'flags:0\', \'formula:\', "id:b\'##CC\'", \'inv_conv_addr:0\', \'is_user_defined:False\', \'links_nr:8\', \'max_phy_value:0.0\', \'min_phy_value:0.0\', \'name:\', \'name_addr:0\', \'precision:0\', \'ref_param_nr:4\', "referenced_blocks:{\'text_0\': b\'No command\', \'text_1\': b\'ON\', \'text_2\': b\'OFF\', \'default_addr\': b\'\'}", \'reserved0:0\', \'text_0:1001224\', \'text_1:1001264\', \'text_2:1001296\', \'unit:\', \'unit_addr:0\', \'val_0:0.0\', \'val_1:1.0\', \'val_2:2.0\', \'val_param_nr:3\'])>'
  - 组 'IDC_1'.ACU_DrvModCfg data_type: 7 vs 0
  - 组 'IDC_1'.ACU_DrvModCfg bit_count: 64 vs 3
  - 组 'IDC_1'.ACU_DrvModCfg flags: 0 vs 16
  - 组 'IDC_1'.ACU_DrvModCfg conversion: 'None' vs '<ChannelConversion (name: , unit: , comment: , formula: , referenced blocks: {\'text_0\': b\'Invalid\', \'text_1\': b\'ECO+ Mode\', \'text_2\': b\'ECO Mode\', \'text_3\': b\'Comfort Mode\', \'text_4\': b\'Driving Mode\', \'text_5\': b\'SPORT Mode\', \'text_6\': b\'I-pedal Mode\', \'text_7\': b\'Individual\', \'default_addr\': b\'\'}, address: 1003344, fields: [\'_cache:None\', \'address:1003344\', \'block_len:216\', \'comment:\', \'comment_addr:0\', \'conversion_type:7\', \'default_addr:0\', \'flags:0\', \'formula:\', "id:b\'##CC\'", \'inv_conv_addr:0\', \'is_user_defined:False\', \'links_nr:13\', \'max_phy_value:0.0\', \'min_phy_value:0.0\', \'name:\', \'name_addr:0\', \'precision:0\', \'ref_param_nr:9\', "referenced_blocks:{\'text_0\': b\'Invalid\', \'text_1\': b\'ECO+ Mode\', \'text_2\': b\'ECO Mode\', \'text_3\': b\'Comfort Mode\', \'text_4\': b\'Driving Mode\', \'text_5\': b\'SPORT Mode\', \'text_6\': b\'I-pedal Mode\', \'text_7\': b\'Individual\', \'default_addr\': b\'\'}", \'reserved0:0\', \'text_0:1003032\', \'text_1:1003064\', \'text_2:1003104\', \'text_3:1003144\', \'text_4:1003184\', \'text_5:1003224\', \'text_6:1003264\', \'text_7:1003304\', \'unit:\', \'unit_addr:0\', \'val_0:0.0\', \'val_1:1.0\', \'val_2:2.0\', \'val_3:3.0\', \'val_4:4.0\', \'val_5:5.0\', \'val_6:6.0\', \'val_7:7.0\', \'val_param_nr:8\'])>'
  - 组 'IDC_1'.ACU_WarmTimeCfg data_type: 7 vs 0
  - 组 'IDC_1'.ACU_WarmTimeCfg bit_count: 64 vs 4
  - 组 'IDC_1'.ACU_WarmTimeCfg flags: 0 vs 16
  - 组 'IDC_1'.ACU_WarmTimeCfg conversion: 'None' vs '<ChannelConversion (name: , unit: , comment: , formula: , referenced blocks: {\'text_0\': b\'No command\', \'text_1\': b\'1h\', \'text_2\': b\'2h\', \'text_3\': b\'3h\', \'text_4\': b\'4h\', \'text_5\': b\'5h\', \'text_6\': b\'6h\', \'text_7\': b\'7h\', \'text_8\': b\'8h\', \'text_9\': b\'9h\', \'text_10\': b\'10h\', \'text_11\': b\'11h\', \'text_12\': b\'12h\', \'text_13\': b\'ON\', \'text_14\': b\'OFF\', \'default_addr\': b\'\'}, address: 1002328, fields: [\'_cache:None\', \'address:1002328\', \'block_len:328\', \'comment:\', \'comment_addr:0\', \'conversion_type:7\', \'default_addr:0\', \'flags:0\', \'formula:\', "id:b\'##CC\'", \'inv_conv_addr:0\', \'is_user_defined:False\', \'links_nr:20\', \'max_phy_value:0.0\', \'min_phy_value:0.0\', \'name:\', \'name_addr:0\', \'precision:0\', \'ref_param_nr:16\', "referenced_blocks:{\'text_0\': b\'No command\', \'text_1\': b\'1h\', \'text_2\': b\'2h\', \'text_3\': b\'3h\', \'text_4\': b\'4h\', \'text_5\': b\'5h\', \'text_6\': b\'6h\', \'text_7\': b\'7h\', \'text_8\': b\'8h\', \'text_9\': b\'9h\', \'text_10\': b\'10h\', \'text_11\': b\'11h\', \'text_12\': b\'12h\', \'text_13\': b\'ON\', \'text_14\': b\'OFF\', \'default_addr\': b\'\'}", \'reserved0:0\', \'text_0:1001840\', \'text_1:1001880\', \'text_10:1002168\', \'text_11:1002200\', \'text_12:1002232\', \'text_13:1002264\', \'text_14:1002296\', \'text_2:1001912\', \'text_3:1001944\', \'text_4:1001976\', \'text_5:1002008\', \'text_6:1002040\', \'text_7:1002072\', \'text_8:1002104\', \'text_9:1002136\', \'unit:\', \'unit_addr:0\', \'val_0:0.0\', \'val_1:1.0\', \'val_10:10.0\', \'val_11:11.0\', \'val_12:12.0\', \'val_13:14.0\', \'val_14:15.0\', \'val_2:2.0\', \'val_3:3.0\', \'val_4:4.0\', \'val_5:5.0\', \'val_6:6.0\', \'val_7:7.0\', \'val_8:8.0\', \'val_9:9.0\', \'val_param_nr:15\'])>'
  - 组 'IDC_1'.ACU_DischgSocCfg bit_count: 8 vs 7
  - 组 'IDC_1'.ACU_DischgSocCfg flags: 0 vs 16
  - 组 'IDC_1'.ACU_DischgSocCfg conversion: 'None' vs '<ChannelConversion (name: , unit: %, comment: , formula: , referenced blocks: {}, address: 1004000, fields: [\'_cache:None\', \'address:1004000\', \'block_len:80\', \'comment:\', \'comment_addr:0\', \'conversion_type:0\', \'flags:0\', \'formula:\', "id:b\'##CC\'", \'inv_conv_addr:0\', \'is_user_defined:False\', \'links_nr:4\', \'max_phy_value:0.0\', \'min_phy_value:0.0\', \'name:\', \'name_addr:0\', \'precision:0\', \'ref_param_nr:0\', \'referenced_blocks:{}\', \'reserved0:0\', \'unit:%\', \'unit_addr:1003968\', \'val_param_nr:0\'])>'
  - 组 'IDC_1'.ACU_LongDistCfg data_type: 7 vs 0
  - 组 'IDC_1'.ACU_LongDistCfg bit_count: 64 vs 2
  - 组 'IDC_1'.ACU_LongDistCfg flags: 0 vs 16
  - 组 'IDC_1'.ACU_LongDistCfg conversion: 'None' vs '<ChannelConversion (name: , unit: , comment: , formula: , referenced blocks: {\'text_0\': b\'No command\', \'text_1\': b\'ON\', \'text_2\': b\'OFF\', \'default_addr\': b\'\'}, address: 1005200, fields: [\'_cache:None\', \'address:1005200\', \'block_len:136\', \'comment:\', \'comment_addr:0\', \'conversion_type:7\', \'default_addr:0\', \'flags:0\', \'formula:\', "id:b\'##CC\'", \'inv_conv_addr:0\', \'is_user_defined:False\', \'links_nr:8\', \'max_phy_value:0.0\', \'min_phy_value:0.0\', \'name:\', \'name_addr:0\', \'precision:0\', \'ref_param_nr:4\', "referenced_blocks:{\'text_0\': b\'No command\', \'text_1\': b\'ON\', \'text_2\': b\'OFF\', \'default_addr\': b\'\'}", \'reserved0:0\', \'text_0:1005096\', \'text_1:1005136\', \'text_2:1005168\', \'unit:\', \'unit_addr:0\', \'val_0:0.0\', \'val_1:1.0\', \'val_2:2.0\', \'val_param_nr:3\'])>'
  - 组 'IDC_1'.ACU_EcoPlusModeCfg data_type: 7 vs 0
  - 组 'IDC_1'.ACU_EcoPlusModeCfg bit_count: 64 vs 2
  - 组 'IDC_1'.ACU_EcoPlusModeCfg flags: 0 vs 16
  - 组 'IDC_1'.ACU_EcoPlusModeCfg conversion: 'None' vs '<ChannelConversion (name: , unit: , comment: , formula: , referenced blocks: {\'text_0\': b\'No command\', \'text_1\': b\'ON\', \'text_2\': b\'OFF\', \'default_addr\': b\'\'}, address: 1004576, fields: [\'_cache:None\', \'address:1004576\', \'block_len:136\', \'comment:\', \'comment_addr:0\', \'conversion_type:7\', \'default_addr:0\', \'flags:0\', \'formula:\', "id:b\'##CC\'", \'inv_conv_addr:0\', \'is_user_defined:False\', \'links_nr:8\', \'max_phy_value:0.0\', \'min_phy_value:0.0\', \'name:\', \'name_addr:0\', \'precision:0\', \'ref_param_nr:4\', "referenced_blocks:{\'text_0\': b\'No command\', \'text_1\': b\'ON\', \'text_2\': b\'OFF\', \'default_addr\': b\'\'}", \'reserved0:0\', \'text_0:1004472\', \'text_1:1004512\', \'text_2:1004544\', \'unit:\', \'unit_addr:0\', \'val_0:0.0\', \'val_1:1.0\', \'val_2:2.0\', \'val_param_nr:3\'])>'
  - 组 'IDC_1'.ACU_ChgSOCCfg data_type: 7 vs 0
  - 组 'IDC_1'.ACU_ChgSOCCfg bit_count: 64 vs 4
  - 组 'IDC_1'.ACU_ChgSOCCfg flags: 0 vs 16
  - 组 'IDC_1'.ACU_ChgSOCCfg conversion: 'None' vs '<ChannelConversion (name: , unit: , comment: , formula: , referenced blocks: {\'text_0\': b\'Default\', \'text_1\': b\'50%\', \'text_2\': b\'55%\', \'text_3\': b\'60%\', \'text_4\': b\'65%\', \'text_5\': b\'70%\', \'text_6\': b\'75%\', \'text_7\': b\'80%\', \'text_8\': b\'85%\', \'text_9\': b\'90%\', \'text_10\': b\'95%\', \'text_11\': b\'100%\', \'default_addr\': b\'\'}, address: 1006784, fields: [\'_cache:None\', \'address:1006784\', \'block_len:280\', \'comment:\', \'comment_addr:0\', \'conversion_type:7\', \'default_addr:0\', \'flags:0\', \'formula:\', "id:b\'##CC\'", \'inv_conv_addr:0\', \'is_user_defined:False\', \'links_nr:17\', \'max_phy_value:0.0\', \'min_phy_value:0.0\', \'name:\', \'name_addr:0\', \'precision:0\', \'ref_param_nr:13\', "referenced_blocks:{\'text_0\': b\'Default\', \'text_1\': b\'50%\', \'text_2\': b\'55%\', \'text_3\': b\'60%\', \'text_4\': b\'65%\', \'text_5\': b\'70%\', \'text_6\': b\'75%\', \'text_7\': b\'80%\', \'text_8\': b\'85%\', \'text_9\': b\'90%\', \'text_10\': b\'95%\', \'text_11\': b\'100%\', \'default_addr\': b\'\'}", \'reserved0:0\', \'text_0:1006400\', \'text_1:1006432\', \'text_10:1006720\', \'text_11:1006752\', \'text_2:1006464\', \'text_3:1006496\', \'text_4:1006528\', \'text_5:1006560\', \'text_6:1006592\', \'text_7:1006624\', \'text_8:1006656\', \'text_9:1006688\', \'unit:\', \'unit_addr:0\', \'val_0:0.0\', \'val_1:1.0\', \'val_10:10.0\', \'val_11:11.0\', \'val_2:2.0\', \'val_3:3.0\', \'val_4:4.0\', \'val_5:5.0\', \'val_6:6.0\', \'val_7:7.0\', \'val_8:8.0\', \'val_9:9.0\', \'val_param_nr:12\'])>'
  - 组 'IDC_1'.ACU_ChgPlugRelReq data_type: 7 vs 0
  - 组 'IDC_1'.ACU_ChgPlugRelReq bit_count: 64 vs 2
  - 组 'IDC_1'.ACU_ChgPlugRelReq flags: 0 vs 16
  - 组 'IDC_1'.ACU_ChgPlugRelReq conversion: 'None' vs '<ChannelConversion (name: , unit: , comment: , formula: , referenced blocks: {\'text_0\': b\'No command\', \'text_1\': b\'Auto lock(ON)\', \'text_2\': b\'Auto unlock(OFF)\', \'default_addr\': b\'\'}, address: 1005848, fields: [\'_cache:None\', \'address:1005848\', \'block_len:136\', \'comment:\', \'comment_addr:0\', \'conversion_type:7\', \'default_addr:0\', \'flags:0\', \'formula:\', "id:b\'##CC\'", \'inv_conv_addr:0\', \'is_user_defined:False\', \'links_nr:8\', \'max_phy_value:0.0\', \'min_phy_value:0.0\', \'name:\', \'name_addr:0\', \'precision:0\', \'ref_param_nr:4\', "referenced_blocks:{\'text_0\': b\'No command\', \'text_1\': b\'Auto lock(ON)\', \'text_2\': b\'Auto unlock(OFF)\', \'default_addr\': b\'\'}", \'reserved0:0\', \'text_0:1005720\', \'text_1:1005760\', \'text_2:1005800\', \'unit:\', \'unit_addr:0\', \'val_0:0.0\', \'val_1:1.0\', \'val_2:2.0\', \'val_param_nr:3\'])>'
  - 组 'IDC_1'.IDC_DrvSwapModCfg data_type: 7 vs 0
  - 组 'IDC_1'.IDC_DrvSwapModCfg bit_count: 64 vs 2
  - 组 'IDC_1'.IDC_DrvSwapModCfg flags: 0 vs 16
  - 组 'IDC_1'.IDC_DrvSwapModCfg conversion: 'None' vs '<ChannelConversion (name: , unit: , comment: , formula: , referenced blocks: {\'text_0\': b\'No command\', \'text_1\': b\'Swap mode OFF\', \'text_2\': b\'Swap mode ON\', \'default_addr\': b\'\'}, address: 1008176, fields: [\'_cache:None\', \'address:1008176\', \'block_len:136\', \'comment:\', \'comment_addr:0\', \'conversion_type:7\', \'default_addr:0\', \'flags:0\', \'formula:\', "id:b\'##CC\'", \'inv_conv_addr:0\', \'is_user_defined:False\', \'links_nr:8\', \'max_phy_value:0.0\', \'min_phy_value:0.0\', \'name:\', \'name_addr:0\', \'precision:0\', \'ref_param_nr:4\', "referenced_blocks:{\'text_0\': b\'No command\', \'text_1\': b\'Swap mode OFF\', \'text_2\': b\'Swap mode ON\', \'default_addr\': b\'\'}", \'reserved0:0\', \'text_0:1008056\', \'text_1:1008096\', \'text_2:1008136\', \'unit:\', \'unit_addr:0\', \'val_0:0.0\', \'val_1:1.0\', \'val_2:2.0\', \'val_param_nr:3\'])>'
  - 组 'IDC_1'.ACU_ChgmodeReq data_type: 7 vs 0
  - 组 'IDC_1'.ACU_ChgmodeReq bit_count: 64 vs 2
  - 组 'IDC_1'.ACU_ChgmodeReq flags: 0 vs 16
  - 组 'IDC_1'.ACU_ChgmodeReq conversion: 'None' vs '<ChannelConversion (name: , unit: , comment: , formula: , referenced blocks: {\'text_0\': b\'No command\', \'text_1\': b\'quick charge mode\', \'text_2\': b\'super charge mode\', \'default_addr\': b\'\'}, address: 1007592, fields: [\'_cache:None\', \'address:1007592\', \'block_len:136\', \'comment:\', \'comment_addr:0\', \'conversion_type:7\', \'default_addr:0\', \'flags:0\', \'formula:\', "id:b\'##CC\'", \'inv_conv_addr:0\', \'is_user_defined:False\', \'links_nr:8\', \'max_phy_value:0.0\', \'min_phy_value:0.0\', \'name:\', \'name_addr:0\', \'precision:0\', \'ref_param_nr:4\', "referenced_blocks:{\'text_0\': b\'No command\', \'text_1\': b\'quick charge mode\', \'text_2\': b\'super charge mode\', \'default_addr\': b\'\'}", \'reserved0:0\', \'text_0:1007456\', \'text_1:1007496\', \'text_2:1007544\', \'unit:\', \'unit_addr:0\', \'val_0:0.0\', \'val_1:1.0\', \'val_2:2.0\', \'val_param_nr:3\'])>'
  - 组 'IDC_1'.ACU_ImmPlugDischgCfg data_type: 7 vs 0
  - 组 'IDC_1'.ACU_ImmPlugDischgCfg bit_count: 64 vs 2
  - 组 'IDC_1'.ACU_ImmPlugDischgCfg flags: 0 vs 16
  - 组 'IDC_1'.ACU_ImmPlugDischgCfg conversion: 'None' vs '<ChannelConversion (name: , unit: , comment: , formula: , referenced blocks: {\'text_0\': b\'No command\', \'text_1\': b\'ON\', \'text_2\': b\'OFF\', \'default_addr\': b\'\'}, address: 1008824, fields: [\'_cache:None\', \'address:1008824\', \'block_len:136\', \'comment:\', \'comment_addr:0\', \'conversion_type:7\', \'default_addr:0\', \'flags:0\', \'formula:\', "id:b\'##CC\'", \'inv_conv_addr:0\', \'is_user_defined:False\', \'links_nr:8\', \'max_phy_value:0.0\', \'min_phy_value:0.0\', \'name:\', \'name_addr:0\', \'precision:0\', \'ref_param_nr:4\', "referenced_blocks:{\'text_0\': b\'No command\', \'text_1\': b\'ON\', \'text_2\': b\'OFF\', \'default_addr\': b\'\'}", \'reserved0:0\', \'text_0:1008720\', \'text_1:1008760\', \'text_2:1008792\', \'unit:\', \'unit_addr:0\', \'val_0:0.0\', \'val_1:1.0\', \'val_2:2.0\', \'val_param_nr:3\'])>'
  - 组 'IDC_1'.ICM_EcoPlusModeCfg data_type: 7 vs 0
  - 组 'IDC_1'.ICM_EcoPlusModeCfg bit_count: 64 vs 2
  - 组 'IDC_1'.ICM_EcoPlusModeCfg flags: 0 vs 16
  - 组 'IDC_1'.ICM_EcoPlusModeCfg conversion: 'None' vs '<ChannelConversion (name: , unit: , comment: , formula: , referenced blocks: {\'text_0\': b\'No command\', \'text_1\': b\'ON\', \'text_2\': b\'OFF\', \'default_addr\': b\'\'}, address: 1010096, fields: [\'_cache:None\', \'address:1010096\', \'block_len:136\', \'comment:\', \'comment_addr:0\', \'conversion_type:7\', \'default_addr:0\', \'flags:0\', \'formula:\', "id:b\'##CC\'", \'inv_conv_addr:0\', \'is_user_defined:False\', \'links_nr:8\', \'max_phy_value:0.0\', \'min_phy_value:0.0\', \'name:\', \'name_addr:0\', \'precision:0\', \'ref_param_nr:4\', "referenced_blocks:{\'text_0\': b\'No command\', \'text_1\': b\'ON\', \'text_2\': b\'OFF\', \'default_addr\': b\'\'}", \'reserved0:0\', \'text_0:1009992\', \'text_1:1010032\', \'text_2:1010064\', \'unit:\', \'unit_addr:0\', \'val_0:0.0\', \'val_1:1.0\', \'val_2:2.0\', \'val_param_nr:3\'])>'
  - 组 'IDC_1'.ACU_AccurRngReq data_type: 7 vs 0
  - 组 'IDC_1'.ACU_AccurRngReq bit_count: 64 vs 2
  - 组 'IDC_1'.ACU_AccurRngReq flags: 0 vs 16
  - 组 'IDC_1'.ACU_AccurRngReq conversion: 'None' vs '<ChannelConversion (name: , unit: , comment: , formula: , referenced blocks: {\'text_0\': b\'No command\', \'text_1\': b\'dynamic\', \'text_2\': b\'standard\', \'default_addr\': b\'\'}, address: 1009480, fields: [\'_cache:None\', \'address:1009480\', \'block_len:136\', \'comment:\', \'comment_addr:0\', \'conversion_type:7\', \'default_addr:0\', \'flags:0\', \'formula:\', "id:b\'##CC\'", \'inv_conv_addr:0\', \'is_user_defined:False\', \'links_nr:8\', \'max_phy_value:0.0\', \'min_phy_value:0.0\', \'name:\', \'name_addr:0\', \'precision:0\', \'ref_param_nr:4\', "referenced_blocks:{\'text_0\': b\'No command\', \'text_1\': b\'dynamic\', \'text_2\': b\'standard\', \'default_addr\': b\'\'}", \'reserved0:0\', \'text_0:1009368\', \'text_1:1009408\', \'text_2:1009440\', \'unit:\', \'unit_addr:0\', \'val_0:0.0\', \'val_1:1.0\', \'val_2:2.0\', \'val_param_nr:3\'])>'
  - 组 'IDC_1'.ACU_AccPdlLvlCfg data_type: 7 vs 0
  - 组 'IDC_1'.ACU_AccPdlLvlCfg bit_count: 64 vs 7
  - 组 'IDC_1'.ACU_AccPdlLvlCfg flags: 0 vs 16
  - 组 'IDC_1'.ACU_AccPdlLvlCfg conversion: 'None' vs '<ChannelConversion (name: , unit: , comment: , formula: , referenced blocks: {\'text_0\': b\'No command\', \'text_1\': b\'1%\', \'text_2\': b\'2%\', \'text_3\': b\'3%\', \'text_4\': b\'4%\', \'text_5\': b\'5%\', \'text_6\': b\'6%\', \'text_7\': b\'7%\', \'text_8\': b\'8%\', \'text_9\': b\'9%\', \'text_10\': b\'10%\', \'text_11\': b\'11%\', \'text_12\': b\'12%\', \'text_13\': b\'13%\', \'text_14\': b\'14%\', \'text_15\': b\'15%\', \'text_16\': b\'16%\', \'text_17\': b\'17%\', \'text_18\': b\'18%\', \'text_19\': b\'19%\', \'text_20\': b\'20%\', \'text_21\': b\'21%\', \'text_22\': b\'22%\', \'text_23\': b\'23%\', \'text_24\': b\'24%\', \'text_25\': b\'25%\', \'text_26\': b\'26%\', \'text_27\': b\'27%\', \'text_28\': b\'28%\', \'text_29\': b\'29%\', \'text_30\': b\'30%\', \'text_31\': b\'31%\', \'text_32\': b\'32%\', \'text_33\': b\'33%\', \'text_34\': b\'34%\', \'text_35\': b\'35%\', \'text_36\': b\'36%\', \'text_37\': b\'37%\', \'text_38\': b\'38%\', \'text_39\': b\'39%\', \'text_40\': b\'40%\', \'text_41\': b\'41%\', \'text_42\': b\'42%\', \'text_43\': b\'43%\', \'text_44\': b\'44%\', \'text_45\': b\'45%\', \'text_46\': b\'46%\', \'text_47\': b\'47%\', \'text_48\': b\'48%\', \'text_49\': b\'49%\', \'text_50\': b\'50%\', \'text_51\': b\'51%\', \'text_52\': b\'52%\', \'text_53\': b\'53%\', \'text_54\': b\'54%\', \'text_55\': b\'55%\', \'text_56\': b\'56%\', \'text_57\': b\'57%\', \'text_58\': b\'58%\', \'text_59\': b\'59%\', \'text_60\': b\'60%\', \'text_61\': b\'61%\', \'text_62\': b\'62%\', \'text_63\': b\'63%\', \'text_64\': b\'64%\', \'text_65\': b\'65%\', \'text_66\': b\'66%\', \'text_67\': b\'67%\', \'text_68\': b\'68%\', \'text_69\': b\'69%\', \'text_70\': b\'70%\', \'text_71\': b\'71%\', \'text_72\': b\'72%\', \'text_73\': b\'73%\', \'text_74\': b\'74%\', \'text_75\': b\'75%\', \'text_76\': b\'76%\', \'text_77\': b\'77%\', \'text_78\': b\'78%\', \'text_79\': b\'79%\', \'text_80\': b\'80%\', \'text_81\': b\'81%\', \'text_82\': b\'82%\', \'text_83\': b\'83%\', \'text_84\': b\'84%\', \'text_85\': b\'85%\', \'text_86\': b\'86%\', \'text_87\': b\'87%\', \'text_88\': b\'88%\', \'text_89\': b\'89%\', \'text_90\': b\'90%\', \'text_91\': b\'91%\', \'text_92\': b\'92%\', \'text_93\': b\'93%\', \'text_94\': b\'94%\', \'text_95\': b\'95%\', \'text_96\': b\'96%\', \'text_97\': b\'97%\', \'text_98\': b\'98%\', \'text_99\': b\'99%\', \'text_100\': b\'100%\', \'text_101\': b\'0%\', \'default_addr\': b\'\'}, address: 1013920, fields: [\'_cache:None\', \'address:1013920\', \'block_len:1720\', \'comment:\', \'comment_addr:0\', \'conversion_type:7\', \'default_addr:0\', \'flags:0\', \'formula:\', "id:b\'##CC\'", \'inv_conv_addr:0\', \'is_user_defined:False\', \'links_nr:107\', \'max_phy_value:0.0\', \'min_phy_value:0.0\', \'name:\', \'name_addr:0\', \'precision:0\', \'ref_param_nr:103\', "referenced_blocks:{\'text_0\': b\'No command\', \'text_1\': b\'1%\', \'text_2\': b\'2%\', \'text_3\': b\'3%\', \'text_4\': b\'4%\', \'text_5\': b\'5%\', \'text_6\': b\'6%\', \'text_7\': b\'7%\', \'text_8\': b\'8%\', \'text_9\': b\'9%\', \'text_10\': b\'10%\', \'text_11\': b\'11%\', \'text_12\': b\'12%\', \'text_13\': b\'13%\', \'text_14\': b\'14%\', \'text_15\': b\'15%\', \'text_16\': b\'16%\', \'text_17\': b\'17%\', \'text_18\': b\'18%\', \'text_19\': b\'19%\', \'text_20\': b\'20%\', \'text_21\': b\'21%\', \'text_22\': b\'22%\', \'text_23\': b\'23%\', \'text_24\': b\'24%\', \'text_25\': b\'25%\', \'text_26\': b\'26%\', \'text_27\': b\'27%\', \'text_28\': b\'28%\', \'text_29\': b\'29%\', \'text_30\': b\'30%\', \'text_31\': b\'31%\', \'text_32\': b\'32%\', \'text_33\': b\'33%\', \'text_34\': b\'34%\', \'text_35\': b\'35%\', \'text_36\': b\'36%\', \'text_37\': b\'37%\', \'text_38\': b\'38%\', \'text_39\': b\'39%\', \'text_40\': b\'40%\', \'text_41\': b\'41%\', \'text_42\': b\'42%\', \'text_43\': b\'43%\', \'text_44\': b\'44%\', \'text_45\': b\'45%\', \'text_46\': b\'46%\', \'text_47\': b\'47%\', \'text_48\': b\'48%\', \'text_49\': b\'49%\', \'text_50\': b\'50%\', \'text_51\': b\'51%\', \'text_52\': b\'52%\', \'text_53\': b\'53%\', \'text_54\': b\'54%\', \'text_55\': b\'55%\', \'text_56\': b\'56%\', \'text_57\': b\'57%\', \'text_58\': b\'58%\', \'text_59\': b\'59%\', \'text_60\': b\'60%\', \'text_61\': b\'61%\', \'text_62\': b\'62%\', \'text_63\': b\'63%\', \'text_64\': b\'64%\', \'text_65\': b\'65%\', \'text_66\': b\'66%\', \'text_67\': b\'67%\', \'text_68\': b\'68%\', \'text_69\': b\'69%\', \'text_70\': b\'70%\', \'text_71\': b\'71%\', \'text_72\': b\'72%\', \'text_73\': b\'73%\', \'text_74\': b\'74%\', \'text_75\': b\'75%\', \'text_76\': b\'76%\', \'text_77\': b\'77%\', \'text_78\': b\'78%\', \'text_79\': b\'79%\', \'text_80\': b\'80%\', \'text_81\': b\'81%\', \'text_82\': b\'82%\', \'text_83\': b\'83%\', \'text_84\': b\'84%\', \'text_85\': b\'85%\', \'text_86\': b\'86%\', \'text_87\': b\'87%\', \'text_88\': b\'88%\', \'text_89\': b\'89%\', \'text_90\': b\'90%\', \'text_91\': b\'91%\', \'text_92\': b\'92%\', \'text_93\': b\'93%\', \'text_94\': b\'94%\', \'text_95\': b\'95%\', \'text_96\': b\'96%\', \'text_97\': b\'97%\', \'text_98\': b\'98%\', \'text_99\': b\'99%\', \'text_100\': b\'100%\', \'text_101\': b\'0%\', \'default_addr\': b\'\'}", \'reserved0:0\', \'text_0:1010648\', \'text_1:1010688\', \'text_10:1010976\', \'text_100:1013856\', \'text_101:1013888\', \'text_11:1011008\', \'text_12:1011040\', \'text_13:1011072\', \'text_14:1011104\', \'text_15:1011136\', \'text_16:1011168\', \'text_17:1011200\', \'text_18:1011232\', \'text_19:1011264\', \'text_2:1010720\', \'text_20:1011296\', \'text_21:1011328\', \'text_22:1011360\', \'text_23:1011392\', \'text_24:1011424\', \'text_25:1011456\', \'text_26:1011488\', \'text_27:1011520\', \'text_28:1011552\', \'text_29:1011584\', \'text_3:1010752\', \'text_30:1011616\', \'text_31:1011648\', \'text_32:1011680\', \'text_33:1011712\', \'text_34:1011744\', \'text_35:1011776\', \'text_36:1011808\', \'text_37:1011840\', \'text_38:1011872\', \'text_39:1011904\', \'text_4:1010784\', \'text_40:1011936\', \'text_41:1011968\', \'text_42:1012000\', \'text_43:1012032\', \'text_44:1012064\', \'text_45:1012096\', \'text_46:1012128\', \'text_47:1012160\', \'text_48:1012192\', \'text_49:1012224\', \'text_5:1010816\', \'text_50:1012256\', \'text_51:1012288\', \'text_52:1012320\', \'text_53:1012352\', \'text_54:1012384\', \'text_55:1012416\', \'text_56:1012448\', \'text_57:1012480\', \'text_58:1012512\', \'text_59:1012544\', \'text_6:1010848\', \'text_60:1012576\', \'text_61:1012608\', \'text_62:1012640\', \'text_63:1012672\', \'text_64:1012704\', \'text_65:1012736\', \'text_66:1012768\', \'text_67:1012800\', \'text_68:1012832\', \'text_69:1012864\', \'text_7:1010880\', \'text_70:1012896\', \'text_71:1012928\', \'text_72:1012960\', \'text_73:1012992\', \'text_74:1013024\', \'text_75:1013056\', \'text_76:1013088\', \'text_77:1013120\', \'text_78:1013152\', \'text_79:1013184\', \'text_8:1010912\', \'text_80:1013216\', \'text_81:1013248\', \'text_82:1013280\', \'text_83:1013312\', \'text_84:1013344\', \'text_85:1013376\', \'text_86:1013408\', \'text_87:1013440\', \'text_88:1013472\', \'text_89:1013504\', \'text_9:1010944\', \'text_90:1013536\', \'text_91:1013568\', \'text_92:1013600\', \'text_93:1013632\', \'text_94:1013664\', \'text_95:1013696\', \'text_96:1013728\', \'text_97:1013760\', \'text_98:1013792\', \'text_99:1013824\', \'unit:\', \'unit_addr:0\', \'val_0:0.0\', \'val_1:1.0\', \'val_10:10.0\', \'val_100:100.0\', \'val_101:101.0\', \'val_11:11.0\', \'val_12:12.0\', \'val_13:13.0\', \'val_14:14.0\', \'val_15:15.0\', \'val_16:16.0\', \'val_17:17.0\', \'val_18:18.0\', \'val_19:19.0\', \'val_2:2.0\', \'val_20:20.0\', \'val_21:21.0\', \'val_22:22.0\', \'val_23:23.0\', \'val_24:24.0\', \'val_25:25.0\', \'val_26:26.0\', \'val_27:27.0\', \'val_28:28.0\', \'val_29:29.0\', \'val_3:3.0\', \'val_30:30.0\', \'val_31:31.0\', \'val_32:32.0\', \'val_33:33.0\', \'val_34:34.0\', \'val_35:35.0\', \'val_36:36.0\', \'val_37:37.0\', \'val_38:38.0\', \'val_39:39.0\', \'val_4:4.0\', \'val_40:40.0\', \'val_41:41.0\', \'val_42:42.0\', \'val_43:43.0\', \'val_44:44.0\', \'val_45:45.0\', \'val_46:46.0\', \'val_47:47.0\', \'val_48:48.0\', \'val_49:49.0\', \'val_5:5.0\', \'val_50:50.0\', \'val_51:51.0\', \'val_52:52.0\', \'val_53:53.0\', \'val_54:54.0\', \'val_55:55.0\', \'val_56:56.0\', \'val_57:57.0\', \'val_58:58.0\', \'val_59:59.0\', \'val_6:6.0\', \'val_60:60.0\', \'val_61:61.0\', \'val_62:62.0\', \'val_63:63.0\', \'val_64:64.0\', \'val_65:65.0\', \'val_66:66.0\', \'val_67:67.0\', \'val_68:68.0\', \'val_69:69.0\', \'val_7:7.0\', \'val_70:70.0\', \'val_71:71.0\', \'val_72:72.0\', \'val_73:73.0\', \'val_74:74.0\', \'val_75:75.0\', \'val_76:76.0\', \'val_77:77.0\', \'val_78:78.0\', \'val_79:79.0\', \'val_8:8.0\', \'val_80:80.0\', \'val_81:81.0\', \'val_82:82.0\', \'val_83:83.0\', \'val_84:84.0\', \'val_85:85.0\', \'val_86:86.0\', \'val_87:87.0\', \'val_88:88.0\', \'val_89:89.0\', \'val_9:9.0\', \'val_90:90.0\', \'val_91:91.0\', \'val_92:92.0\', \'val_93:93.0\', \'val_94:94.0\', \'val_95:95.0\', \'val_96:96.0\', \'val_97:97.0\', \'val_98:98.0\', \'val_99:99.0\', \'val_param_nr:102\'])>'
  - 组 'IDC_1'.ACU_AccurHMIModeReq data_type: 7 vs 0
  - 组 'IDC_1'.ACU_AccurHMIModeReq bit_count: 64 vs 2
  - 组 'IDC_1'.ACU_AccurHMIModeReq flags: 0 vs 16
  - 组 'IDC_1'.ACU_AccurHMIModeReq conversion: 'None' vs '<ChannelConversion (name: , unit: , comment: , formula: , referenced blocks: {\'text_0\': b\'No command\', \'text_1\': b\'short 10km\', \'text_2\': b\'medium 50km\', \'text_3\': b\'long 100km\', \'default_addr\': b\'\'}, address: 1021728, fields: [\'_cache:None\', \'address:1021728\', \'block_len:152\', \'comment:\', \'comment_addr:0\', \'conversion_type:7\', \'default_addr:0\', \'flags:0\', \'formula:\', "id:b\'##CC\'", \'inv_conv_addr:0\', \'is_user_defined:False\', \'links_nr:9\', \'max_phy_value:0.0\', \'min_phy_value:0.0\', \'name:\', \'name_addr:0\', \'precision:0\', \'ref_param_nr:5\', "referenced_blocks:{\'text_0\': b\'No command\', \'text_1\': b\'short 10km\', \'text_2\': b\'medium 50km\', \'text_3\': b\'long 100km\', \'default_addr\': b\'\'}", \'reserved0:0\', \'text_0:1021568\', \'text_1:1021608\', \'text_2:1021648\', \'text_3:1021688\', \'unit:\', \'unit_addr:0\', \'val_0:0.0\', \'val_1:1.0\', \'val_2:2.0\', \'val_3:3.0\', \'val_param_nr:4\'])>'
  - 组 'IDC_1'.ACU_RecpLevelCfgL data_type: 7 vs 0
  - 组 'IDC_1'.ACU_RecpLevelCfgL bit_count: 64 vs 7
  - 组 'IDC_1'.ACU_RecpLevelCfgL flags: 0 vs 16
  - 组 'IDC_1'.ACU_RecpLevelCfgL conversion: 'None' vs '<ChannelConversion (name: , unit: , comment: , formula: , referenced blocks: {\'text_0\': b\'Not valid\', \'text_1\': b\'1%\', \'text_2\': b\'2%\', \'text_3\': b\'3%\', \'text_4\': b\'4%\', \'text_5\': b\'5%\', \'text_6\': b\'6%\', \'text_7\': b\'7%\', \'text_8\': b\'8%\', \'text_9\': b\'9%\', \'text_10\': b\'10%\', \'text_11\': b\'11%\', \'text_12\': b\'12%\', \'text_13\': b\'13%\', \'text_14\': b\'14%\', \'text_15\': b\'15%\', \'text_16\': b\'16%\', \'text_17\': b\'17%\', \'text_18\': b\'18%\', \'text_19\': b\'19%\', \'text_20\': b\'20%\', \'text_21\': b\'21%\', \'text_22\': b\'22%\', \'text_23\': b\'23%\', \'text_24\': b\'24%\', \'text_25\': b\'25%\', \'text_26\': b\'26%\', \'text_27\': b\'27%\', \'text_28\': b\'28%\', \'text_29\': b\'29%\', \'text_30\': b\'30%\', \'text_31\': b\'31%\', \'text_32\': b\'32%\', \'text_33\': b\'33%\', \'text_34\': b\'34%\', \'text_35\': b\'35%\', \'text_36\': b\'36%\', \'text_37\': b\'37%\', \'text_38\': b\'38%\', \'text_39\': b\'39%\', \'text_40\': b\'40%\', \'text_41\': b\'41%\', \'text_42\': b\'42%\', \'text_43\': b\'43%\', \'text_44\': b\'44%\', \'text_45\': b\'45%\', \'text_46\': b\'46%\', \'text_47\': b\'47%\', \'text_48\': b\'48%\', \'text_49\': b\'49%\', \'text_50\': b\'50%\', \'text_51\': b\'51%\', \'text_52\': b\'52%\', \'text_53\': b\'53%\', \'text_54\': b\'54%\', \'text_55\': b\'55%\', \'text_56\': b\'56%\', \'text_57\': b\'57%\', \'text_58\': b\'58%\', \'text_59\': b\'59%\', \'text_60\': b\'60%\', \'text_61\': b\'61%\', \'text_62\': b\'62%\', \'text_63\': b\'63%\', \'text_64\': b\'64%\', \'text_65\': b\'65%\', \'text_66\': b\'66%\', \'text_67\': b\'67%\', \'text_68\': b\'68%\', \'text_69\': b\'69%\', \'text_70\': b\'70%\', \'text_71\': b\'71%\', \'text_72\': b\'72%\', \'text_73\': b\'73%\', \'text_74\': b\'74%\', \'text_75\': b\'75%\', \'text_76\': b\'76%\', \'text_77\': b\'77%\', \'text_78\': b\'78%\', \'text_79\': b\'79%\', \'text_80\': b\'80%\', \'text_81\': b\'81%\', \'text_82\': b\'82%\', \'text_83\': b\'83%\', \'text_84\': b\'84%\', \'text_85\': b\'85%\', \'text_86\': b\'86%\', \'text_87\': b\'87%\', \'text_88\': b\'88%\', \'text_89\': b\'89%\', \'text_90\': b\'90%\', \'text_91\': b\'91%\', \'text_92\': b\'92%\', \'text_93\': b\'93%\', \'text_94\': b\'94%\', \'text_95\': b\'95%\', \'text_96\': b\'96%\', \'text_97\': b\'97%\', \'text_98\': b\'98%\', \'text_99\': b\'99%\', \'text_100\': b\'100%\', \'text_101\': b\'0%\', \'text_102\': b\'smart\', \'text_103\': b\'Manual\', \'default_addr\': b\'\'}, address: 1019416, fields: [\'_cache:None\', \'address:1019416\', \'block_len:1752\', \'comment:\', \'comment_addr:0\', \'conversion_type:7\', \'default_addr:0\', \'flags:0\', \'formula:\', "id:b\'##CC\'", \'inv_conv_addr:0\', \'is_user_defined:False\', \'links_nr:109\', \'max_phy_value:0.0\', \'min_phy_value:0.0\', \'name:\', \'name_addr:0\', \'precision:0\', \'ref_param_nr:105\', "referenced_blocks:{\'text_0\': b\'Not valid\', \'text_1\': b\'1%\', \'text_2\': b\'2%\', \'text_3\': b\'3%\', \'text_4\': b\'4%\', \'text_5\': b\'5%\', \'text_6\': b\'6%\', \'text_7\': b\'7%\', \'text_8\': b\'8%\', \'text_9\': b\'9%\', \'text_10\': b\'10%\', \'text_11\': b\'11%\', \'text_12\': b\'12%\', \'text_13\': b\'13%\', \'text_14\': b\'14%\', \'text_15\': b\'15%\', \'text_16\': b\'16%\', \'text_17\': b\'17%\', \'text_18\': b\'18%\', \'text_19\': b\'19%\', \'text_20\': b\'20%\', \'text_21\': b\'21%\', \'text_22\': b\'22%\', \'text_23\': b\'23%\', \'text_24\': b\'24%\', \'text_25\': b\'25%\', \'text_26\': b\'26%\', \'text_27\': b\'27%\', \'text_28\': b\'28%\', \'text_29\': b\'29%\', \'text_30\': b\'30%\', \'text_31\': b\'31%\', \'text_32\': b\'32%\', \'text_33\': b\'33%\', \'text_34\': b\'34%\', \'text_35\': b\'35%\', \'text_36\': b\'36%\', \'text_37\': b\'37%\', \'text_38\': b\'38%\', \'text_39\': b\'39%\', \'text_40\': b\'40%\', \'text_41\': b\'41%\', \'text_42\': b\'42%\', \'text_43\': b\'43%\', \'text_44\': b\'44%\', \'text_45\': b\'45%\', \'text_46\': b\'46%\', \'text_47\': b\'47%\', \'text_48\': b\'48%\', \'text_49\': b\'49%\', \'text_50\': b\'50%\', \'text_51\': b\'51%\', \'text_52\': b\'52%\', \'text_53\': b\'53%\', \'text_54\': b\'54%\', \'text_55\': b\'55%\', \'text_56\': b\'56%\', \'text_57\': b\'57%\', \'text_58\': b\'58%\', \'text_59\': b\'59%\', \'text_60\': b\'60%\', \'text_61\': b\'61%\', \'text_62\': b\'62%\', \'text_63\': b\'63%\', \'text_64\': b\'64%\', \'text_65\': b\'65%\', \'text_66\': b\'66%\', \'text_67\': b\'67%\', \'text_68\': b\'68%\', \'text_69\': b\'69%\', \'text_70\': b\'70%\', \'text_71\': b\'71%\', \'text_72\': b\'72%\', \'text_73\': b\'73%\', \'text_74\': b\'74%\', \'text_75\': b\'75%\', \'text_76\': b\'76%\', \'text_77\': b\'77%\', \'text_78\': b\'78%\', \'text_79\': b\'79%\', \'text_80\': b\'80%\', \'text_81\': b\'81%\', \'text_82\': b\'82%\', \'text_83\': b\'83%\', \'text_84\': b\'84%\', \'text_85\': b\'85%\', \'text_86\': b\'86%\', \'text_87\': b\'87%\', \'text_88\': b\'88%\', \'text_89\': b\'89%\', \'text_90\': b\'90%\', \'text_91\': b\'91%\', \'text_92\': b\'92%\', \'text_93\': b\'93%\', \'text_94\': b\'94%\', \'text_95\': b\'95%\', \'text_96\': b\'96%\', \'text_97\': b\'97%\', \'text_98\': b\'98%\', \'text_99\': b\'99%\', \'text_100\': b\'100%\', \'text_101\': b\'0%\', \'text_102\': b\'smart\', \'text_103\': b\'Manual\', \'default_addr\': b\'\'}", \'reserved0:0\', \'text_0:1016080\', \'text_1:1016120\', \'text_10:1016408\', \'text_100:1019288\', \'text_101:1019320\', \'text_102:1019352\', \'text_103:1019384\', \'text_11:1016440\', \'text_12:1016472\', \'text_13:1016504\', \'text_14:1016536\', \'text_15:1016568\', \'text_16:1016600\', \'text_17:1016632\', \'text_18:1016664\', \'text_19:1016696\', \'text_2:1016152\', \'text_20:1016728\', \'text_21:1016760\', \'text_22:1016792\', \'text_23:1016824\', \'text_24:1016856\', \'text_25:1016888\', \'text_26:1016920\', \'text_27:1016952\', \'text_28:1016984\', \'text_29:1017016\', \'text_3:1016184\', \'text_30:1017048\', \'text_31:1017080\', \'text_32:1017112\', \'text_33:1017144\', \'text_34:1017176\', \'text_35:1017208\', \'text_36:1017240\', \'text_37:1017272\', \'text_38:1017304\', \'text_39:1017336\', \'text_4:1016216\', \'text_40:1017368\', \'text_41:1017400\', \'text_42:1017432\', \'text_43:1017464\', \'text_44:1017496\', \'text_45:1017528\', \'text_46:1017560\', \'text_47:1017592\', \'text_48:1017624\', \'text_49:1017656\', \'text_5:1016248\', \'text_50:1017688\', \'text_51:1017720\', \'text_52:1017752\', \'text_53:1017784\', \'text_54:1017816\', \'text_55:1017848\', \'text_56:1017880\', \'text_57:1017912\', \'text_58:1017944\', \'text_59:1017976\', \'text_6:1016280\', \'text_60:1018008\', \'text_61:1018040\', \'text_62:1018072\', \'text_63:1018104\', \'text_64:1018136\', \'text_65:1018168\', \'text_66:1018200\', \'text_67:1018232\', \'text_68:1018264\', \'text_69:1018296\', \'text_7:1016312\', \'text_70:1018328\', \'text_71:1018360\', \'text_72:1018392\', \'text_73:1018424\', \'text_74:1018456\', \'text_75:1018488\', \'text_76:1018520\', \'text_77:1018552\', \'text_78:1018584\', \'text_79:1018616\', \'text_8:1016344\', \'text_80:1018648\', \'text_81:1018680\', \'text_82:1018712\', \'text_83:1018744\', \'text_84:1018776\', \'text_85:1018808\', \'text_86:1018840\', \'text_87:1018872\', \'text_88:1018904\', \'text_89:1018936\', \'text_9:1016376\', \'text_90:1018968\', \'text_91:1019000\', \'text_92:1019032\', \'text_93:1019064\', \'text_94:1019096\', \'text_95:1019128\', \'text_96:1019160\', \'text_97:1019192\', \'text_98:1019224\', \'text_99:1019256\', \'unit:\', \'unit_addr:0\', \'val_0:0.0\', \'val_1:1.0\', \'val_10:10.0\', \'val_100:100.0\', \'val_101:101.0\', \'val_102:102.0\', \'val_103:103.0\', \'val_11:11.0\', \'val_12:12.0\', \'val_13:13.0\', \'val_14:14.0\', \'val_15:15.0\', \'val_16:16.0\', \'val_17:17.0\', \'val_18:18.0\', \'val_19:19.0\', \'val_2:2.0\', \'val_20:20.0\', \'val_21:21.0\', \'val_22:22.0\', \'val_23:23.0\', \'val_24:24.0\', \'val_25:25.0\', \'val_26:26.0\', \'val_27:27.0\', \'val_28:28.0\', \'val_29:29.0\', \'val_3:3.0\', \'val_30:30.0\', \'val_31:31.0\', \'val_32:32.0\', \'val_33:33.0\', \'val_34:34.0\', \'val_35:35.0\', \'val_36:36.0\', \'val_37:37.0\', \'val_38:38.0\', \'val_39:39.0\', \'val_4:4.0\', \'val_40:40.0\', \'val_41:41.0\', \'val_42:42.0\', \'val_43:43.0\', \'val_44:44.0\', \'val_45:45.0\', \'val_46:46.0\', \'val_47:47.0\', \'val_48:48.0\', \'val_49:49.0\', \'val_5:5.0\', \'val_50:50.0\', \'val_51:51.0\', \'val_52:52.0\', \'val_53:53.0\', \'val_54:54.0\', \'val_55:55.0\', \'val_56:56.0\', \'val_57:57.0\', \'val_58:58.0\', \'val_59:59.0\', \'val_6:6.0\', \'val_60:60.0\', \'val_61:61.0\', \'val_62:62.0\', \'val_63:63.0\', \'val_64:64.0\', \'val_65:65.0\', \'val_66:66.0\', \'val_67:67.0\', \'val_68:68.0\', \'val_69:69.0\', \'val_7:7.0\', \'val_70:70.0\', \'val_71:71.0\', \'val_72:72.0\', \'val_73:73.0\', \'val_74:74.0\', \'val_75:75.0\', \'val_76:76.0\', \'val_77:77.0\', \'val_78:78.0\', \'val_79:79.0\', \'val_8:8.0\', \'val_80:80.0\', \'val_81:81.0\', \'val_82:82.0\', \'val_83:83.0\', \'val_84:84.0\', \'val_85:85.0\', \'val_86:86.0\', \'val_87:87.0\', \'val_88:88.0\', \'val_89:89.0\', \'val_9:9.0\', \'val_90:90.0\', \'val_91:91.0\', \'val_92:92.0\', \'val_93:93.0\', \'val_94:94.0\', \'val_95:95.0\', \'val_96:96.0\', \'val_97:97.0\', \'val_98:98.0\', \'val_99:99.0\', \'val_param_nr:104\'])>'
  - 组 'IDC_1'.ACU_EcoPlusSpdLimitCfg data_type: 7 vs 0
  - 组 'IDC_1'.ACU_EcoPlusSpdLimitCfg bit_count: 64 vs 2
  - 组 'IDC_1'.ACU_EcoPlusSpdLimitCfg flags: 0 vs 16
  - 组 'IDC_1'.ACU_EcoPlusSpdLimitCfg conversion: 'None' vs '<ChannelConversion (name: , unit: , comment: , formula: , referenced blocks: {\'text_0\': b\'no command\', \'text_1\': b\'Speed Limit not active\', \'text_2\': b\'Speed Limit active\', \'default_addr\': b\'\'}, address: 1022416, fields: [\'_cache:None\', \'address:1022416\', \'block_len:136\', \'comment:\', \'comment_addr:0\', \'conversion_type:7\', \'default_addr:0\', \'flags:0\', \'formula:\', "id:b\'##CC\'", \'inv_conv_addr:0\', \'is_user_defined:False\', \'links_nr:8\', \'max_phy_value:0.0\', \'min_phy_value:0.0\', \'name:\', \'name_addr:0\', \'precision:0\', \'ref_param_nr:4\', "referenced_blocks:{\'text_0\': b\'no command\', \'text_1\': b\'Speed Limit not active\', \'text_2\': b\'Speed Limit active\', \'default_addr\': b\'\'}", \'reserved0:0\', \'text_0:1022280\', \'text_1:1022320\', \'text_2:1022368\', \'unit:\', \'unit_addr:0\', \'val_0:0.0\', \'val_1:1.0\', \'val_2:2.0\', \'val_param_nr:3\'])>'
  - 组 'IDC_11'.t data_type: 4 vs 0
  - 组 'IDC_11'.t conversion: 'None' vs '<ChannelConversion (name: , unit: s, comment: , formula: , referenced blocks: {}, address: 1344, fields: [\'_cache:None\', \'a:1e-09\', \'address:1344\', \'b:0.0\', \'block_len:96\', \'comment:\', \'comment_addr:0\', \'conversion_type:1\', \'flags:0\', \'formula:\', "id:b\'##CC\'", \'inv_conv_addr:0\', \'is_user_defined:False\', \'links_nr:4\', \'max_phy_value:0.0\', \'min_phy_value:0.0\', \'name:\', \'name_addr:0\', \'precision:0\', \'ref_param_nr:0\', \'referenced_blocks:{}\', \'reserved0:0\', \'unit:s\', \'unit_addr:1312\', \'val_param_nr:2\'])>'
  - 组 'IDC_11'.ACU_Charging data_type: 7 vs 0
  - 组 'IDC_11'.ACU_Charging bit_count: 64 vs 2
  - 组 'IDC_11'.ACU_Charging flags: 0 vs 16
  - 组 'IDC_11'.ACU_Charging conversion: 'None' vs '<ChannelConversion (name: , unit: , comment: , formula: , referenced blocks: {\'text_0\': b\'invalid\', \'text_1\': b\'start\', \'text_2\': b\'stop\', \'default_addr\': b\'\'}, address: 1023800, fields: [\'_cache:None\', \'address:1023800\', \'block_len:136\', \'comment:\', \'comment_addr:0\', \'conversion_type:7\', \'default_addr:0\', \'flags:0\', \'formula:\', "id:b\'##CC\'", \'inv_conv_addr:0\', \'is_user_defined:False\', \'links_nr:8\', \'max_phy_value:0.0\', \'min_phy_value:0.0\', \'name:\', \'name_addr:0\', \'precision:0\', \'ref_param_nr:4\', "referenced_blocks:{\'text_0\': b\'invalid\', \'text_1\': b\'start\', \'text_2\': b\'stop\', \'default_addr\': b\'\'}", \'reserved0:0\', \'text_0:1023704\', \'text_1:1023736\', \'text_2:1023768\', \'unit:\', \'unit_addr:0\', \'val_0:0.0\', \'val_1:1.0\', \'val_2:2.0\', \'val_param_nr:3\'])>'
  - 组 'MFS_1': 组内信号序不同 ['UINM_1_CRC', 'UINM_1_Counter', 'UINM_DrvReqShft', 'UINM_DrvReqShftInv', 'UINM_FuSaErrSt', 'UINM_ShftFault']... vs ['UINM_1_CRC', 'UINM_1_Counter', 'UINM_DrvReqShftInv', 'UINM_DrvReqShft', 'UINM_ShftFault', 'UINM_FuSaErrSt']...
  - 组 'MFS_1'.t data_type: 4 vs 0
  - 组 'MFS_1'.t conversion: 'None' vs '<ChannelConversion (name: , unit: s, comment: , formula: , referenced blocks: {}, address: 1344, fields: [\'_cache:None\', \'a:1e-09\', \'address:1344\', \'b:0.0\', \'block_len:96\', \'comment:\', \'comment_addr:0\', \'conversion_type:1\', \'flags:0\', \'formula:\', "id:b\'##CC\'", \'inv_conv_addr:0\', \'is_user_defined:False\', \'links_nr:4\', \'max_phy_value:0.0\', \'min_phy_value:0.0\', \'name:\', \'name_addr:0\', \'precision:0\', \'ref_param_nr:0\', \'referenced_blocks:{}\', \'reserved0:0\', \'unit:s\', \'unit_addr:1312\', \'val_param_nr:2\'])>'
  - 组 'MFS_1'.UINM_1_CRC flags: 0 vs 16
  - 组 'MFS_1'.UINM_1_Counter flags: 0 vs 16
  - 组 'MFS_1'.UINM_DrvReqShft data_type: 7 vs 0
  - 组 'MFS_1'.UINM_DrvReqShft bit_count: 64 vs 4
  - 组 'MFS_1'.UINM_DrvReqShft flags: 0 vs 16
  - 组 'MFS_1'.UINM_DrvReqShft conversion: 'None' vs '<ChannelConversion (name: , unit: , comment: , formula: , referenced blocks: {\'text_0\': b\'Shifter position O\', \'text_1\': b\'Shifter position F1\', \'text_2\': b\'Shifter position F2\', \'text_3\': b\'Shifter position B1\', \'text_4\': b\'Shifter position B2\', \'text_5\': b\'Shifter not initialized / INIT\', \'text_6\': b\'Signal not available / SNA (Double fault shifter sensor)\', \'default_addr\': b\'\'}, address: 664648, fields: [\'_cache:None\', \'address:664648\', \'block_len:200\', \'comment:\', \'comment_addr:0\', \'conversion_type:7\', \'default_addr:0\', \'flags:0\', \'formula:\', "id:b\'##CC\'", \'inv_conv_addr:0\', \'is_user_defined:False\', \'links_nr:12\', \'max_phy_value:0.0\', \'min_phy_value:0.0\', \'name:\', \'name_addr:0\', \'precision:0\', \'ref_param_nr:8\', "referenced_blocks:{\'text_0\': b\'Shifter position O\', \'text_1\': b\'Shifter position F1\', \'text_2\': b\'Shifter position F2\', \'text_3\': b\'Shifter position B1\', \'text_4\': b\'Shifter position B2\', \'text_5\': b\'Shifter not initialized / INIT\', \'text_6\': b\'Signal not available / SNA (Double fault shifter sensor)\', \'default_addr\': b\'\'}", \'reserved0:0\', \'text_0:664264\', \'text_1:664312\', \'text_2:664360\', \'text_3:664408\', \'text_4:664456\', \'text_5:664504\', \'text_6:664560\', \'unit:\', \'unit_addr:0\', \'val_0:0.0\', \'val_1:1.0\', \'val_2:2.0\', \'val_3:3.0\', \'val_4:4.0\', \'val_5:5.0\', \'val_6:6.0\', \'val_param_nr:7\'])>'
  - 组 'MFS_1'.UINM_DrvReqShftInv data_type: 7 vs 0
  - 组 'MFS_1'.UINM_DrvReqShftInv bit_count: 64 vs 4
  - 组 'MFS_1'.UINM_DrvReqShftInv flags: 0 vs 16
  - 组 'MFS_1'.UINM_DrvReqShftInv conversion: 'None' vs '<ChannelConversion (name: , unit: , comment: , formula: , referenced blocks: {\'text_0\': b\'Signal not available / SNA (Double fault shifter sensor)\', \'text_1\': b\'Shifter not initialized / INIT\', \'text_2\': b\'Shifter position B2\', \'text_3\': b\'Shifter position B1\', \'text_4\': b\'Shifter position F2\', \'text_5\': b\'Shifter position F1\', \'text_6\': b\'Shifter position O\', \'default_addr\': b\'\'}, address: 663656, fields: [\'_cache:None\', \'address:663656\', \'block_len:200\', \'comment:\', \'comment_addr:0\', \'conversion_type:7\', \'default_addr:0\', \'flags:0\', \'formula:\', "id:b\'##CC\'", \'inv_conv_addr:0\', \'is_user_defined:False\', \'links_nr:12\', \'max_phy_value:0.0\', \'min_phy_value:0.0\', \'name:\', \'name_addr:0\', \'precision:0\', \'ref_param_nr:8\', "referenced_blocks:{\'text_0\': b\'Signal not available / SNA (Double fault shifter sensor)\', \'text_1\': b\'Shifter not initialized / INIT\', \'text_2\': b\'Shifter position B2\', \'text_3\': b\'Shifter position B1\', \'text_4\': b\'Shifter position F2\', \'text_5\': b\'Shifter position F1\', \'text_6\': b\'Shifter position O\', \'default_addr\': b\'\'}", \'reserved0:0\', \'text_0:663272\', \'text_1:663360\', \'text_2:663416\', \'text_3:663464\', \'text_4:663512\', \'text_5:663560\', \'text_6:663608\', \'unit:\', \'unit_addr:0\', \'val_0:9.0\', \'val_1:10.0\', \'val_2:11.0\', \'val_3:12.0\', \'val_4:13.0\', \'val_5:14.0\', \'val_6:15.0\', \'val_param_nr:7\'])>'
  - 组 'MFS_1'.UINM_FuSaErrSt data_type: 7 vs 0
  - 组 'MFS_1'.UINM_FuSaErrSt bit_count: 64 vs 1
  - 组 'MFS_1'.UINM_FuSaErrSt flags: 0 vs 16
  - 组 'MFS_1'.UINM_FuSaErrSt conversion: 'None' vs '<ChannelConversion (name: , unit: , comment: , formula: , referenced blocks: {\'text_0\': b\'No Error\', \'text_1\': b\'Error\', \'default_addr\': b\'\'}, address: 665992, fields: [\'_cache:None\', \'address:665992\', \'block_len:120\', \'comment:\', \'comment_addr:0\', \'conversion_type:7\', \'default_addr:0\', \'flags:0\', \'formula:\', "id:b\'##CC\'", \'inv_conv_addr:0\', \'is_user_defined:False\', \'links_nr:7\', \'max_phy_value:0.0\', \'min_phy_value:0.0\', \'name:\', \'name_addr:0\', \'precision:0\', \'ref_param_nr:3\', "referenced_blocks:{\'text_0\': b\'No Error\', \'text_1\': b\'Error\', \'default_addr\': b\'\'}", \'reserved0:0\', \'text_0:665920\', \'text_1:665960\', \'unit:\', \'unit_addr:0\', \'val_0:0.0\', \'val_1:1.0\', \'val_param_nr:2\'])>'
  - 组 'MFS_1'.UINM_ShftFault data_type: 7 vs 0
  - 组 'MFS_1'.UINM_ShftFault bit_count: 64 vs 1
  - 组 'MFS_1'.UINM_ShftFault flags: 0 vs 16
  - 组 'MFS_1'.UINM_ShftFault conversion: 'None' vs '<ChannelConversion (name: , unit: , comment: , formula: , referenced blocks: {\'text_0\': b\'E-shift Normal\', \'text_1\': b\'E-shift fault\', \'default_addr\': b\'\'}, address: 665320, fields: [\'_cache:None\', \'address:665320\', \'block_len:120\', \'comment:\', \'comment_addr:0\', \'conversion_type:7\', \'default_addr:0\', \'flags:0\', \'formula:\', "id:b\'##CC\'", \'inv_conv_addr:0\', \'is_user_defined:False\', \'links_nr:7\', \'max_phy_value:0.0\', \'min_phy_value:0.0\', \'name:\', \'name_addr:0\', \'precision:0\', \'ref_param_nr:3\', "referenced_blocks:{\'text_0\': b\'E-shift Normal\', \'text_1\': b\'E-shift fault\', \'default_addr\': b\'\'}", \'reserved0:0\', \'text_0:665240\', \'text_1:665280\', \'unit:\', \'unit_addr:0\', \'val_0:0.0\', \'val_1:1.0\', \'val_param_nr:2\'])>'
  - 组 'ADC_1_B': 组内信号序不同 ['ADC_1_B_CRC', 'ADC_1_B_Counter', 'ADC_LongCtrlAvailability_B', 'ADC_LongCtrlModeForBrkSys_B', 'ADC_ActTrqReq_B', 'ADC_ActTrqReqEnable_B', 'ADC_VLCSt_B']... vs ['ADC_1_B_CRC', 'ADC_1_B_Counter', 'ADC_LongCtrlAvailability_B', 'ADC_LongCtrlModeForBrkSys_B', 'ADC_ActTrqReq_B', 'ADC_VLCSt_B', 'ADC_ActTrqReqEnable_B']...
  - 组 'ADC_1_B'.t data_type: 4 vs 0
  - 组 'ADC_1_B'.t conversion: 'None' vs '<ChannelConversion (name: , unit: s, comment: , formula: , referenced blocks: {}, address: 1344, fields: [\'_cache:None\', \'a:1e-09\', \'address:1344\', \'b:0.0\', \'block_len:96\', \'comment:\', \'comment_addr:0\', \'conversion_type:1\', \'flags:0\', \'formula:\', "id:b\'##CC\'", \'inv_conv_addr:0\', \'is_user_defined:False\', \'links_nr:4\', \'max_phy_value:0.0\', \'min_phy_value:0.0\', \'name:\', \'name_addr:0\', \'precision:0\', \'ref_param_nr:0\', \'referenced_blocks:{}\', \'reserved0:0\', \'unit:s\', \'unit_addr:1312\', \'val_param_nr:2\'])>'
  - 组 'ADC_1_B'.ADC_1_B_CRC flags: 0 vs 16
  - 组 'ADC_1_B'.ADC_1_B_Counter flags: 0 vs 16
  - 组 'ADC_1_B'.ADC_LongCtrlAvailability_B data_type: 7 vs 0
  - 组 'ADC_1_B'.ADC_LongCtrlAvailability_B bit_count: 64 vs 1
  - 组 'ADC_1_B'.ADC_LongCtrlAvailability_B flags: 0 vs 16
  - 组 'ADC_1_B'.ADC_LongCtrlAvailability_B conversion: 'None' vs '<ChannelConversion (name: , unit: , comment: , formula: , referenced blocks: {\'text_0\': b\'Not available\', \'text_1\': b\'Available\', \'default_addr\': b\'\'}, address: 505896, fields: [\'_cache:None\', \'address:505896\', \'block_len:120\', \'comment:\', \'comment_addr:0\', \'conversion_type:7\', \'default_addr:0\', \'flags:0\', \'formula:\', "id:b\'##CC\'", \'inv_conv_addr:0\', \'is_user_defined:False\', \'links_nr:7\', \'max_phy_value:0.0\', \'min_phy_value:0.0\', \'name:\', \'name_addr:0\', \'precision:0\', \'ref_param_nr:3\', "referenced_blocks:{\'text_0\': b\'Not available\', \'text_1\': b\'Available\', \'default_addr\': b\'\'}", \'reserved0:0\', \'text_0:505816\', \'text_1:505856\', \'unit:\', \'unit_addr:0\', \'val_0:0.0\', \'val_1:1.0\', \'val_param_nr:2\'])>'
  - 组 'ADC_1_B'.ADC_LongCtrlModeForBrkSys_B data_type: 7 vs 0
  - 组 'ADC_1_B'.ADC_LongCtrlModeForBrkSys_B bit_count: 64 vs 3
  - 组 'ADC_1_B'.ADC_LongCtrlModeForBrkSys_B flags: 0 vs 16
  - 组 'ADC_1_B'.ADC_LongCtrlModeForBrkSys_B conversion: 'None' vs '<ChannelConversion (name: , unit: , comment: , formula: , referenced blocks: {\'text_0\': b\'Off mode\', \'text_1\': b\'L2 Active\', \'text_2\': b\'L2++ Active\', \'default_addr\': b\'\'}, address: 506672, fields: [\'_cache:None\', \'address:506672\', \'block_len:136\', \'comment:\', \'comment_addr:0\', \'conversion_type:7\', \'default_addr:0\', \'flags:0\', \'formula:\', "id:b\'##CC\'", \'inv_conv_addr:0\', \'is_user_defined:False\', \'links_nr:8\', \'max_phy_value:0.0\', \'min_phy_value:0.0\', \'name:\', \'name_addr:0\', \'precision:0\', \'ref_param_nr:4\', "referenced_blocks:{\'text_0\': b\'Off mode\', \'text_1\': b\'L2 Active\', \'text_2\': b\'L2++ Active\', \'default_addr\': b\'\'}", \'reserved0:0\', \'text_0:506552\', \'text_1:506592\', \'text_2:506632\', \'unit:\', \'unit_addr:0\', \'val_0:0.0\', \'val_1:1.0\', \'val_2:2.0\', \'val_param_nr:3\'])>'
  - 组 'ADC_1_B'.ADC_ActTrqReq_B data_type: 4 vs 0
  - 组 'ADC_1_B'.ADC_ActTrqReq_B bit_count: 64 vs 14
  - 组 'ADC_1_B'.ADC_ActTrqReq_B flags: 0 vs 16
  - 组 'ADC_1_B'.ADC_ActTrqReq_B conversion: 'None' vs '<ChannelConversion (name: , unit: Nm, comment: , formula: , referenced blocks: {}, address: 507416, fields: [\'_cache:None\', \'a:1.0\', \'address:507416\', \'b:-5000.0\', \'block_len:96\', \'comment:\', \'comment_addr:0\', \'conversion_type:1\', \'flags:0\', \'formula:\', "id:b\'##CC\'", \'inv_conv_addr:0\', \'is_user_defined:False\', \'links_nr:4\', \'max_phy_value:0.0\', \'min_phy_value:0.0\', \'name:\', \'name_addr:0\', \'precision:0\', \'ref_param_nr:0\', \'referenced_blocks:{}\', \'reserved0:0\', \'unit:Nm\', \'unit_addr:507384\', \'val_param_nr:2\'])>'
  - 组 'ADC_1_B'.ADC_ActTrqReqEnable_B data_type: 7 vs 0
  - 组 'ADC_1_B'.ADC_ActTrqReqEnable_B bit_count: 64 vs 1
  - 组 'ADC_1_B'.ADC_ActTrqReqEnable_B flags: 0 vs 16
  - 组 'ADC_1_B'.ADC_ActTrqReqEnable_B conversion: 'None' vs '<ChannelConversion (name: , unit: , comment: , formula: , referenced blocks: {\'text_0\': b\'Disable\', \'text_1\': b\'Enable\', \'default_addr\': b\'\'}, address: 508680, fields: [\'_cache:None\', \'address:508680\', \'block_len:120\', \'comment:\', \'comment_addr:0\', \'conversion_type:7\', \'default_addr:0\', \'flags:0\', \'formula:\', "id:b\'##CC\'", \'inv_conv_addr:0\', \'is_user_defined:False\', \'links_nr:7\', \'max_phy_value:0.0\', \'min_phy_value:0.0\', \'name:\', \'name_addr:0\', \'precision:0\', \'ref_param_nr:3\', "referenced_blocks:{\'text_0\': b\'Disable\', \'text_1\': b\'Enable\', \'default_addr\': b\'\'}", \'reserved0:0\', \'text_0:508616\', \'text_1:508648\', \'unit:\', \'unit_addr:0\', \'val_0:0.0\', \'val_1:1.0\', \'val_param_nr:2\'])>'
  - 组 'ADC_1_B'.ADC_VLCSt_B data_type: 7 vs 0
  - 组 'ADC_1_B'.ADC_VLCSt_B bit_count: 64 vs 2
  - 组 'ADC_1_B'.ADC_VLCSt_B flags: 0 vs 16
  - 组 'ADC_1_B'.ADC_VLCSt_B conversion: 'None' vs '<ChannelConversion (name: , unit: , comment: , formula: , referenced blocks: {\'text_0\': b\'VLC not working\', \'text_1\': b\'VLC Override possible\', \'text_2\': b\'VLC Override impossible\', \'default_addr\': b\'\'}, address: 508064, fields: [\'_cache:None\', \'address:508064\', \'block_len:136\', \'comment:\', \'comment_addr:0\', \'conversion_type:7\', \'default_addr:0\', \'flags:0\', \'formula:\', "id:b\'##CC\'", \'inv_conv_addr:0\', \'is_user_defined:False\', \'links_nr:8\', \'max_phy_value:0.0\', \'min_phy_value:0.0\', \'name:\', \'name_addr:0\', \'precision:0\', \'ref_param_nr:4\', "referenced_blocks:{\'text_0\': b\'VLC not working\', \'text_1\': b\'VLC Override possible\', \'text_2\': b\'VLC Override impossible\', \'default_addr\': b\'\'}", \'reserved0:0\', \'text_0:507928\', \'text_1:507968\', \'text_2:508016\', \'unit:\', \'unit_addr:0\', \'val_0:0.0\', \'val_1:1.0\', \'val_2:2.0\', \'val_param_nr:3\'])>'
  - 组 'ADC_13_B': 组内信号序不同 ['ADC_13_B_CRC', 'ADC_13_B_Counter', 'ADC_TotalRefTorque', 'ADC_MotTarSpd', 'ADC_LimTqFactorK', 'ADC_MotTqLimMin', 'ADC_MotTqLimMax', 'ADC_MotTqRateLimMin']... vs ['ADC_13_B_CRC', 'ADC_13_B_Counter', 'ADC_TotalRefTorque', 'ADC_MotTarSpd', 'ADC_LimTqFactorK', 'ADC_MotTqLimMin', 'ADC_MotTqLimMax', 'ADC_MotTqRateLimMin']...
  - 组 'ADC_13_B'.t data_type: 4 vs 0
  - 组 'ADC_13_B'.t conversion: 'None' vs '<ChannelConversion (name: , unit: s, comment: , formula: , referenced blocks: {}, address: 1344, fields: [\'_cache:None\', \'a:1e-09\', \'address:1344\', \'b:0.0\', \'block_len:96\', \'comment:\', \'comment_addr:0\', \'conversion_type:1\', \'flags:0\', \'formula:\', "id:b\'##CC\'", \'inv_conv_addr:0\', \'is_user_defined:False\', \'links_nr:4\', \'max_phy_value:0.0\', \'min_phy_value:0.0\', \'name:\', \'name_addr:0\', \'precision:0\', \'ref_param_nr:0\', \'referenced_blocks:{}\', \'reserved0:0\', \'unit:s\', \'unit_addr:1312\', \'val_param_nr:2\'])>'
  - 组 'ADC_13_B'.ADC_13_B_CRC flags: 0 vs 16
  - 组 'ADC_13_B'.ADC_13_B_Counter flags: 0 vs 16
  - 组 'ADC_13_B'.ADC_TotalRefTorque data_type: 4 vs 0
  - 组 'ADC_13_B'.ADC_TotalRefTorque bit_count: 64 vs 16
  - 组 'ADC_13_B'.ADC_TotalRefTorque flags: 0 vs 16
  - 组 'ADC_13_B'.ADC_TotalRefTorque conversion: 'None' vs '<ChannelConversion (name: , unit: Nm, comment: , formula: , referenced blocks: {}, address: 558040, fields: [\'_cache:None\', \'a:1.0\', \'address:558040\', \'b:-32768.0\', \'block_len:96\', \'comment:\', \'comment_addr:0\', \'conversion_type:1\', \'flags:0\', \'formula:\', "id:b\'##CC\'", \'inv_conv_addr:0\', \'is_user_defined:False\', \'links_nr:4\', \'max_phy_value:0.0\', \'min_phy_value:0.0\', \'name:\', \'name_addr:0\', \'precision:0\', \'ref_param_nr:0\', \'referenced_blocks:{}\', \'reserved0:0\', \'unit:Nm\', \'unit_addr:558008\', \'val_param_nr:2\'])>'
  - 组 'ADC_13_B'.ADC_MotTarSpd data_type: 4 vs 0
  - 组 'ADC_13_B'.ADC_MotTarSpd bit_count: 64 vs 16
  - 组 'ADC_13_B'.ADC_MotTarSpd flags: 0 vs 16
  - 组 'ADC_13_B'.ADC_MotTarSpd conversion: 'None' vs '<ChannelConversion (name: , unit: rpm, comment: , formula: , referenced blocks: {}, address: 558560, fields: [\'_cache:None\', \'a:1.0\', \'address:558560\', \'b:-32768.0\', \'block_len:96\', \'comment:\', \'comment_addr:0\', \'conversion_type:1\', \'flags:0\', \'formula:\', "id:b\'##CC\'", \'inv_conv_addr:0\', \'is_user_defined:False\', \'links_nr:4\', \'max_phy_value:0.0\', \'min_phy_value:0.0\', \'name:\', \'name_addr:0\', \'precision:0\', \'ref_param_nr:0\', \'referenced_blocks:{}\', \'reserved0:0\', \'unit:rpm\', \'unit_addr:558528\', \'val_param_nr:2\'])>'
  - 组 'ADC_13_B'.ADC_LimTqFactorK data_type: 4 vs 0
  - 组 'ADC_13_B'.ADC_LimTqFactorK bit_count: 64 vs 10
  - 组 'ADC_13_B'.ADC_LimTqFactorK flags: 0 vs 16
  - 组 'ADC_13_B'.ADC_LimTqFactorK conversion: 'None' vs '<ChannelConversion (name: , unit: , comment: , formula: , referenced blocks: {}, address: 559032, fields: [\'_cache:None\', \'a:0.001\', \'address:559032\', \'b:0.0\', \'block_len:96\', \'comment:\', \'comment_addr:0\', \'conversion_type:1\', \'flags:0\', \'formula:\', "id:b\'##CC\'", \'inv_conv_addr:0\', \'is_user_defined:False\', \'links_nr:4\', \'max_phy_value:0.0\', \'min_phy_value:0.0\', \'name:\', \'name_addr:0\', \'precision:0\', \'ref_param_nr:0\', \'referenced_blocks:{}\', \'reserved0:0\', \'unit:\', \'unit_addr:0\', \'val_param_nr:2\'])>'
  - 组 'ADC_13_B'.ADC_MotTqLimMin data_type: 4 vs 0
  - 组 'ADC_13_B'.ADC_MotTqLimMin bit_count: 64 vs 9
  - 组 'ADC_13_B'.ADC_MotTqLimMin flags: 0 vs 16
  - 组 'ADC_13_B'.ADC_MotTqLimMin conversion: 'None' vs '<ChannelConversion (name: , unit: Nm, comment: , formula: , referenced blocks: {}, address: 559552, fields: [\'_cache:None\', \'a:25.0\', \'address:559552\', \'b:-6375.0\', \'block_len:96\', \'comment:\', \'comment_addr:0\', \'conversion_type:1\', \'flags:0\', \'formula:\', "id:b\'##CC\'", \'inv_conv_addr:0\', \'is_user_defined:False\', \'links_nr:4\', \'max_phy_value:0.0\', \'min_phy_value:0.0\', \'name:\', \'name_addr:0\', \'precision:0\', \'ref_param_nr:0\', \'referenced_blocks:{}\', \'reserved0:0\', \'unit:Nm\', \'unit_addr:559520\', \'val_param_nr:2\'])>'
  - 组 'ADC_13_B'.ADC_MotTqLimMax data_type: 4 vs 0
  - 组 'ADC_13_B'.ADC_MotTqLimMax bit_count: 64 vs 9
  - 组 'ADC_13_B'.ADC_MotTqLimMax flags: 0 vs 16
  - 组 'ADC_13_B'.ADC_MotTqLimMax conversion: 'None' vs '<ChannelConversion (name: , unit: Nm, comment: , formula: , referenced blocks: {}, address: 560064, fields: [\'_cache:None\', \'a:25.0\', \'address:560064\', \'b:-6375.0\', \'block_len:96\', \'comment:\', \'comment_addr:0\', \'conversion_type:1\', \'flags:0\', \'formula:\', "id:b\'##CC\'", \'inv_conv_addr:0\', \'is_user_defined:False\', \'links_nr:4\', \'max_phy_value:0.0\', \'min_phy_value:0.0\', \'name:\', \'name_addr:0\', \'precision:0\', \'ref_param_nr:0\', \'referenced_blocks:{}\', \'reserved0:0\', \'unit:Nm\', \'unit_addr:560032\', \'val_param_nr:2\'])>'
  - 组 'ADC_13_B'.ADC_MotTqRateLimMin data_type: 4 vs 0
  - 组 'ADC_13_B'.ADC_MotTqRateLimMin bit_count: 64 vs 9
  - 组 'ADC_13_B'.ADC_MotTqRateLimMin flags: 0 vs 16
  - 组 'ADC_13_B'.ADC_MotTqRateLimMin conversion: 'None' vs '<ChannelConversion (name: , unit: Nm/s, comment: , formula: , referenced blocks: {}, address: 560576, fields: [\'_cache:None\', \'a:50.0\', \'address:560576\', \'b:-12750.0\', \'block_len:96\', \'comment:\', \'comment_addr:0\', \'conversion_type:1\', \'flags:0\', \'formula:\', "id:b\'##CC\'", \'inv_conv_addr:0\', \'is_user_defined:False\', \'links_nr:4\', \'max_phy_value:0.0\', \'min_phy_value:0.0\', \'name:\', \'name_addr:0\', \'precision:0\', \'ref_param_nr:0\', \'referenced_blocks:{}\', \'reserved0:0\', \'unit:Nm/s\', \'unit_addr:560544\', \'val_param_nr:2\'])>'
  - 组 'ADC_13_B'.ADC_MotTqRateLimMax data_type: 4 vs 0
  - 组 'ADC_13_B'.ADC_MotTqRateLimMax bit_count: 64 vs 9
  - 组 'ADC_13_B'.ADC_MotTqRateLimMax flags: 0 vs 16
  - 组 'ADC_13_B'.ADC_MotTqRateLimMax conversion: 'None' vs '<ChannelConversion (name: , unit: Nm/s, comment: , formula: , referenced blocks: {}, address: 561096, fields: [\'_cache:None\', \'a:50.0\', \'address:561096\', \'b:-12750.0\', \'block_len:96\', \'comment:\', \'comment_addr:0\', \'conversion_type:1\', \'flags:0\', \'formula:\', "id:b\'##CC\'", \'inv_conv_addr:0\', \'is_user_defined:False\', \'links_nr:4\', \'max_phy_value:0.0\', \'min_phy_value:0.0\', \'name:\', \'name_addr:0\', \'precision:0\', \'ref_param_nr:0\', \'referenced_blocks:{}\', \'reserved0:0\', \'unit:Nm/s\', \'unit_addr:561064\', \'val_param_nr:2\'])>'
  - 组 'ADC_13_B'.ADC_TqUnloadRate data_type: 4 vs 0
  - 组 'ADC_13_B'.ADC_TqUnloadRate bit_count: 64 vs 9
  - 组 'ADC_13_B'.ADC_TqUnloadRate flags: 0 vs 16
  - 组 'ADC_13_B'.ADC_TqUnloadRate conversion: 'None' vs '<ChannelConversion (name: , unit: Nm/s, comment: , formula: , referenced blocks: {}, address: 562904, fields: [\'_cache:None\', \'a:50.0\', \'address:562904\', \'b:-12750.0\', \'block_len:96\', \'comment:\', \'comment_addr:0\', \'conversion_type:1\', \'flags:0\', \'formula:\', "id:b\'##CC\'", \'inv_conv_addr:0\', \'is_user_defined:False\', \'links_nr:4\', \'max_phy_value:0.0\', \'min_phy_value:0.0\', \'name:\', \'name_addr:0\', \'precision:0\', \'ref_param_nr:0\', \'referenced_blocks:{}\', \'reserved0:0\', \'unit:Nm/s\', \'unit_addr:562872\', \'val_param_nr:2\'])>'
  - 组 'ADC_13_B'.ADC_MotCtrlTar data_type: 7 vs 0
  - 组 'ADC_13_B'.ADC_MotCtrlTar bit_count: 64 vs 3
  - 组 'ADC_13_B'.ADC_MotCtrlTar flags: 0 vs 16
  - 组 'ADC_13_B'.ADC_MotCtrlTar conversion: 'None' vs '<ChannelConversion (name: , unit: , comment: , formula: , referenced blocks: {\'text_0\': b\'FL\', \'text_1\': b\'RL\', \'text_2\': b\'FL+RL\', \'text_3\': b\'RL+RR\', \'default_addr\': b\'\'}, address: 562344, fields: [\'_cache:None\', \'address:562344\', \'block_len:152\', \'comment:\', \'comment_addr:0\', \'conversion_type:7\', \'default_addr:0\', \'flags:0\', \'formula:\', "id:b\'##CC\'", \'inv_conv_addr:0\', \'is_user_defined:False\', \'links_nr:9\', \'max_phy_value:0.0\', \'min_phy_value:0.0\', \'name:\', \'name_addr:0\', \'precision:0\', \'ref_param_nr:5\', "referenced_blocks:{\'text_0\': b\'FL\', \'text_1\': b\'RL\', \'text_2\': b\'FL+RL\', \'text_3\': b\'RL+RR\', \'default_addr\': b\'\'}", \'reserved0:0\', \'text_0:562216\', \'text_1:562248\', \'text_2:562280\', \'text_3:562312\', \'unit:\', \'unit_addr:0\', \'val_0:0.0\', \'val_1:1.0\', \'val_2:2.0\', \'val_3:3.0\', \'val_param_nr:4\'])>'
  - 组 'ADC_13_B'.ADC_MotTarMod data_type: 7 vs 0
  - 组 'ADC_13_B'.ADC_MotTarMod bit_count: 64 vs 2
  - 组 'ADC_13_B'.ADC_MotTarMod flags: 0 vs 16
  - 组 'ADC_13_B'.ADC_MotTarMod conversion: 'None' vs '<ChannelConversion (name: , unit: , comment: , formula: , referenced blocks: {\'text_0\': b\'Torque mode\', \'text_1\': b\'Speed mode\', \'text_2\': b\'SV mode\', \'default_addr\': b\'\'}, address: 561696, fields: [\'_cache:None\', \'address:561696\', \'block_len:136\', \'comment:\', \'comment_addr:0\', \'conversion_type:7\', \'default_addr:0\', \'flags:0\', \'formula:\', "id:b\'##CC\'", \'inv_conv_addr:0\', \'is_user_defined:False\', \'links_nr:8\', \'max_phy_value:0.0\', \'min_phy_value:0.0\', \'name:\', \'name_addr:0\', \'precision:0\', \'ref_param_nr:4\', "referenced_blocks:{\'text_0\': b\'Torque mode\', \'text_1\': b\'Speed mode\', \'text_2\': b\'SV mode\', \'default_addr\': b\'\'}", \'reserved0:0\', \'text_0:561584\', \'text_1:561624\', \'text_2:561664\', \'unit:\', \'unit_addr:0\', \'val_0:0.0\', \'val_1:1.0\', \'val_2:2.0\', \'val_param_nr:3\'])>'
  - 组 'ADC_13_B'.ADC_DrvTarTqMod data_type: 7 vs 0
  - 组 'ADC_13_B'.ADC_DrvTarTqMod bit_count: 64 vs 2
  - 组 'ADC_13_B'.ADC_DrvTarTqMod flags: 0 vs 16
  - 组 'ADC_13_B'.ADC_DrvTarTqMod conversion: 'None' vs '<ChannelConversion (name: , unit: , comment: , formula: , referenced blocks: {\'text_0\': b\'Override mode\', \'text_1\': b\'Inhibit mode\', \'default_addr\': b\'\'}, address: 564616, fields: [\'_cache:None\', \'address:564616\', \'block_len:120\', \'comment:\', \'comment_addr:0\', \'conversion_type:7\', \'default_addr:0\', \'flags:0\', \'formula:\', "id:b\'##CC\'", \'inv_conv_addr:0\', \'is_user_defined:False\', \'links_nr:7\', \'max_phy_value:0.0\', \'min_phy_value:0.0\', \'name:\', \'name_addr:0\', \'precision:0\', \'ref_param_nr:3\', "referenced_blocks:{\'text_0\': b\'Override mode\', \'text_1\': b\'Inhibit mode\', \'default_addr\': b\'\'}", \'reserved0:0\', \'text_0:564536\', \'text_1:564576\', \'unit:\', \'unit_addr:0\', \'val_0:0.0\', \'val_1:1.0\', \'val_param_nr:2\'])>'
  - 组 'ADC_13_B'.ADC_LimTqEnable data_type: 7 vs 0
  - 组 'ADC_13_B'.ADC_LimTqEnable bit_count: 64 vs 1
  - 组 'ADC_13_B'.ADC_LimTqEnable flags: 0 vs 16
  - 组 'ADC_13_B'.ADC_LimTqEnable conversion: 'None' vs '<ChannelConversion (name: , unit: , comment: , formula: , referenced blocks: {\'text_0\': b\'Disable\', \'text_1\': b\'Enable\', \'default_addr\': b\'\'}, address: 564024, fields: [\'_cache:None\', \'address:564024\', \'block_len:120\', \'comment:\', \'comment_addr:0\', \'conversion_type:7\', \'default_addr:0\', \'flags:0\', \'formula:\', "id:b\'##CC\'", \'inv_conv_addr:0\', \'is_user_defined:False\', \'links_nr:7\', \'max_phy_value:0.0\', \'min_phy_value:0.0\', \'name:\', \'name_addr:0\', \'precision:0\', \'ref_param_nr:3\', "referenced_blocks:{\'text_0\': b\'Disable\', \'text_1\': b\'Enable\', \'default_addr\': b\'\'}", \'reserved0:0\', \'text_0:563960\', \'text_1:563992\', \'unit:\', \'unit_addr:0\', \'val_0:0.0\', \'val_1:1.0\', \'val_param_nr:2\'])>'
  - 组 'ADC_13_B'.ADC_RapidRespEna data_type: 7 vs 0
  - 组 'ADC_13_B'.ADC_RapidRespEna bit_count: 64 vs 1
  - 组 'ADC_13_B'.ADC_RapidRespEna flags: 0 vs 16
  - 组 'ADC_13_B'.ADC_RapidRespEna conversion: 'None' vs '<ChannelConversion (name: , unit: , comment: , formula: , referenced blocks: {\'text_0\': b\'Disable\', \'text_1\': b\'Enable\', \'default_addr\': b\'\'}, address: 563448, fields: [\'_cache:None\', \'address:563448\', \'block_len:120\', \'comment:\', \'comment_addr:0\', \'conversion_type:7\', \'default_addr:0\', \'flags:0\', \'formula:\', "id:b\'##CC\'", \'inv_conv_addr:0\', \'is_user_defined:False\', \'links_nr:7\', \'max_phy_value:0.0\', \'min_phy_value:0.0\', \'name:\', \'name_addr:0\', \'precision:0\', \'ref_param_nr:3\', "referenced_blocks:{\'text_0\': b\'Disable\', \'text_1\': b\'Enable\', \'default_addr\': b\'\'}", \'reserved0:0\', \'text_0:563384\', \'text_1:563416\', \'unit:\', \'unit_addr:0\', \'val_0:0.0\', \'val_1:1.0\', \'val_param_nr:2\'])>'
  - 组 'ADC_13_B'.ADC_MotTarSpdSvValid data_type: 7 vs 0
  - 组 'ADC_13_B'.ADC_MotTarSpdSvValid bit_count: 64 vs 1
  - 组 'ADC_13_B'.ADC_MotTarSpdSvValid flags: 0 vs 16
  - 组 'ADC_13_B'.ADC_MotTarSpdSvValid conversion: 'None' vs '<ChannelConversion (name: , unit: , comment: , formula: , referenced blocks: {\'text_0\': b\'Invalid\', \'text_1\': b\'Valid\', \'default_addr\': b\'\'}, address: 566328, fields: [\'_cache:None\', \'address:566328\', \'block_len:120\', \'comment:\', \'comment_addr:0\', \'conversion_type:7\', \'default_addr:0\', \'flags:0\', \'formula:\', "id:b\'##CC\'", \'inv_conv_addr:0\', \'is_user_defined:False\', \'links_nr:7\', \'max_phy_value:0.0\', \'min_phy_value:0.0\', \'name:\', \'name_addr:0\', \'precision:0\', \'ref_param_nr:3\', "referenced_blocks:{\'text_0\': b\'Invalid\', \'text_1\': b\'Valid\', \'default_addr\': b\'\'}", \'reserved0:0\', \'text_0:566264\', \'text_1:566296\', \'unit:\', \'unit_addr:0\', \'val_0:0.0\', \'val_1:1.0\', \'val_param_nr:2\'])>'
  - 组 'ADC_13_B'.ADC_TqUnloadEna data_type: 7 vs 0
  - 组 'ADC_13_B'.ADC_TqUnloadEna bit_count: 64 vs 1
  - 组 'ADC_13_B'.ADC_TqUnloadEna flags: 0 vs 16
  - 组 'ADC_13_B'.ADC_TqUnloadEna conversion: 'None' vs '<ChannelConversion (name: , unit: , comment: , formula: , referenced blocks: {\'text_0\': b\'Disable\', \'text_1\': b\'Enable\', \'default_addr\': b\'\'}, address: 565752, fields: [\'_cache:None\', \'address:565752\', \'block_len:120\', \'comment:\', \'comment_addr:0\', \'conversion_type:7\', \'default_addr:0\', \'flags:0\', \'formula:\', "id:b\'##CC\'", \'inv_conv_addr:0\', \'is_user_defined:False\', \'links_nr:7\', \'max_phy_value:0.0\', \'min_phy_value:0.0\', \'name:\', \'name_addr:0\', \'precision:0\', \'ref_param_nr:3\', "referenced_blocks:{\'text_0\': b\'Disable\', \'text_1\': b\'Enable\', \'default_addr\': b\'\'}", \'reserved0:0\', \'text_0:565688\', \'text_1:565720\', \'unit:\', \'unit_addr:0\', \'val_0:0.0\', \'val_1:1.0\', \'val_param_nr:2\'])>'
  - 组 'ADC_13_B'.ADC_MotSpdCtrlEna data_type: 7 vs 0
  - 组 'ADC_13_B'.ADC_MotSpdCtrlEna bit_count: 64 vs 1
  - 组 'ADC_13_B'.ADC_MotSpdCtrlEna flags: 0 vs 16
  - 组 'ADC_13_B'.ADC_MotSpdCtrlEna conversion: 'None' vs '<ChannelConversion (name: , unit: , comment: , formula: , referenced blocks: {\'text_0\': b\'Disable\', \'text_1\': b\'Enable\', \'default_addr\': b\'\'}, address: 565176, fields: [\'_cache:None\', \'address:565176\', \'block_len:120\', \'comment:\', \'comment_addr:0\', \'conversion_type:7\', \'default_addr:0\', \'flags:0\', \'formula:\', "id:b\'##CC\'", \'inv_conv_addr:0\', \'is_user_defined:False\', \'links_nr:7\', \'max_phy_value:0.0\', \'min_phy_value:0.0\', \'name:\', \'name_addr:0\', \'precision:0\', \'ref_param_nr:3\', "referenced_blocks:{\'text_0\': b\'Disable\', \'text_1\': b\'Enable\', \'default_addr\': b\'\'}", \'reserved0:0\', \'text_0:565112\', \'text_1:565144\', \'unit:\', \'unit_addr:0\', \'val_0:0.0\', \'val_1:1.0\', \'val_param_nr:2\'])>'
  - 组 'ADC_4_B': 组内信号序不同 ['ADC_4_B_CRC', 'ADC_4_B_Counter', 'ADC_ActTrqReqEnable_B1', 'ADC_ActTrqReq_B1', 'ADC_ASActiveSt_B', 'ADC_FcsActiveStatus_B', 'ADC_ElecBrkFnSwitch_B1', 'ADC_FctSts_B1']... vs ['ADC_4_B_CRC', 'ADC_4_B_Counter', 'ADC_ActTrqReqEnable_B1', 'ADC_ActTrqReq_B1', 'ADC_FcsActiveStatus_B', 'ADC_ASActiveSt_B', 'ADC_ElecBrkFnSwitch_B1', 'ADC_ActTrqReqVD_B1']...
  - 组 'ADC_4_B'.t data_type: 4 vs 0
  - 组 'ADC_4_B'.t conversion: 'None' vs '<ChannelConversion (name: , unit: s, comment: , formula: , referenced blocks: {}, address: 1344, fields: [\'_cache:None\', \'a:1e-09\', \'address:1344\', \'b:0.0\', \'block_len:96\', \'comment:\', \'comment_addr:0\', \'conversion_type:1\', \'flags:0\', \'formula:\', "id:b\'##CC\'", \'inv_conv_addr:0\', \'is_user_defined:False\', \'links_nr:4\', \'max_phy_value:0.0\', \'min_phy_value:0.0\', \'name:\', \'name_addr:0\', \'precision:0\', \'ref_param_nr:0\', \'referenced_blocks:{}\', \'reserved0:0\', \'unit:s\', \'unit_addr:1312\', \'val_param_nr:2\'])>'
  - 组 'ADC_4_B'.ADC_4_B_CRC flags: 0 vs 16
  - 组 'ADC_4_B'.ADC_4_B_Counter flags: 0 vs 16
  - 组 'ADC_4_B'.ADC_ActTrqReqEnable_B1 data_type: 7 vs 0
  - 组 'ADC_4_B'.ADC_ActTrqReqEnable_B1 bit_count: 64 vs 1
  - 组 'ADC_4_B'.ADC_ActTrqReqEnable_B1 flags: 0 vs 16
  - 组 'ADC_4_B'.ADC_ActTrqReqEnable_B1 conversion: 'None' vs '<ChannelConversion (name: , unit: , comment: , formula: , referenced blocks: {\'text_0\': b\'Disable\', \'text_1\': b\'Enable\', \'default_addr\': b\'\'}, address: 568392, fields: [\'_cache:None\', \'address:568392\', \'block_len:120\', \'comment:\', \'comment_addr:0\', \'conversion_type:7\', \'default_addr:0\', \'flags:0\', \'formula:\', "id:b\'##CC\'", \'inv_conv_addr:0\', \'is_user_defined:False\', \'links_nr:7\', \'max_phy_value:0.0\', \'min_phy_value:0.0\', \'name:\', \'name_addr:0\', \'precision:0\', \'ref_param_nr:3\', "referenced_blocks:{\'text_0\': b\'Disable\', \'text_1\': b\'Enable\', \'default_addr\': b\'\'}", \'reserved0:0\', \'text_0:568328\', \'text_1:568360\', \'unit:\', \'unit_addr:0\', \'val_0:0.0\', \'val_1:1.0\', \'val_param_nr:2\'])>'
  - 组 'ADC_4_B'.ADC_ActTrqReq_B1 data_type: 4 vs 0
  - 组 'ADC_4_B'.ADC_ActTrqReq_B1 bit_count: 64 vs 14
  - 组 'ADC_4_B'.ADC_ActTrqReq_B1 flags: 0 vs 16
  - 组 'ADC_4_B'.ADC_ActTrqReq_B1 conversion: 'None' vs '<ChannelConversion (name: , unit: Nm, comment: , formula: , referenced blocks: {}, address: 568968, fields: [\'_cache:None\', \'a:1.0\', \'address:568968\', \'b:-5000.0\', \'block_len:96\', \'comment:\', \'comment_addr:0\', \'conversion_type:1\', \'flags:0\', \'formula:\', "id:b\'##CC\'", \'inv_conv_addr:0\', \'is_user_defined:False\', \'links_nr:4\', \'max_phy_value:0.0\', \'min_phy_value:0.0\', \'name:\', \'name_addr:0\', \'precision:0\', \'ref_param_nr:0\', \'referenced_blocks:{}\', \'reserved0:0\', \'unit:Nm\', \'unit_addr:568936\', \'val_param_nr:2\'])>'
  - 组 'ADC_4_B'.ADC_ASActiveSt_B data_type: 7 vs 0
  - 组 'ADC_4_B'.ADC_ASActiveSt_B bit_count: 64 vs 1
  - 组 'ADC_4_B'.ADC_ASActiveSt_B flags: 0 vs 16
  - 组 'ADC_4_B'.ADC_ASActiveSt_B conversion: 'None' vs '<ChannelConversion (name: , unit: , comment: , formula: , referenced blocks: {\'text_0\': b\'Not Active\', \'text_1\': b\'Active\', \'default_addr\': b\'\'}, address: 570168, fields: [\'_cache:None\', \'address:570168\', \'block_len:120\', \'comment:\', \'comment_addr:0\', \'conversion_type:7\', \'default_addr:0\', \'flags:0\', \'formula:\', "id:b\'##CC\'", \'inv_conv_addr:0\', \'is_user_defined:False\', \'links_nr:7\', \'max_phy_value:0.0\', \'min_phy_value:0.0\', \'name:\', \'name_addr:0\', \'precision:0\', \'ref_param_nr:3\', "referenced_blocks:{\'text_0\': b\'Not Active\', \'text_1\': b\'Active\', \'default_addr\': b\'\'}", \'reserved0:0\', \'text_0:570096\', \'text_1:570136\', \'unit:\', \'unit_addr:0\', \'val_0:0.0\', \'val_1:1.0\', \'val_param_nr:2\'])>'
  - 组 'ADC_4_B'.ADC_FcsActiveStatus_B data_type: 7 vs 0
  - 组 'ADC_4_B'.ADC_FcsActiveStatus_B bit_count: 64 vs 1
  - 组 'ADC_4_B'.ADC_FcsActiveStatus_B flags: 0 vs 16
  - 组 'ADC_4_B'.ADC_FcsActiveStatus_B conversion: 'None' vs '<ChannelConversion (name: , unit: , comment: , formula: , referenced blocks: {\'text_0\': b\'No Active\', \'text_1\': b\'Active\', \'default_addr\': b\'\'}, address: 569560, fields: [\'_cache:None\', \'address:569560\', \'block_len:120\', \'comment:\', \'comment_addr:0\', \'conversion_type:7\', \'default_addr:0\', \'flags:0\', \'formula:\', "id:b\'##CC\'", \'inv_conv_addr:0\', \'is_user_defined:False\', \'links_nr:7\', \'max_phy_value:0.0\', \'min_phy_value:0.0\', \'name:\', \'name_addr:0\', \'precision:0\', \'ref_param_nr:3\', "referenced_blocks:{\'text_0\': b\'No Active\', \'text_1\': b\'Active\', \'default_addr\': b\'\'}", \'reserved0:0\', \'text_0:569488\', \'text_1:569528\', \'unit:\', \'unit_addr:0\', \'val_0:0.0\', \'val_1:1.0\', \'val_param_nr:2\'])>'
  - 组 'ADC_4_B'.ADC_ElecBrkFnSwitch_B1 data_type: 7 vs 0
  - 组 'ADC_4_B'.ADC_ElecBrkFnSwitch_B1 bit_count: 64 vs 1
  - 组 'ADC_4_B'.ADC_ElecBrkFnSwitch_B1 flags: 0 vs 16
  - 组 'ADC_4_B'.ADC_ElecBrkFnSwitch_B1 conversion: 'None' vs '<ChannelConversion (name: , unit: , comment: , formula: , referenced blocks: {\'text_0\': b\'ON\', \'text_1\': b\'OFF\', \'default_addr\': b\'\'}, address: 570792, fields: [\'_cache:None\', \'address:570792\', \'block_len:120\', \'comment:\', \'comment_addr:0\', \'conversion_type:7\', \'default_addr:0\', \'flags:0\', \'formula:\', "id:b\'##CC\'", \'inv_conv_addr:0\', \'is_user_defined:False\', \'links_nr:7\', \'max_phy_value:0.0\', \'min_phy_value:0.0\', \'name:\', \'name_addr:0\', \'precision:0\', \'ref_param_nr:3\', "referenced_blocks:{\'text_0\': b\'ON\', \'text_1\': b\'OFF\', \'default_addr\': b\'\'}", \'reserved0:0\', \'text_0:570728\', \'text_1:570760\', \'unit:\', \'unit_addr:0\', \'val_0:0.0\', \'val_1:1.0\', \'val_param_nr:2\'])>'
  - 组 'ADC_4_B'.ADC_FctSts_B1 data_type: 7 vs 0
  - 组 'ADC_4_B'.ADC_FctSts_B1 bit_count: 64 vs 1
  - 组 'ADC_4_B'.ADC_FctSts_B1 flags: 0 vs 16
  - 组 'ADC_4_B'.ADC_FctSts_B1 conversion: 'None' vs '<ChannelConversion (name: , unit: , comment: , formula: , referenced blocks: {\'text_0\': b\'Off\', \'text_1\': b\'On\', \'default_addr\': b\'\'}, address: 572704, fields: [\'_cache:None\', \'address:572704\', \'block_len:120\', \'comment:\', \'comment_addr:0\', \'conversion_type:7\', \'default_addr:0\', \'flags:0\', \'formula:\', "id:b\'##CC\'", \'inv_conv_addr:0\', \'is_user_defined:False\', \'links_nr:7\', \'max_phy_value:0.0\', \'min_phy_value:0.0\', \'name:\', \'name_addr:0\', \'precision:0\', \'ref_param_nr:3\', "referenced_blocks:{\'text_0\': b\'Off\', \'text_1\': b\'On\', \'default_addr\': b\'\'}", \'reserved0:0\', \'text_0:572640\', \'text_1:572672\', \'unit:\', \'unit_addr:0\', \'val_0:0.0\', \'val_1:1.0\', \'val_param_nr:2\'])>'
  - 组 'ADC_4_B'.ADC_TarGearReqVld_B1 data_type: 7 vs 0
  - 组 'ADC_4_B'.ADC_TarGearReqVld_B1 bit_count: 64 vs 1
  - 组 'ADC_4_B'.ADC_TarGearReqVld_B1 flags: 0 vs 16
  - 组 'ADC_4_B'.ADC_TarGearReqVld_B1 conversion: 'None' vs '<ChannelConversion (name: , unit: , comment: , formula: , referenced blocks: {\'text_0\': b\'Invalid\', \'text_1\': b\'Valid\', \'default_addr\': b\'\'}, address: 572128, fields: [\'_cache:None\', \'address:572128\', \'block_len:120\', \'comment:\', \'comment_addr:0\', \'conversion_type:7\', \'default_addr:0\', \'flags:0\', \'formula:\', "id:b\'##CC\'", \'inv_conv_addr:0\', \'is_user_defined:False\', \'links_nr:7\', \'max_phy_value:0.0\', \'min_phy_value:0.0\', \'name:\', \'name_addr:0\', \'precision:0\', \'ref_param_nr:3\', "referenced_blocks:{\'text_0\': b\'Invalid\', \'text_1\': b\'Valid\', \'default_addr\': b\'\'}", \'reserved0:0\', \'text_0:572064\', \'text_1:572096\', \'unit:\', \'unit_addr:0\', \'val_0:0.0\', \'val_1:1.0\', \'val_param_nr:2\'])>'
  - 组 'ADC_4_B'.ADC_ActTrqReqVD_B1 data_type: 7 vs 0
  - 组 'ADC_4_B'.ADC_ActTrqReqVD_B1 bit_count: 64 vs 1
  - 组 'ADC_4_B'.ADC_ActTrqReqVD_B1 flags: 0 vs 16
  - 组 'ADC_4_B'.ADC_ActTrqReqVD_B1 conversion: 'None' vs '<ChannelConversion (name: , unit: , comment: , formula: , referenced blocks: {\'text_0\': b\'invalid\', \'text_1\': b\'valid\', \'default_addr\': b\'\'}, address: 571536, fields: [\'_cache:None\', \'address:571536\', \'block_len:120\', \'comment:\', \'comment_addr:0\', \'conversion_type:7\', \'default_addr:0\', \'flags:0\', \'formula:\', "id:b\'##CC\'", \'inv_conv_addr:0\', \'is_user_defined:False\', \'links_nr:7\', \'max_phy_value:0.0\', \'min_phy_value:0.0\', \'name:\', \'name_addr:0\', \'precision:0\', \'ref_param_nr:3\', "referenced_blocks:{\'text_0\': b\'invalid\', \'text_1\': b\'valid\', \'default_addr\': b\'\'}", \'reserved0:0\', \'text_0:571472\', \'text_1:571504\', \'unit:\', \'unit_addr:0\', \'val_0:0.0\', \'val_1:1.0\', \'val_param_nr:2\'])>'
  - 组 'ADC_4_B'.ADC_PAAGrarLvlReq_B1 data_type: 7 vs 0
  - 组 'ADC_4_B'.ADC_PAAGrarLvlReq_B1 bit_count: 64 vs 3
  - 组 'ADC_4_B'.ADC_PAAGrarLvlReq_B1 flags: 0 vs 16
  - 组 'ADC_4_B'.ADC_PAAGrarLvlReq_B1 conversion: 'None' vs '<ChannelConversion (name: , unit: , comment: , formula: , referenced blocks: {\'text_0\': b\'No Request\', \'text_1\': b\'Park\', \'text_2\': b\'Reversed\', \'text_3\': b\'Neutral\', \'text_4\': b\'Drive\', \'text_5\': b\'Reversed\', \'text_6\': b\'Reversed\', \'text_7\': b\'Reversed\', \'default_addr\': b\'\'}, address: 574112, fields: [\'_cache:None\', \'address:574112\', \'block_len:216\', \'comment:\', \'comment_addr:0\', \'conversion_type:7\', \'default_addr:0\', \'flags:0\', \'formula:\', "id:b\'##CC\'", \'inv_conv_addr:0\', \'is_user_defined:False\', \'links_nr:13\', \'max_phy_value:0.0\', \'min_phy_value:0.0\', \'name:\', \'name_addr:0\', \'precision:0\', \'ref_param_nr:9\', "referenced_blocks:{\'text_0\': b\'No Request\', \'text_1\': b\'Park\', \'text_2\': b\'Reversed\', \'text_3\': b\'Neutral\', \'text_4\': b\'Drive\', \'text_5\': b\'Reversed\', \'text_6\': b\'Reversed\', \'text_7\': b\'Reversed\', \'default_addr\': b\'\'}", \'reserved0:0\', \'text_0:573816\', \'text_1:573856\', \'text_2:573888\', \'text_3:573928\', \'text_4:573960\', \'text_5:573992\', \'text_6:574032\', \'text_7:574072\', \'unit:\', \'unit_addr:0\', \'val_0:0.0\', \'val_1:1.0\', \'val_2:2.0\', \'val_3:3.0\', \'val_4:4.0\', \'val_5:5.0\', \'val_6:6.0\', \'val_7:7.0\', \'val_param_nr:8\'])>'
  - 组 'ADC_4_B'.ADC_PAAGrarLvlReqEnable_B1 data_type: 7 vs 0
  - 组 'ADC_4_B'.ADC_PAAGrarLvlReqEnable_B1 bit_count: 64 vs 1
  - 组 'ADC_4_B'.ADC_PAAGrarLvlReqEnable_B1 flags: 0 vs 16
  - 组 'ADC_4_B'.ADC_PAAGrarLvlReqEnable_B1 conversion: 'None' vs '<ChannelConversion (name: , unit: , comment: , formula: , referenced blocks: {\'text_0\': b\'No request\', \'text_1\': b\'Gear shift request\', \'default_addr\': b\'\'}, address: 573288, fields: [\'_cache:None\', \'address:573288\', \'block_len:120\', \'comment:\', \'comment_addr:0\', \'conversion_type:7\', \'default_addr:0\', \'flags:0\', \'formula:\', "id:b\'##CC\'", \'inv_conv_addr:0\', \'is_user_defined:False\', \'links_nr:7\', \'max_phy_value:0.0\', \'min_phy_value:0.0\', \'name:\', \'name_addr:0\', \'precision:0\', \'ref_param_nr:3\', "referenced_blocks:{\'text_0\': b\'No request\', \'text_1\': b\'Gear shift request\', \'default_addr\': b\'\'}", \'reserved0:0\', \'text_0:573200\', \'text_1:573240\', \'unit:\', \'unit_addr:0\', \'val_0:0.0\', \'val_1:1.0\', \'val_param_nr:2\'])>'
  - 组 'BCS_1_B'.t data_type: 4 vs 0
  - 组 'BCS_1_B'.t conversion: 'None' vs '<ChannelConversion (name: , unit: s, comment: , formula: , referenced blocks: {}, address: 1344, fields: [\'_cache:None\', \'a:1e-09\', \'address:1344\', \'b:0.0\', \'block_len:96\', \'comment:\', \'comment_addr:0\', \'conversion_type:1\', \'flags:0\', \'formula:\', "id:b\'##CC\'", \'inv_conv_addr:0\', \'is_user_defined:False\', \'links_nr:4\', \'max_phy_value:0.0\', \'min_phy_value:0.0\', \'name:\', \'name_addr:0\', \'precision:0\', \'ref_param_nr:0\', \'referenced_blocks:{}\', \'reserved0:0\', \'unit:s\', \'unit_addr:1312\', \'val_param_nr:2\'])>'
  - 组 'BCS_1_B'.BCS_1_B_CRC flags: 0 vs 16
  - 组 'BCS_1_B'.BCS_1_B_Counter flags: 0 vs 16
  - 组 'BCS_1_B'.BCS_AEBActive_B data_type: 7 vs 0
  - 组 'BCS_1_B'.BCS_AEBActive_B bit_count: 64 vs 1
  - 组 'BCS_1_B'.BCS_AEBActive_B flags: 0 vs 16
  - 组 'BCS_1_B'.BCS_AEBActive_B conversion: 'None' vs '<ChannelConversion (name: , unit: , comment: , formula: , referenced blocks: {\'text_0\': b\'Not active\', \'text_1\': b\'Active\', \'default_addr\': b\'\'}, address: 527784, fields: [\'_cache:None\', \'address:527784\', \'block_len:120\', \'comment:\', \'comment_addr:0\', \'conversion_type:7\', \'default_addr:0\', \'flags:0\', \'formula:\', "id:b\'##CC\'", \'inv_conv_addr:0\', \'is_user_defined:False\', \'links_nr:7\', \'max_phy_value:0.0\', \'min_phy_value:0.0\', \'name:\', \'name_addr:0\', \'precision:0\', \'ref_param_nr:3\', "referenced_blocks:{\'text_0\': b\'Not active\', \'text_1\': b\'Active\', \'default_addr\': b\'\'}", \'reserved0:0\', \'text_0:527712\', \'text_1:527752\', \'unit:\', \'unit_addr:0\', \'val_0:0.0\', \'val_1:1.0\', \'val_param_nr:2\'])>'
  - 组 'EPS_1_C': 组内信号序不同 ['EPS_1_CRC', 'EPS_1_Counter', 'TAS_CalibratedSt', 'EPS_PowerStrngIndOn', 'EPS_SteeringAngleSpdVD', 'EPS_SteeringAngleSpd', 'EPS_SteeringAngle', 'EPS_SteeringAngleVD']... vs ['EPS_1_CRC', 'EPS_1_Counter', 'EPS_SteeringAngleSpdVD', 'EPS_PowerStrngIndOn', 'TAS_CalibratedSt', 'EPS_SteeringAngleSpd', 'EPS_SteeringAngle', 'EPS_SteeringAngleVD']...
  - 组 'EPS_1_C'.t data_type: 4 vs 0
  - 组 'EPS_1_C'.t conversion: 'None' vs '<ChannelConversion (name: , unit: s, comment: , formula: , referenced blocks: {}, address: 1344, fields: [\'_cache:None\', \'a:1e-09\', \'address:1344\', \'b:0.0\', \'block_len:96\', \'comment:\', \'comment_addr:0\', \'conversion_type:1\', \'flags:0\', \'formula:\', "id:b\'##CC\'", \'inv_conv_addr:0\', \'is_user_defined:False\', \'links_nr:4\', \'max_phy_value:0.0\', \'min_phy_value:0.0\', \'name:\', \'name_addr:0\', \'precision:0\', \'ref_param_nr:0\', \'referenced_blocks:{}\', \'reserved0:0\', \'unit:s\', \'unit_addr:1312\', \'val_param_nr:2\'])>'
  - 组 'EPS_1_C'.EPS_1_CRC flags: 0 vs 16
  - 组 'EPS_1_C'.EPS_1_Counter flags: 0 vs 16
  - 组 'EPS_1_C'.TAS_CalibratedSt data_type: 7 vs 0
  - 组 'EPS_1_C'.TAS_CalibratedSt bit_count: 64 vs 1
  - 组 'EPS_1_C'.TAS_CalibratedSt flags: 0 vs 16
  - 组 'EPS_1_C'.TAS_CalibratedSt conversion: 'None' vs '<ChannelConversion (name: , unit: , comment: , formula: , referenced blocks: {\'text_0\': b\'Not calibrated\', \'text_1\': b\'Calibrated\', \'default_addr\': b\'\'}, address: 992680, fields: [\'_cache:None\', \'address:992680\', \'block_len:120\', \'comment:\', \'comment_addr:0\', \'conversion_type:7\', \'default_addr:0\', \'flags:0\', \'formula:\', "id:b\'##CC\'", \'inv_conv_addr:0\', \'is_user_defined:False\', \'links_nr:7\', \'max_phy_value:0.0\', \'min_phy_value:0.0\', \'name:\', \'name_addr:0\', \'precision:0\', \'ref_param_nr:3\', "referenced_blocks:{\'text_0\': b\'Not calibrated\', \'text_1\': b\'Calibrated\', \'default_addr\': b\'\'}", \'reserved0:0\', \'text_0:992600\', \'text_1:992640\', \'unit:\', \'unit_addr:0\', \'val_0:0.0\', \'val_1:1.0\', \'val_param_nr:2\'])>'
  - 组 'EPS_1_C'.EPS_PowerStrngIndOn data_type: 7 vs 0
  - 组 'EPS_1_C'.EPS_PowerStrngIndOn bit_count: 64 vs 1
  - 组 'EPS_1_C'.EPS_PowerStrngIndOn flags: 0 vs 16
  - 组 'EPS_1_C'.EPS_PowerStrngIndOn conversion: 'None' vs '<ChannelConversion (name: , unit: , comment: , formula: , referenced blocks: {\'text_0\': b\'EPS off\', \'text_1\': b\'EPS On\', \'default_addr\': b\'\'}, address: 992088, fields: [\'_cache:None\', \'address:992088\', \'block_len:120\', \'comment:\', \'comment_addr:0\', \'conversion_type:7\', \'default_addr:0\', \'flags:0\', \'formula:\', "id:b\'##CC\'", \'inv_conv_addr:0\', \'is_user_defined:False\', \'links_nr:7\', \'max_phy_value:0.0\', \'min_phy_value:0.0\', \'name:\', \'name_addr:0\', \'precision:0\', \'ref_param_nr:3\', "referenced_blocks:{\'text_0\': b\'EPS off\', \'text_1\': b\'EPS On\', \'default_addr\': b\'\'}", \'reserved0:0\', \'text_0:992024\', \'text_1:992056\', \'unit:\', \'unit_addr:0\', \'val_0:0.0\', \'val_1:1.0\', \'val_param_nr:2\'])>'
  - 组 'EPS_1_C'.EPS_SteeringAngleSpdVD data_type: 7 vs 0
  - 组 'EPS_1_C'.EPS_SteeringAngleSpdVD bit_count: 64 vs 1
  - 组 'EPS_1_C'.EPS_SteeringAngleSpdVD flags: 0 vs 16
  - 组 'EPS_1_C'.EPS_SteeringAngleSpdVD conversion: 'None' vs '<ChannelConversion (name: , unit: , comment: , formula: , referenced blocks: {\'text_0\': b\'Not valid\', \'text_1\': b\'Valid\', \'default_addr\': b\'\'}, address: 991568, fields: [\'_cache:None\', \'address:991568\', \'block_len:120\', \'comment:\', \'comment_addr:0\', \'conversion_type:7\', \'default_addr:0\', \'flags:0\', \'formula:\', "id:b\'##CC\'", \'inv_conv_addr:0\', \'is_user_defined:False\', \'links_nr:7\', \'max_phy_value:0.0\', \'min_phy_value:0.0\', \'name:\', \'name_addr:0\', \'precision:0\', \'ref_param_nr:3\', "referenced_blocks:{\'text_0\': b\'Not valid\', \'text_1\': b\'Valid\', \'default_addr\': b\'\'}", \'reserved0:0\', \'text_0:991496\', \'text_1:991536\', \'unit:\', \'unit_addr:0\', \'val_0:0.0\', \'val_1:1.0\', \'val_param_nr:2\'])>'
  - 组 'EPS_1_C'.EPS_SteeringAngleSpd data_type: 4 vs 0
  - 组 'EPS_1_C'.EPS_SteeringAngleSpd bit_count: 64 vs 8
  - 组 'EPS_1_C'.EPS_SteeringAngleSpd flags: 0 vs 16
  - 组 'EPS_1_C'.EPS_SteeringAngleSpd conversion: 'None' vs '<ChannelConversion (name: , unit: deg/sec, comment: , formula: , referenced blocks: {}, address: 993248, fields: [\'_cache:None\', \'a:4.0\', \'address:993248\', \'b:0.0\', \'block_len:96\', \'comment:\', \'comment_addr:0\', \'conversion_type:1\', \'flags:0\', \'formula:\', "id:b\'##CC\'", \'inv_conv_addr:0\', \'is_user_defined:False\', \'links_nr:4\', \'max_phy_value:0.0\', \'min_phy_value:0.0\', \'name:\', \'name_addr:0\', \'precision:0\', \'ref_param_nr:0\', \'referenced_blocks:{}\', \'reserved0:0\', \'unit:deg/sec\', \'unit_addr:993216\', \'val_param_nr:2\'])>'
  - 组 'EPS_1_C'.EPS_SteeringAngle data_type: 4 vs 0
  - 组 'EPS_1_C'.EPS_SteeringAngle bit_count: 64 vs 16
  - 组 'EPS_1_C'.EPS_SteeringAngle flags: 0 vs 16
  - 组 'EPS_1_C'.EPS_SteeringAngle conversion: 'None' vs '<ChannelConversion (name: , unit: deg, comment: , formula: , referenced blocks: {}, address: 993768, fields: [\'_cache:None\', \'a:0.1\', \'address:993768\', \'b:-780.0\', \'block_len:96\', \'comment:\', \'comment_addr:0\', \'conversion_type:1\', \'flags:0\', \'formula:\', "id:b\'##CC\'", \'inv_conv_addr:0\', \'is_user_defined:False\', \'links_nr:4\', \'max_phy_value:0.0\', \'min_phy_value:0.0\', \'name:\', \'name_addr:0\', \'precision:0\', \'ref_param_nr:0\', \'referenced_blocks:{}\', \'reserved0:0\', \'unit:deg\', \'unit_addr:993736\', \'val_param_nr:2\'])>'
  - 组 'EPS_1_C'.EPS_SteeringAngleVD data_type: 7 vs 0
  - 组 'EPS_1_C'.EPS_SteeringAngleVD bit_count: 64 vs 1
  - 组 'EPS_1_C'.EPS_SteeringAngleVD flags: 0 vs 16
  - 组 'EPS_1_C'.EPS_SteeringAngleVD conversion: 'None' vs '<ChannelConversion (name: , unit: , comment: , formula: , referenced blocks: {\'text_0\': b\'Not valid\', \'text_1\': b\'Valid\', \'default_addr\': b\'\'}, address: 994320, fields: [\'_cache:None\', \'address:994320\', \'block_len:120\', \'comment:\', \'comment_addr:0\', \'conversion_type:7\', \'default_addr:0\', \'flags:0\', \'formula:\', "id:b\'##CC\'", \'inv_conv_addr:0\', \'is_user_defined:False\', \'links_nr:7\', \'max_phy_value:0.0\', \'min_phy_value:0.0\', \'name:\', \'name_addr:0\', \'precision:0\', \'ref_param_nr:3\', "referenced_blocks:{\'text_0\': b\'Not valid\', \'text_1\': b\'Valid\', \'default_addr\': b\'\'}", \'reserved0:0\', \'text_0:994248\', \'text_1:994288\', \'unit:\', \'unit_addr:0\', \'val_0:0.0\', \'val_1:1.0\', \'val_param_nr:2\'])>'
  - 组 'EPS_1_C'.EPS_AssistPraSwitchToLKA data_type: 7 vs 0
  - 组 'EPS_1_C'.EPS_AssistPraSwitchToLKA bit_count: 64 vs 1
  - 组 'EPS_1_C'.EPS_AssistPraSwitchToLKA flags: 0 vs 16
  - 组 'EPS_1_C'.EPS_AssistPraSwitchToLKA conversion: 'None' vs '<ChannelConversion (name: , unit: , comment: , formula: , referenced blocks: {\'text_0\': b\'Not in LAK mode\', \'text_1\': b\'In LKA Mode\', \'default_addr\': b\'\'}, address: 994904, fields: [\'_cache:None\', \'address:994904\', \'block_len:120\', \'comment:\', \'comment_addr:0\', \'conversion_type:7\', \'default_addr:0\', \'flags:0\', \'formula:\', "id:b\'##CC\'", \'inv_conv_addr:0\', \'is_user_defined:False\', \'links_nr:7\', \'max_phy_value:0.0\', \'min_phy_value:0.0\', \'name:\', \'name_addr:0\', \'precision:0\', \'ref_param_nr:3\', "referenced_blocks:{\'text_0\': b\'Not in LAK mode\', \'text_1\': b\'In LKA Mode\', \'default_addr\': b\'\'}", \'reserved0:0\', \'text_0:994824\', \'text_1:994864\', \'unit:\', \'unit_addr:0\', \'val_0:0.0\', \'val_1:1.0\', \'val_param_nr:2\'])>'
